nom,prix,ancien_prix,remise_pct,url,image_url,site,categorie,date_scraping,en_promotion,gamme_prix,product_id
GLAMBERGET,6995.0,,0.0,https://www.ikea.com/ma/fr/p/glamberget-lit-extensible-rangement-2-matelas-pin-afjaell-mi-ferme-s09568352/,https://www.ikea.com/ma/fr/images/products/glamberget-lit-extensible-rangement-2-matelas-pin-afjaell-mi-ferme__1335916_pe947204_s5.jpg?f=xxs,ikea,Chambre Adulte,2026-06-11 18:50:53,False,Premium (4000-10k),ikea_0
PAX,10610.0,,0.0,https://www.ikea.com/ma/fr/p/pax-combinaison-armoire-blanc-s39502562/,https://www.ikea.com/ma/fr/images/products/pax-combinaison-armoire-blanc__1197539_pe903561_s5.jpg?f=xxs,ikea,Chambre Adulte,2026-06-11 18:51:57,False,Luxe (>10k),ikea_1
PAX / MEHAMN,9840.0,,0.0,https://www.ikea.com/ma/fr/p/pax-mehamn-armoire-pte-coul-gris-beige-double-face-gris-beige-s89562247/,https://www.ikea.com/ma/fr/images/products/pax-mehamn-armoire-pte-coul-gris-beige-double-face-gris-beige__1032023_pe836739_s5.jpg?f=xxs,ikea,Chambre Adulte,2026-06-11 18:51:12,False,Premium (4000-10k),ikea_3
HAUGA,2694.0,,0.0,https://www.ikea.com/ma/fr/p/hauga-mobilier-chambre-lot-de-2-blanc-s29611651/,https://www.ikea.com/ma/fr/images/products/hauga-mobilier-chambre-lot-de-2-blanc__1102078_pe866513_s5.jpg?f=xxs,ikea,Chambre Adulte,2026-06-11 18:53:28,False,Milieu (1500-4000),ikea_6
MALM,6595.0,,0.0,https://www.ikea.com/ma/fr/p/malm-cadre-lit-haut-4rgt-brun-noir-luroey-s59002441/,https://www.ikea.com/ma/fr/images/products/malm-cadre-lit-haut-4rgt-brun-noir-luroey__1154412_pe886059_s5.jpg?f=xxs,ikea,Chambre Adulte,2026-06-11 18:50:56,False,Premium (4000-10k),ikea_7
PAX / HASVIK,5840.0,,0.0,https://www.ikea.com/ma/fr/p/pax-hasvik-combinaison-armoire-blanc-blanc-s89503168/,https://www.ikea.com/ma/fr/images/products/pax-hasvik-combinaison-armoire-blanc-blanc__1190120_pe900103_s5.jpg?f=xxs,ikea,Chambre Adulte,2026-06-11 18:51:12,False,Premium (4000-10k),ikea_10
SLATTUM,1495.0,,0.0,https://www.ikea.com/ma/fr/p/slattum-cadre-de-lit-matelasse-vissle-gris-fonce-housse-de-tete-de-lit-incluse-oereryd-gris-beige-s99613487/,https://www.ikea.com/ma/fr/images/products/slattum-cadre-de-lit-matelasse-vissle-gris-fonce-housse-de-tete-de-lit-incluse-oereryd-gris-beige__1490316_pe1004123_s5.jpg?f=xxs,ikea,Chambre Adulte,2026-06-11 18:50:58,False,Économique (500-1500),ikea_11
GLADSTAD,5195.0,,0.0,https://www.ikea.com/ma/fr/p/gladstad-lit-matelasse-av-2-rangements-kabusa-gris-clair-s29406797/,https://www.ikea.com/ma/fr/images/products/gladstad-lit-matelasse-av-2-rangements-kabusa-gris-clair__1116349_pe872495_s5.jpg?f=xxs,ikea,Chambre Adulte,2026-06-11 18:50:58,False,Premium (4000-10k),ikea_13
JONAXEL,4800.0,,0.0,https://www.ikea.com/ma/fr/p/jonaxel-combinaison-de-rangement-ouverte-blanc-s19297685/,https://www.ikea.com/ma/fr/images/products/jonaxel-combinaison-de-rangement-ouverte-blanc__0703647_pe732235_s5.jpg?f=xxs,ikea,Chambre Adulte,2026-06-11 18:52:09,False,Premium (4000-10k),ikea_19
GULLABERG,12792.0,,0.0,https://www.ikea.com/ma/fr/p/gullaberg-mobilier-chambre-lot-de-4-blanc-s89618715/,https://www.ikea.com/ma/fr/images/products/gullaberg-mobilier-chambre-lot-de-4-blanc__1488512_pe1003357_s5.jpg?f=xxs,ikea,Chambre Adulte,2026-06-11 18:53:28,False,Luxe (>10k),ikea_23
PAX / GRIMO,6970.0,,0.0,https://www.ikea.com/ma/fr/p/pax-grimo-armoire-penderie-blanc-blanc-s89502791/,https://www.ikea.com/ma/fr/images/products/pax-grimo-armoire-penderie-blanc-blanc__1190160_pe900115_s5.jpg?f=xxs,ikea,Chambre Adulte,2026-06-11 18:51:12,False,Premium (4000-10k),ikea_28
GREJIG,1798.0,,0.0,https://www.ikea.com/ma/fr/p/grejig-mobilier-chambre-lot-de-2-gris-s29618006/,https://www.ikea.com/ma/fr/images/products/grejig-mobilier-chambre-lot-de-2-gris__1500541_pe1007009_s5.jpg?f=xxs,ikea,Chambre Adulte,2026-06-11 18:53:28,False,Milieu (1500-4000),ikea_38
IDANÄS,5995.0,,0.0,https://www.ikea.com/ma/fr/p/idanaes-cadre-de-lit-matelasse-gunnared-gris-fonce-90458947/,https://www.ikea.com/ma/fr/images/products/idanaes-cadre-de-lit-matelasse-gunnared-gris-fonce__0953728_pe802888_s5.jpg?f=xxs,ikea,Chambre Adulte,2026-06-11 18:50:56,False,Premium (4000-10k),ikea_54
FLEKKE,5995.0,,0.0,https://www.ikea.com/ma/fr/p/flekke-lit-banquette-2-places-structure-blanc-00320134/,https://www.ikea.com/ma/fr/images/products/flekke-lit-banquette-2-places-structure-blanc__1162510_pe889844_s5.jpg?f=xxs,ikea,Chambre Adulte,2026-06-11 18:51:02,False,Premium (4000-10k),ikea_62
BRIMNES,7298.0,,0.0,https://www.ikea.com/ma/fr/p/brimnes-mobilier-chambre-lot-de-2-blanc-s49483394/,https://www.ikea.com/ma/fr/images/products/brimnes-mobilier-chambre-lot-de-2-blanc__1119591_pe873542_s5.jpg?f=xxs,ikea,Chambre Adulte,2026-06-11 18:53:28,False,Premium (4000-10k),ikea_63
GRIMO,5000.0,,0.0,https://www.ikea.com/ma/fr/p/grimo-jeu-2-ptes-coul-blanc-80521534/,https://www.ikea.com/ma/fr/images/products/grimo-jeu-2-ptes-coul-blanc__0955137_pe803664_s5.jpg?f=xxs,ikea,Chambre Adulte,2026-06-11 18:51:54,False,Premium (4000-10k),ikea_67
GRÅFJÄLLET,1295.0,,0.0,https://www.ikea.com/ma/fr/p/grafjaellet-coiffeuse-anthracite-30570225/,https://www.ikea.com/ma/fr/images/products/grafjaellet-coiffeuse-anthracite__1327659_pe944548_s5.jpg?f=xxs,ikea,Chambre Adulte,2026-06-11 18:52:00,False,Économique (500-1500),ikea_76
VATNESTRÖM,9995.0,,0.0,https://www.ikea.com/ma/fr/p/vatnestroem-matelas-a-ressorts-ensaches-ferme-naturel-60476410/,https://www.ikea.com/ma/fr/images/products/vatnestroem-matelas-a-ressorts-ensaches-ferme-naturel__1298620_pe936249_s5.jpg?f=xxs,ikea,Chambre Adulte,2026-06-11 18:51:04,False,Premium (4000-10k),ikea_82
KLEPPSTAD,2495.0,,0.0,https://www.ikea.com/ma/fr/p/kleppstad-armoire-a-portes-coulissantes-blanc-90437238/,https://www.ikea.com/ma/fr/images/products/kleppstad-armoire-a-portes-coulissantes-blanc__0823547_pe775917_s5.jpg?f=xxs,ikea,Chambre Adulte,2026-06-11 18:52:06,False,Milieu (1500-4000),ikea_91
UTÅKER,3995.0,,0.0,https://www.ikea.com/ma/fr/p/utaker-lit-empilable-avec-2-matelas-pin-agotnes-ferme-s69428132/,https://www.ikea.com/ma/fr/images/products/utaker-lit-empilable-avec-2-matelas-pin-agotnes-ferme__1171959_pe893220_s5.jpg?f=xxs,ikea,Chambre Adulte,2026-06-11 18:51:02,False,Milieu (1500-4000),ikea_92
RAMNEFJÄLL,3995.0,,0.0,https://www.ikea.com/ma/fr/p/ramnefjaell-cadre-de-lit-matelasse-kilanda-beige-clair-luroey-s19552751/,https://www.ikea.com/ma/fr/images/products/ramnefjaell-cadre-de-lit-matelasse-kilanda-beige-clair-luroey__1258172_pe927371_s5.jpg?f=xxs,ikea,Chambre Adulte,2026-06-11 18:50:58,False,Milieu (1500-4000),ikea_95
VISTHUS,2995.0,,0.0,https://www.ikea.com/ma/fr/p/visthus-armoire-penderie-gris-blanc-70493447/,https://www.ikea.com/ma/fr/images/products/visthus-armoire-penderie-gris-blanc__0592300_pe674449_s5.jpg?f=xxs,ikea,Chambre Adulte,2026-06-11 18:52:05,False,Milieu (1500-4000),ikea_100
PAX / MEHAMN/AULI,10340.0,,0.0,https://www.ikea.com/ma/fr/p/pax-mehamn-auli-armoire-pte-coul-gris-fonce-double-face-vert-clair-miroir-s19551723/,https://www.ikea.com/ma/fr/images/products/pax-mehamn-auli-armoire-pte-coul-gris-fonce-double-face-vert-clair-miroir__1293615_pe935227_s5.jpg?f=xxs,ikea,Chambre Adulte,2026-06-11 18:52:13,False,Luxe (>10k),ikea_101
SONGESAND,4295.0,,0.0,https://www.ikea.com/ma/fr/p/songesand-cadre-de-lit-4boites-de-rangement-blanc-s29241320/,https://www.ikea.com/ma/fr/images/products/songesand-cadre-de-lit-4boites-de-rangement-blanc__1151019_pe884760_s5.jpg?f=xxs,ikea,Chambre Adulte,2026-06-11 18:50:56,False,Premium (4000-10k),ikea_103
RAKKESTAD,2495.0,,0.0,https://www.ikea.com/ma/fr/p/rakkestad-armoire-3-portes-brun-noir-70453762/,https://www.ikea.com/ma/fr/images/products/rakkestad-armoire-3-portes-brun-noir__0823987_pe776018_s5.jpg?f=xxs,ikea,Chambre Adulte,2026-06-11 18:52:05,False,Milieu (1500-4000),ikea_127
GURSKEN,5199.0,,0.0,https://www.ikea.com/ma/fr/p/gursken-mobilier-chambre-lot-de-5-beige-clair-s39417012/,https://www.ikea.com/ma/fr/images/products/gursken-mobilier-chambre-lot-de-5-beige-clair__0970603_pe811129_s5.jpg?f=xxs,ikea,Chambre Adulte,2026-06-11 18:53:28,False,Premium (4000-10k),ikea_133
RAMSTA,1999.0,,0.0,https://www.ikea.com/ma/fr/p/ramsta-structure-divan-av-sommier-a-lattes-blanc-s29179554/,https://www.ikea.com/ma/fr/images/products/ramsta-structure-divan-av-sommier-a-lattes-blanc__0442871_pe594008_s5.jpg?f=xxs,ikea,Chambre Adulte,2026-06-11 18:50:53,False,Milieu (1500-4000),ikea_152
MEHAMN,4600.0,,0.0,https://www.ikea.com/ma/fr/p/mehamn-jeu-2-ptes-coul-aluminium-double-face-bleu-s69616251/,https://www.ikea.com/ma/fr/images/products/mehamn-jeu-2-ptes-coul-aluminium-double-face-bleu__1476786_pe999016_s5.jpg?f=xxs,ikea,Chambre Adulte,2026-06-11 18:51:54,False,Premium (4000-10k),ikea_161
ALEX,2999.0,,0.0,https://www.ikea.com/ma/fr/p/alex-bureau-blanc-80483438/,https://www.ikea.com/ma/fr/images/products/alex-bureau-blanc__0977666_pe813729_s5.jpg?f=xxs,ikea,Chambre Adulte,2026-06-11 18:52:00,False,Milieu (1500-4000),ikea_170
PLÖJKER,795.0,,0.0,https://www.ikea.com/ma/fr/p/ploejker-table-de-chevet-gris-beige-80595068/,https://www.ikea.com/ma/fr/images/products/ploejker-table-de-chevet-gris-beige__1450957_pe990520_s5.jpg?f=xxs,ikea,Chambre Adulte,2026-06-11 18:51:07,False,Économique (500-1500),ikea_174
PAX / FARDAL/ÅHEIM,6140.0,,0.0,https://www.ikea.com/ma/fr/p/pax-fardal-aheim-armoire-dangle-brillant-blanc-miroir-s19502657/,https://www.ikea.com/ma/fr/images/products/pax-fardal-aheim-armoire-dangle-brillant-blanc-miroir__1389423_pe965209_s5.jpg?f=xxs,ikea,Chambre Adulte,2026-06-11 18:51:12,False,Premium (4000-10k),ikea_183
NORDKISA,1995.0,,0.0,https://www.ikea.com/ma/fr/p/nordkisa-coiffeuse-bambou-20439472/,https://www.ikea.com/ma/fr/images/products/nordkisa-coiffeuse-bambou__0756073_pe748752_s5.jpg?f=xxs,ikea,Chambre Adulte,2026-06-11 18:52:00,False,Milieu (1500-4000),ikea_192
RÅDMANSÖ,1995.0,,0.0,https://www.ikea.com/ma/fr/p/radmansoe-commode-3-tiroirs-brun-motif-noyer-20593604/,https://www.ikea.com/ma/fr/images/products/radmansoe-commode-3-tiroirs-brun-motif-noyer__1384138_pe962857_s5.jpg?f=xxs,ikea,Chambre Adulte,2026-06-11 18:51:09,False,Milieu (1500-4000),ikea_239
SLÄKT,1699.0,,0.0,https://www.ikea.com/ma/fr/p/slaekt-cadre-de-lit-avec-sommier-a-lattes-blanc-s79227755/,https://www.ikea.com/ma/fr/images/products/slaekt-cadre-de-lit-avec-sommier-a-lattes-blanc__0637774_pe698536_s5.jpg?f=xxs,ikea,Chambre Adulte,2026-06-11 18:50:53,False,Milieu (1500-4000),ikea_245
HASVIK,3500.0,,0.0,https://www.ikea.com/ma/fr/p/hasvik-jeu-2-ptes-coul-effet-chene-blanchi-70521563/,https://www.ikea.com/ma/fr/images/products/hasvik-jeu-2-ptes-coul-effet-chene-blanchi__0703783_pe724847_s5.jpg?f=xxs,ikea,Chambre Adulte,2026-06-11 18:51:54,False,Milieu (1500-4000),ikea_251
TÄLLÅSEN,4295.0,,0.0,https://www.ikea.com/ma/fr/p/taellasen-cadre-de-lit-matelasse-kulsta-gris-vert-luroey-s89514751/,https://www.ikea.com/ma/fr/images/products/taellasen-cadre-de-lit-matelasse-kulsta-gris-vert-luroey__1198828_pe904232_s5.jpg?f=xxs,ikea,Chambre Adulte,2026-06-11 18:50:58,False,Premium (4000-10k),ikea_263
LASTARE,1480.0,,0.0,https://www.ikea.com/ma/fr/p/lastare-combinaison-armoire-blanc-s89602875/,https://www.ikea.com/ma/fr/images/products/lastare-combinaison-armoire-blanc__1472945_pe997623_s5.jpg?f=xxs,ikea,Chambre Adulte,2026-06-11 18:52:02,False,Économique (500-1500),ikea_265
KILBERGET,2699.0,,0.0,https://www.ikea.com/ma/fr/p/kilberget-commode-6-tiroirs-blanc-20609916/,https://www.ikea.com/ma/fr/images/products/kilberget-commode-6-tiroirs-blanc__1283566_pe932527_s5.jpg?f=xxs,ikea,Chambre Adulte,2026-06-11 18:51:09,False,Milieu (1500-4000),ikea_271
NÄSFJÄLLET,699.0,,0.0,https://www.ikea.com/ma/fr/p/naesfjaellet-surmatelas-blanc-90558046/,https://www.ikea.com/ma/fr/images/products/naesfjaellet-surmatelas-blanc__1257455_pe925832_s5.jpg?f=xxs,ikea,Chambre Adulte,2026-06-11 18:51:04,False,Économique (500-1500),ikea_275
KRONÖREN,999.0,,0.0,https://www.ikea.com/ma/fr/p/kronoeren-armoire-ouverte-pin-40610805/,https://www.ikea.com/ma/fr/images/products/kronoeren-armoire-ouverte-pin__1486666_pe1002500_s5.jpg?f=xxs,ikea,Chambre Adulte,2026-06-11 18:52:09,False,Économique (500-1500),ikea_281
OMAR,3180.0,,0.0,https://www.ikea.com/ma/fr/p/omar-etagere-avec-tringle-acier-zingue-s59487688/,https://www.ikea.com/ma/fr/images/products/omar-etagere-avec-tringle-acier-zingue__1137679_pe879663_s5.jpg?f=xxs,ikea,Chambre Adulte,2026-06-11 18:52:09,False,Milieu (1500-4000),ikea_290
GLADOM,249.0,,0.0,https://www.ikea.com/ma/fr/p/gladom-table-plateau-noir-50411990/,https://www.ikea.com/ma/fr/images/products/gladom-table-plateau-noir__0567223_pe664991_s5.jpg?f=xxs,ikea,Chambre Adulte,2026-06-11 18:51:07,False,Entrée (<500),ikea_296
VESTERÖY,3995.0,,0.0,https://www.ikea.com/ma/fr/p/vesteroey-matelas-a-ressorts-ensaches-ferme-bleu-clair-40450618/,https://www.ikea.com/ma/fr/images/products/vesteroey-matelas-a-ressorts-ensaches-ferme-bleu-clair__1150852_pe884907_s5.jpg?f=xxs,ikea,Chambre Adulte,2026-06-11 18:51:04,False,Milieu (1500-4000),ikea_300
BLÄSTÅSEN,849.0,,0.0,https://www.ikea.com/ma/fr/p/blaestasen-table-de-chevet-blanc-00595067/,https://www.ikea.com/ma/fr/images/products/blaestasen-table-de-chevet-blanc__1450962_pe990525_s5.jpg?f=xxs,ikea,Chambre Adulte,2026-06-11 18:51:07,False,Économique (500-1500),ikea_305
SUNDVIK,3799.0,,0.0,https://www.ikea.com/ma/fr/p/sundvik-armoire-gris-50494264/,https://www.ikea.com/ma/fr/images/products/sundvik-armoire-gris__0977367_pe813556_s5.jpg?f=xxs,ikea,Chambre Adulte,2026-06-11 18:52:11,False,Milieu (1500-4000),ikea_306
TÄRNKULLEN,3695.0,,0.0,https://www.ikea.com/ma/fr/p/taernkullen-cadre-de-lit-matelasse-vissle-beige-luroey-s79564360/,https://www.ikea.com/ma/fr/images/products/taernkullen-cadre-de-lit-matelasse-vissle-beige-luroey__1323523_pe942742_s5.jpg?f=xxs,ikea,Chambre Adulte,2026-06-11 18:50:56,False,Milieu (1500-4000),ikea_312
PAX / BERGSBO,6080.0,,0.0,https://www.ikea.com/ma/fr/p/pax-bergsbo-combinaison-armoire-s39568204/,https://www.ikea.com/ma/fr/images/products/pax-bergsbo-combinaison-armoire__1162328_pe889763_s5.jpg?f=xxs,ikea,Chambre Adulte,2026-06-11 18:52:13,False,Premium (4000-10k),ikea_323
SAGESUND,7295.0,,0.0,https://www.ikea.com/ma/fr/p/sagesund-cadre-de-lit-matelasse-graesbo-blanc-loenset-s89502692/,https://www.ikea.com/ma/fr/images/products/sagesund-cadre-de-lit-matelasse-graesbo-blanc-loenset__1193863_pe902232_s5.jpg?f=xxs,ikea,Chambre Adulte,2026-06-11 18:50:58,False,Premium (4000-10k),ikea_328
SKYTTA / PAX,16060.0,,0.0,https://www.ikea.com/ma/fr/p/skytta-pax-dressing-avec-portes-coulissantes-noir-gris-fonce-mehamn-vert-clair-s89552502/,https://www.ikea.com/ma/fr/images/products/skytta-pax-dressing-avec-portes-coulissantes-noir-gris-fonce-mehamn-vert-clair__1294598_pe935520_s5.jpg?f=xxs,ikea,Chambre Adulte,2026-06-11 18:52:06,False,Luxe (>10k),ikea_361
ÅNNELAND,7795.0,,0.0,https://www.ikea.com/ma/fr/p/anneland-matelas-hybride-ferme-blanc-70511111/,https://www.ikea.com/ma/fr/images/products/anneland-matelas-hybride-ferme-blanc__1015263_pe829963_s5.jpg?f=xxs,ikea,Chambre Adulte,2026-06-11 18:51:04,False,Premium (4000-10k),ikea_371
PAX / AULI,8270.0,,0.0,https://www.ikea.com/ma/fr/p/pax-auli-armoire-pte-coul-blanc-miroir-s59561305/,https://www.ikea.com/ma/fr/images/products/pax-auli-armoire-pte-coul-blanc-miroir__1150965_pe884693_s5.jpg?f=xxs,ikea,Chambre Adulte,2026-06-11 18:52:13,False,Premium (4000-10k),ikea_379
KNARREVIK,229.0,,0.0,https://www.ikea.com/ma/fr/p/knarrevik-table-chevet-noir-20569977/,https://www.ikea.com/ma/fr/images/products/knarrevik-table-chevet-noir__1255278_pe924478_s5.jpg?f=xxs,ikea,Chambre Adulte,2026-06-11 18:51:07,False,Entrée (<500),ikea_385
VITARNA,2895.0,,0.0,https://www.ikea.com/ma/fr/p/vitarna-structure-lit-a-baldaquin-blanc-60573680/,https://www.ikea.com/ma/fr/images/products/vitarna-structure-lit-a-baldaquin-blanc__1339949_pe948465_s5.jpg?f=xxs,ikea,Chambre Adulte,2026-06-11 18:50:56,False,Milieu (1500-4000),ikea_394
PAX / FORSAND/ÅHEIM,4700.0,,0.0,https://www.ikea.com/ma/fr/p/pax-forsand-aheim-combinaison-armoire-blanc-blanc-miroir-s89621256/,https://www.ikea.com/ma/fr/images/products/pax-forsand-aheim-combinaison-armoire-blanc-blanc-miroir__1512413_pe1010344_s5.jpg?f=xxs,ikea,Chambre Adulte,2026-06-11 18:52:13,False,Premium (4000-10k),ikea_399
NISSEHOLM,1795.0,,0.0,https://www.ikea.com/ma/fr/p/nisseholm-surmatelas-blanc-00558404/,https://www.ikea.com/ma/fr/images/products/nisseholm-surmatelas-blanc__1257456_pe925828_s5.jpg?f=xxs,ikea,Chambre Adulte,2026-06-11 18:51:04,False,Milieu (1500-4000),ikea_405
AULI / MEHAMN,5050.0,,0.0,https://www.ikea.com/ma/fr/p/auli-mehamn-jeu-2-ptes-coul-aluminium-miroir-double-face-motif-chene-s99615801/,https://www.ikea.com/ma/fr/images/products/auli-mehamn-jeu-2-ptes-coul-aluminium-miroir-double-face-motif-chene__1476802_pe999030_s5.jpg?f=xxs,ikea,Chambre Adulte,2026-06-11 18:51:54,False,Premium (4000-10k),ikea_408
TUFJORD,7599.0,,0.0,https://www.ikea.com/ma/fr/p/tufjord-cadre-de-lit-matelasse-tallmyra-bleu-noir-luroey-s99555294/,https://www.ikea.com/ma/fr/images/products/tufjord-cadre-de-lit-matelasse-tallmyra-bleu-noir-luroey__1259492_pe926697_s5.jpg?f=xxs,ikea,Chambre Adulte,2026-06-11 18:50:56,False,Premium (4000-10k),ikea_415
KOPPANG,1595.0,,0.0,https://www.ikea.com/ma/fr/p/koppang-commode-3-tiroirs-blanc-10385950/,https://www.ikea.com/ma/fr/images/products/koppang-commode-3-tiroirs-blanc__0651169_pe706781_s5.jpg?f=xxs,ikea,Chambre Adulte,2026-06-11 18:51:09,False,Milieu (1500-4000),ikea_419
JÄTTETRÖTT,949.0,,0.0,https://www.ikea.com/ma/fr/p/jaettetroett-matelas-ressorts-ensaches-lit-bebe-blanc-10593398/,https://www.ikea.com/ma/fr/images/products/jaettetroett-matelas-ressorts-ensaches-lit-bebe-blanc__1451267_pe990656_s5.jpg?f=xxs,ikea,Chambre Adulte,2026-06-11 18:51:04,False,Économique (500-1500),ikea_438
VÅGSTRANDA,5995.0,,0.0,https://www.ikea.com/ma/fr/p/vagstranda-matelas-a-ressorts-ensaches-extra-ferme-bleu-clair-80470370/,https://www.ikea.com/ma/fr/images/products/vagstranda-matelas-a-ressorts-ensaches-extra-ferme-bleu-clair__1150860_pe884902_s5.jpg?f=xxs,ikea,Chambre Adulte,2026-06-11 18:51:04,False,Premium (4000-10k),ikea_442
VILHATTEN,3495.0,,0.0,https://www.ikea.com/ma/fr/p/vilhatten-penderie-avec-2-portes-et-2-tiroirs-motif-chene-70530609/,https://www.ikea.com/ma/fr/images/products/vilhatten-penderie-avec-2-portes-et-2-tiroirs-motif-chene__1163155_pe890133_s5.jpg?f=xxs,ikea,Chambre Adulte,2026-06-11 18:52:16,False,Milieu (1500-4000),ikea_446
STOMSÖ,495.0,,0.0,https://www.ikea.com/ma/fr/p/stomsoe-table-de-chevet-a-fixer-au-mur-motif-bouleau-blanc-bleu-70567805/,https://www.ikea.com/ma/fr/images/products/stomsoe-table-de-chevet-a-fixer-au-mur-motif-bouleau-blanc-bleu__1270836_pe929403_s5.jpg?f=xxs,ikea,Chambre Adulte,2026-06-11 18:51:07,False,Entrée (<500),ikea_454
ÅBYGDA,1999.0,,0.0,https://www.ikea.com/ma/fr/p/abygda-matelas-en-mousse-ferme-blanc-50481488/,https://www.ikea.com/ma/fr/images/products/abygda-matelas-en-mousse-ferme-blanc__1015274_pe829966_s5.jpg?f=xxs,ikea,Chambre Adulte,2026-06-11 18:51:04,False,Milieu (1500-4000),ikea_480
LÄNGDHOPP,1499.0,,0.0,https://www.ikea.com/ma/fr/p/laengdhopp-bureau-coulissant-blanc-30587080/,https://www.ikea.com/ma/fr/images/products/laengdhopp-bureau-coulissant-blanc__1503658_pe1007941_s5.jpg?f=xxs,ikea,Chambre Adulte,2026-06-11 18:52:00,False,Économique (500-1500),ikea_496
SYVDE,1895.0,,0.0,https://www.ikea.com/ma/fr/p/syvde-coiffeuse-blanc-80430746/,https://www.ikea.com/ma/fr/images/products/syvde-coiffeuse-blanc__0747849_pe753575_s5.jpg?f=xxs,ikea,Chambre Adulte,2026-06-11 18:52:00,False,Milieu (1500-4000),ikea_498
BOAXEL,1100.0,,0.0,https://www.ikea.com/ma/fr/p/boaxel-combinaison-armoire-blanc-s49332357/,https://www.ikea.com/ma/fr/images/products/boaxel-combinaison-armoire-blanc__0802040_pe770054_s5.jpg?f=xxs,ikea,Chambre Adulte,2026-06-11 18:52:09,False,Économique (500-1500),ikea_500
NÄSTABERG,2995.0,,0.0,https://www.ikea.com/ma/fr/p/naestaberg-surmatelas-blanc-30559628/,https://www.ikea.com/ma/fr/images/products/naestaberg-surmatelas-blanc__1271188_pe929421_s5.jpg?f=xxs,ikea,Chambre Adulte,2026-06-11 18:51:04,False,Milieu (1500-4000),ikea_526
UNDERLIG,799.0,,0.0,https://www.ikea.com/ma/fr/p/underlig-matelas-mousse-pour-lit-enfant-blanc-60593758/,https://www.ikea.com/ma/fr/images/products/underlig-matelas-mousse-pour-lit-enfant-blanc__1451331_pe990688_s5.jpg?f=xxs,ikea,Chambre Adulte,2026-06-11 18:51:04,False,Économique (500-1500),ikea_538
PAX / ÅHEIM,2810.0,,0.0,https://www.ikea.com/ma/fr/p/pax-aheim-combinaison-armoire-blanc-miroir-s49502321/,https://www.ikea.com/ma/fr/images/products/pax-aheim-combinaison-armoire-blanc-miroir__1196800_pe903210_s5.jpg?f=xxs,ikea,Chambre Adulte,2026-06-11 18:52:13,False,Milieu (1500-4000),ikea_549
ÖMSINT,1995.0,,0.0,https://www.ikea.com/ma/fr/p/oemsint-matelas-ressorts-ensaches-lit-app-10593751/,https://www.ikea.com/ma/fr/images/products/oemsint-matelas-ressorts-ensaches-lit-app__1451398_pe990716_s5.jpg?f=xxs,ikea,Chambre Adulte,2026-06-11 18:51:04,False,Milieu (1500-4000),ikea_557
KULLEN,1399.0,,0.0,https://www.ikea.com/ma/fr/p/kullen-commode-5-tiroirs-blanc-20393662/,https://www.ikea.com/ma/fr/images/products/kullen-commode-5-tiroirs-blanc__0393316_pe562524_s5.jpg?f=xxs,ikea,Chambre Adulte,2026-06-11 18:51:09,False,Économique (500-1500),ikea_628
ÅKREHAMN,5395.0,,0.0,https://www.ikea.com/ma/fr/p/akrehamn-matelas-en-mousse-mi-ferme-blanc-60481652/,https://www.ikea.com/ma/fr/images/products/akrehamn-matelas-en-mousse-mi-ferme-blanc__1015271_pe829965_s5.jpg?f=xxs,ikea,Chambre Adulte,2026-06-11 18:51:04,False,Premium (4000-10k),ikea_638
PAX / FORSAND,4740.0,,0.0,https://www.ikea.com/ma/fr/p/pax-forsand-armoire-dangle-blanc-blanc-s39600044/,https://www.ikea.com/ma/fr/images/products/pax-forsand-armoire-dangle-blanc-blanc__1445799_pe988394_s5.jpg?f=xxs,ikea,Chambre Adulte,2026-06-11 18:51:12,False,Premium (4000-10k),ikea_645
NEIDEN,799.0,,0.0,https://www.ikea.com/ma/fr/p/neiden-cadre-de-lit-pin-70395239/,https://www.ikea.com/ma/fr/images/products/neiden-cadre-de-lit-pin__0749131_pe745500_s5.jpg?f=xxs,ikea,Chambre Adulte,2026-06-11 18:50:56,False,Économique (500-1500),ikea_672
BJÖRNÖYA,5700.0,,0.0,https://www.ikea.com/ma/fr/p/bjoernoeya-jeu-2-ptes-coul-gris-effet-teinte-s89439691/,https://www.ikea.com/ma/fr/images/products/bjoernoeya-jeu-2-ptes-coul-gris-effet-teinte__0833325_pe778037_s5.jpg?f=xxs,ikea,Chambre Adulte,2026-06-11 18:51:54,False,Premium (4000-10k),ikea_694
VESTMARKA,2795.0,,0.0,https://www.ikea.com/ma/fr/p/vestmarka-matelas-a-ressorts-ferme-bleu-clair-10451290/,https://www.ikea.com/ma/fr/images/products/vestmarka-matelas-a-ressorts-ferme-bleu-clair__1150828_pe884909_s5.jpg?f=xxs,ikea,Chambre Adulte,2026-06-11 18:51:04,False,Milieu (1500-4000),ikea_695
SKÖNAST,1195.0,,0.0,https://www.ikea.com/ma/fr/p/skoenast-matelas-mousse-pour-lit-bebe-10593586/,https://www.ikea.com/ma/fr/images/products/skoenast-matelas-mousse-pour-lit-bebe__1451304_pe990672_s5.jpg?f=xxs,ikea,Chambre Adulte,2026-06-11 18:51:04,False,Économique (500-1500),ikea_712
TÅNEBRO,349.0,,0.0,https://www.ikea.com/ma/fr/p/tanebro-table-dappoint-interieur-exterieur-anthracite-60578970/,https://www.ikea.com/ma/fr/images/products/tanebro-table-dappoint-interieur-exterieur-anthracite__1298329_pe936207_s5.jpg?f=xxs,ikea,Chambre Adulte,2026-06-11 18:51:07,False,Entrée (<500),ikea_737
AULI,5700.0,,0.0,https://www.ikea.com/ma/fr/p/auli-jeu-2-ptes-coul-miroir-s99560281/,https://www.ikea.com/ma/fr/images/products/auli-jeu-2-ptes-coul-miroir__0640306_pe699693_s5.jpg?f=xxs,ikea,Chambre Adulte,2026-06-11 18:51:54,False,Premium (4000-10k),ikea_740
VADSÖ,1695.0,,0.0,https://www.ikea.com/ma/fr/p/vadsoe-matelas-a-ressorts-extra-ferme-bleu-clair-90453582/,https://www.ikea.com/ma/fr/images/products/vadsoe-matelas-a-ressorts-extra-ferme-bleu-clair__1077761_pe856998_s5.jpg?f=xxs,ikea,Chambre Adulte,2026-06-11 18:51:04,False,Milieu (1500-4000),ikea_751
VUKU,249.0,,0.0,https://www.ikea.com/ma/fr/p/vuku-armoire-penderie-blanc-80331973/,https://www.ikea.com/ma/fr/images/products/vuku-armoire-penderie-blanc__0498088_pe629449_s5.jpg?f=xxs,ikea,Chambre Adulte,2026-06-11 18:52:16,False,Entrée (<500),ikea_752
SMYGA,3699.0,,0.0,https://www.ikea.com/ma/fr/p/smyga-cadre-de-lit-gris-clair-60480780/,https://www.ikea.com/ma/fr/images/products/smyga-cadre-de-lit-gris-clair__1287527_pe933930_s5.jpg?f=xxs,ikea,Chambre Adulte,2026-06-11 18:50:53,False,Milieu (1500-4000),ikea_766
PELLEPLUTT,399.0,,0.0,https://www.ikea.com/ma/fr/p/pelleplutt-matelas-mousse-pour-lit-bebe-80593578/,https://www.ikea.com/ma/fr/images/products/pelleplutt-matelas-mousse-pour-lit-bebe__1451291_pe990667_s5.jpg?f=xxs,ikea,Chambre Adulte,2026-06-11 18:51:04,False,Entrée (<500),ikea_777
STJÄRNÖ / GRÅFJÄLLET,4793.0,,0.0,https://www.ikea.com/ma/fr/p/stjaernoe-grafjaellet-mobilier-chambre-lot-de-3-anthracite-s59577636/,https://www.ikea.com/ma/fr/images/products/stjaernoe-grafjaellet-mobilier-chambre-lot-de-3-anthracite__1370862_pe959019_s5.jpg?f=xxs,ikea,Chambre Adulte,2026-06-11 18:53:28,False,Premium (4000-10k),ikea_808
VANNAREID,1750.0,,0.0,https://www.ikea.com/ma/fr/p/vannareid-matelas-a-ressorts-ensaches-extra-ferme-beige-70486729/,https://www.ikea.com/ma/fr/images/products/vannareid-matelas-a-ressorts-ensaches-extra-ferme-beige__0962751_pe817171_s5.jpg?f=xxs,ikea,Chambre Adulte,2026-06-11 18:51:04,False,Milieu (1500-4000),ikea_824
ÅFJÄLL,1295.0,,0.0,https://www.ikea.com/ma/fr/p/afjaell-matelas-en-mousse-mi-ferme-blanc-40568646/,https://www.ikea.com/ma/fr/images/products/afjaell-matelas-en-mousse-mi-ferme-blanc__0986620_pe818094_s5.jpg?f=xxs,ikea,Chambre Adulte,2026-06-11 18:51:04,False,Économique (500-1500),ikea_837
ÅGOTNES,500.0,,0.0,https://www.ikea.com/ma/fr/p/agotnes-matelas-en-mousse-ferme-bleu-clair-10480853/,https://www.ikea.com/ma/fr/images/products/agotnes-matelas-en-mousse-ferme-bleu-clair__0986609_pe818096_s5.jpg?f=xxs,ikea,Chambre Adulte,2026-06-11 18:51:04,False,Entrée (<500),ikea_847
ÄLSKVÄRD,279.0,,0.0,https://www.ikea.com/ma/fr/p/aelskvaerd-matelas-pour-berceau-40515422/,https://www.ikea.com/ma/fr/images/products/aelskvaerd-matelas-pour-berceau__1054881_pe847907_s5.jpg?f=xxs,ikea,Chambre Adulte,2026-06-11 18:51:04,False,Entrée (<500),ikea_848
VALEVÅG,3999.0,,0.0,https://www.ikea.com/ma/fr/p/valevag-matelas-a-ressorts-ensaches-extra-ferme-bleu-clair-20469949/,https://www.ikea.com/ma/fr/images/products/valevag-matelas-a-ressorts-ensaches-extra-ferme-bleu-clair__1150857_pe884903_s5.jpg?f=xxs,ikea,Chambre Adulte,2026-06-11 18:51:04,False,Milieu (1500-4000),ikea_864
VEVELSTAD,1995.0,,0.0,https://www.ikea.com/ma/fr/p/vevelstad-cadre-de-lit-blanc-80506388/,https://www.ikea.com/ma/fr/images/products/vevelstad-cadre-de-lit-blanc__1035358_pe840534_s5.jpg?f=xxs,ikea,Chambre Adulte,2026-06-11 18:50:56,False,Milieu (1500-4000),ikea_867
RAST,999.0,,0.0,https://www.ikea.com/ma/fr/p/rast-commode-3-tiroirs-pin-20609860/,https://www.ikea.com/ma/fr/images/products/rast-commode-3-tiroirs-pin__1456952_pe992539_s5.jpg?f=xxs,ikea,Chambre Adulte,2026-06-11 18:51:09,False,Économique (500-1500),ikea_872
SALIDOR Matelas Dorsotopia (90x190) -  En ressort  et mousse haute qualité,1924.5,2566.0,25.0,https://www.jumia.ma/salidor-matelas-dorsotopia-90x190-en-ressort-et-mousse-haute-qualite-67644494.html,https://ma.jumia.is/unsafe/fit-in/300x300/filters:fill(white)/product/49/444676/1.jpg?4998,jumia,Chambre Adulte,2026-06-11 18:51:22,True,Milieu (1500-4000),jumia_903
table de chevet flottante moderne avec tiroir 40*30*30,449.1,650.0,31.0,https://www.jumia.ma/generic-table-de-chevet-flottante-moderne-avec-tiroir-403030-67253030.html,https://ma.jumia.is/unsafe/fit-in/300x300/filters:fill(white)/product/03/035276/1.jpg?7636,jumia,Chambre Adulte,2026-06-11 18:51:52,True,Entrée (<500),jumia_909
Innoflex ENIA ORIGIN 140*190,3490.0,4490.0,22.0,https://www.jumia.ma/innoflex-enia-origin-140190-67433872.html,https://ma.jumia.is/unsafe/fit-in/300x300/filters:fill(white)/product/27/833476/1.jpg?1856,jumia,Chambre Adulte,2026-06-11 18:50:50,True,Milieu (1500-4000),jumia_916
"Kitea Table de Chevet 2 Tiroirs Pepe – 40×40,25×42,3cm – Chêne et Blanc",595.0,,0.0,https://www.jumia.ma/kitea-table-de-chevet-2-tiroirs-pepe-404025423cm-chene-et-blanc-67987964.html,https://ma.jumia.is/unsafe/fit-in/300x300/filters:fill(white)/product/46/978976/1.jpg?2990,jumia,Chambre Adulte,2026-06-11 18:52:17,False,Économique (500-1500),jumia_918
one bed Le Matelas OneBed Hybrid,2890.0,3200.0,10.0,https://www.jumia.ma/one-bed-le-matelas-onebed-hybrid-66213128.html,https://ma.jumia.is/unsafe/fit-in/300x300/filters:fill(white)/product/82/131266/1.jpg?8448,jumia,Chambre Adulte,2026-06-11 18:50:59,True,Milieu (1500-4000),jumia_919
Kitea TABLE DE CHEVET DROITE LYON 1 TIROIR Et 1 NICHE - Blanc,990.0,,0.0,https://www.jumia.ma/kitea-table-de-chevet-droite-lyon-1-tiroir-et-1-niche-blanc-67205988.html,https://ma.jumia.is/unsafe/fit-in/300x300/filters:fill(white)/product/88/950276/1.jpg?0689,jumia,Chambre Adulte,2026-06-11 18:52:07,False,Économique (500-1500),jumia_925
Table Basse Moderne en Bois et Métal – Table d’Appoint Design pour Salon (multicouleur aléatoire),159.0,289.0,45.0,https://www.jumia.ma/generic-table-basse-moderne-en-bois-et-metal-table-dappoint-design-pour-salon-multicouleur-aleatoire-67885180.html,https://ma.jumia.is/unsafe/fit-in/300x300/filters:fill(white)/product/08/158876/1.jpg?0329,jumia,Chambre Adulte,2026-06-11 18:52:11,True,Entrée (<500),jumia_926
Tables de Chevet 2 pcs,1799.0,,0.0,https://www.jumia.ma/generic-tables-de-chevet-2-pcs-62172825.html,https://ma.jumia.is/unsafe/fit-in/300x300/filters:fill(white)/product/52/827126/1.jpg?4770,jumia,Chambre Adulte,2026-06-11 18:52:00,False,Milieu (1500-4000),jumia_928
SALIDOR Matelas Energia (160x190 cm) - En mousse haute qualité,2658.0,3544.0,25.0,https://www.jumia.ma/salidor-matelas-energia-160x190-cm-en-mousse-haute-qualite-67644477.html,https://ma.jumia.is/unsafe/fit-in/300x300/filters:fill(white)/product/77/444676/1.jpg?4983,jumia,Chambre Adulte,2026-06-11 18:51:39,True,Milieu (1500-4000),jumia_930
Table de nuit Lumières LED avec 2 tiroirs pour chambre,899.0,1200.0,25.0,https://www.jumia.ma/generic-table-de-nuit-lumieres-led-avec-2-tiroirs-pour-chambre-67177071.html,https://ma.jumia.is/unsafe/fit-in/300x300/filters:fill(white)/product/17/077176/1.jpg?0820,jumia,Chambre Adulte,2026-06-11 18:52:00,True,Économique (500-1500),jumia_935
Canapé Gonflable Paresseux avec Repose-Pieds – Ultra Confort pour Chambre & Salon,268.0,299.0,10.0,https://www.jumia.ma/generic-canape-gonflable-paresseux-avec-repose-pieds-ultra-confort-pour-chambre-salon-67917052.html,https://ma.jumia.is/unsafe/fit-in/300x300/filters:fill(white)/product/25/071976/1.jpg?4883,jumia,Chambre Adulte,2026-06-11 18:52:17,True,Entrée (<500),jumia_937
SALIDOR Matelas Orthodorsal (90x190 cm) - En ressort  et mousse haute qualité,1536.0,2048.0,25.0,https://www.jumia.ma/salidor-matelas-orthodorsal-90x190-cm-en-ressort-et-mousse-haute-qualite-67644481.html,https://ma.jumia.is/unsafe/fit-in/300x300/filters:fill(white)/product/18/444676/1.jpg?4986,jumia,Chambre Adulte,2026-06-11 18:50:40,True,Milieu (1500-4000),jumia_943
Afer Table de chevet moderne scandinav,999.0,,0.0,https://www.jumia.ma/afer-table-de-chevet-moderne-scandinav-40819273.html,https://ma.jumia.is/unsafe/fit-in/300x300/filters:fill(white)/product/37/291804/1.jpg?9508,jumia,Chambre Adulte,2026-06-11 18:52:00,False,Économique (500-1500),jumia_944
SALIDOR Matelas Dorsoligne (160x190 cm) - En mousse haute qualité,3112.5,4150.0,25.0,https://www.jumia.ma/salidor-matelas-dorsoligne-160x190-cm-en-mousse-haute-qualite-67644487.html,https://ma.jumia.is/unsafe/fit-in/300x300/filters:fill(white)/product/78/444676/1.jpg?4992,jumia,Chambre Adulte,2026-06-11 18:52:00,True,Milieu (1500-4000),jumia_946
Kitea Coiffeuse SWEET Avec 5 Tiroirs Pivotants + Led - Blanc / Chêne,3490.0,,0.0,https://www.jumia.ma/kitea-coiffeuse-sweet-avec-5-tiroirs-pivotants-led-blanc-chene-64690282.html,https://ma.jumia.is/unsafe/fit-in/300x300/filters:fill(white)/product/28/209646/1.jpg?6065,jumia,Chambre Adulte,2026-06-11 18:51:46,False,Milieu (1500-4000),jumia_950
"Table de nuit flottante,étagère de chevet murale noir",233.1,359.0,35.0,https://www.jumia.ma/table-de-nuit-flottanteetagere-de-chevet-murale-noir-generic-mpg1514642.html,https://ma.jumia.is/unsafe/fit-in/300x300/filters:fill(white)/product/57/933566/1.jpg?0184,jumia,Chambre Adulte,2026-06-11 18:50:50,True,Entrée (<500),jumia_957
Kitea Elément Haut DAVINCI BRERA Avec 2 Portes -noyer,3999.0,,0.0,https://www.jumia.ma/kitea-element-haut-davinci-brera-avec-2-portes-noyer-67400658.html,https://ma.jumia.is/unsafe/fit-in/300x300/filters:fill(white)/product/85/600476/1.jpg?6267,jumia,Chambre Adulte,2026-06-11 18:51:52,False,Milieu (1500-4000),jumia_962
"SECHOIR SOUS VETEMENT Porte-chaussettes coupe-vent en alliage d'aluminium, 36 clips, cintre pour serviettes, chaussettes, vêtements, étendoir, organisateur de garde-robe, coupe-vent, léger et luxueux",170.0,230.0,26.0,https://www.jumia.ma/generic-sechoir-sous-vetement-porte-chaussettes-coupe-vent-en-alliage-daluminium-36-clips-cintre-pour-serviettes-chaussettes-vetements-etendoir-organisateur-de-garde-robe-coupe-vent-leger-et-luxueux-67058545.html,https://ma.jumia.is/unsafe/fit-in/300x300/filters:fill(white)/product/54/585076/1.jpg?3341,jumia,Chambre Adulte,2026-06-11 18:51:30,True,Entrée (<500),jumia_973
Table de chevet avec tiroir Table de chambre à coucher étroite Table de bout solide,579.0,659.0,12.0,https://www.jumia.ma/generic-table-de-chevet-avec-tiroir-table-de-chambre-a-coucher-etroite-table-de-bout-solide-65971145.html,https://ma.jumia.is/unsafe/fit-in/300x300/filters:fill(white)/product/54/117956/1.jpg?0125,jumia,Chambre Adulte,2026-06-11 18:51:13,True,Économique (500-1500),jumia_977
Table de chevet en bois fait main avec tiroir Table de chevet pour chambre minimaliste 51 x 45 x 38 cm,650.0,750.0,13.0,https://www.jumia.ma/generic-table-de-chevet-en-bois-fait-main-avec-tiroir-table-de-chevet-pour-chambre-minimaliste-51-x-45-x-38-cm-67756024.html,https://ma.jumia.is/unsafe/fit-in/300x300/filters:fill(white)/product/42/065776/1.jpg?3477,jumia,Chambre Adulte,2026-06-11 18:51:46,True,Économique (500-1500),jumia_979
Table de chevet blanc avec LED,799.0,,0.0,https://www.jumia.ma/generic-table-de-chevet-blanc-avec-led-65951254.html,https://ma.jumia.is/unsafe/fit-in/300x300/filters:fill(white)/product/45/215956/1.jpg?4551,jumia,Chambre Adulte,2026-06-11 18:51:13,False,Économique (500-1500),jumia_984
Set de 2 Mini commodes à deux tiroirs multifonctionnel en plastique. Couleurs aléatoires.,34.0,49.0,31.0,https://www.jumia.ma/generic-set-de-2-mini-commodes-a-deux-tiroirs-multifonctionnel-en-plastique.-couleurs-aleatoires.-67177871.html,https://ma.jumia.is/unsafe/fit-in/300x300/filters:fill(white)/product/17/877176/1.jpg?8215,jumia,Chambre Adulte,2026-06-11 18:50:59,True,Entrée (<500),jumia_988
Kitea Commode VERTIGO Avec 3 Tiroirs - Chêne Gris / Blanc,4490.0,,0.0,https://www.jumia.ma/kitea-commode-vertigo-avec-3-tiroirs-chene-gris-blanc-63344450.html,https://ma.jumia.is/unsafe/fit-in/300x300/filters:fill(white)/product/05/444336/1.jpg?9899,jumia,Chambre Adulte,2026-06-11 18:51:22,False,Premium (4000-10k),jumia_1007
Kitea Lit Holten 180X200Cm - Blanc / Chêne,3950.0,5190.0,24.0,https://www.jumia.ma/kitea-lit-holten-180x200cm-blanc-chene-67467017.html,https://ma.jumia.is/unsafe/fit-in/300x300/filters:fill(white)/product/71/076476/1.jpg?4212,jumia,Chambre Adulte,2026-06-11 18:51:39,True,Milieu (1500-4000),jumia_1009
Kitea Table De Chevet NIA - Blanc / Noir / Marbre,795.0,1490.0,47.0,https://www.jumia.ma/kitea-table-de-chevet-nia-blanc-noir-marbre-63959442.html,https://ma.jumia.is/unsafe/fit-in/300x300/filters:fill(white)/product/24/495936/1.jpg?2787,jumia,Chambre Adulte,2026-06-11 18:52:00,True,Économique (500-1500),jumia_1013
Table de chevet flottante noir 40*30*30 cm,479.0,650.0,26.0,https://www.jumia.ma/generic-table-de-chevet-flottante-noir-403030-cm-67463336.html,https://ma.jumia.is/unsafe/fit-in/300x300/filters:fill(white)/product/63/336476/1.jpg?5533,jumia,Chambre Adulte,2026-06-11 18:51:22,True,Entrée (<500),jumia_1023
Kitea Chevet GLOBO - Blanc,995.0,1290.0,23.0,https://www.jumia.ma/kitea-chevet-globo-blanc-62660712.html,https://ma.jumia.is/unsafe/fit-in/300x300/filters:fill(white)/product/21/706626/1.jpg?2560,jumia,Chambre Adulte,2026-06-11 18:51:30,True,Économique (500-1500),jumia_1025
Kitea COMMODE KIERAN AVEC 3 TIROIRS + 2 NICHES - CHÊNE/NOIR,2590.0,,0.0,https://www.jumia.ma/kitea-commode-kieran-avec-3-tiroirs-2-niches-chnenoir-67174446.html,https://ma.jumia.is/unsafe/fit-in/300x300/filters:fill(white)/product/64/447176/1.jpg?9880,jumia,Chambre Adulte,2026-06-11 18:51:13,False,Milieu (1500-4000),jumia_1027
SALIDOR Matelas Dorsoligne (90x190 cm) - En mousse haute qualité,2118.75,2825.0,25.0,https://www.jumia.ma/salidor-matelas-dorsoligne-90x190-cm-en-mousse-haute-qualite-67644495.html,https://ma.jumia.is/unsafe/fit-in/300x300/filters:fill(white)/product/59/444676/1.jpg?4999,jumia,Chambre Adulte,2026-06-11 18:51:52,True,Milieu (1500-4000),jumia_1039
Kitea Chiffonnier BOSS 5 Tiroirs - Gris Foncé / Beige,3490.0,,0.0,https://www.jumia.ma/kitea-chiffonnier-boss-5-tiroirs-gris-fonce-beige-64611108.html,https://ma.jumia.is/unsafe/fit-in/300x300/filters:fill(white)/product/80/111646/1.jpg?3304,jumia,Chambre Adulte,2026-06-11 18:51:30,False,Milieu (1500-4000),jumia_1047
"Table de chevet moderne intelligente, chargeur sans fil, ports USB, haut-parleur intégré, coffre-fort sécurisé, table de nuit multifonction",2159.0,4450.0,52.0,https://www.jumia.ma/table-de-chevet-moderne-intelligente-chargeur-sans-fil-ports-usb-haut-parleur-integre-coffre-fort-securise-table-de-nuit-multifonction-generic-mpg1600458.html,https://ma.jumia.is/unsafe/fit-in/300x300/filters:fill(white)/product/38/208776/1.jpg?2732,jumia,Chambre Adulte,2026-06-11 18:52:17,True,Milieu (1500-4000),jumia_1051
4 pièces barre de plan de travail réglable meubles jambes lit pied robuste armoire Table pieds en acier inoxydable 6 cm,69.0,,0.0,https://www.jumia.ma/generic-4-pieces-barre-de-plan-de-travail-reglable-meubles-jambes-lit-pied-robuste-armoire-table-pieds-en-acier-inoxydable-6-cm-35317729.html,https://ma.jumia.is/unsafe/fit-in/300x300/filters:fill(white)/product/92/771353/1.jpg?3024,jumia,Chambre Adulte,2026-06-11 18:50:50,False,Entrée (<500),jumia_1052
Innoflex MATELAS SUBLIMYA PREMIUM 35 160 X 190,2890.99,3390.0,15.0,https://www.jumia.ma/innoflex-matelas-sublimya-premium-35-160-x-190-67390323.html,https://ma.jumia.is/unsafe/fit-in/300x300/filters:fill(white)/product/32/309376/1.jpg?3405,jumia,Chambre Adulte,2026-06-11 18:50:50,True,Milieu (1500-4000),jumia_1066
Kinedorsal Matelas Kine Original 200x180 Gris,4701.0,,0.0,https://www.jumia.ma/kinedorsal-matelas-kine-original-200x180-gris-59820612.html,https://ma.jumia.is/unsafe/fit-in/300x300/filters:fill(white)/product/21/602895/1.jpg?7817,jumia,Chambre Adulte,2026-06-11 18:50:59,False,Premium (4000-10k),jumia_1073
Commode Sakena à trois tiroirs blanc,2499.0,,0.0,https://www.jumia.ma/generic-commode-sakena-a-trois-tiroirs-blanc-62378219.html,https://ma.jumia.is/unsafe/fit-in/300x300/filters:fill(white)/product/91/287326/1.jpg?7619,jumia,Chambre Adulte,2026-06-11 18:51:22,False,Milieu (1500-4000),jumia_1090
Kitea Lit Boss 120X200Cm Avec Sommier - Gris Foncé / Beige,3990.0,,0.0,https://www.jumia.ma/kitea-lit-boss-120x200cm-avec-sommier-gris-fonce-beige-67579055.html,https://ma.jumia.is/unsafe/fit-in/300x300/filters:fill(white)/product/55/097576/1.jpg?7546,jumia,Chambre Adulte,2026-06-11 18:51:39,False,Milieu (1500-4000),jumia_1092
"Table d'appoint Gain de Place, Design Contemporain avec Plateau en Bois et Cadre Métallique pour Maison",129.0,249.0,48.0,https://www.jumia.ma/table-dappoint-gain-de-place-design-contemporain-avec-plateau-en-bois-et-cadre-metallique-pour-maison-generic-mpg1561798.html,https://ma.jumia.is/unsafe/fit-in/300x300/filters:fill(white)/product/59/617276/1.jpg?0639,jumia,Chambre Adulte,2026-06-11 18:50:40,True,Entrée (<500),jumia_1105
"Kitea Double Commode PEPE - 8 tiroirs - 140 x 40,35 x 82 cm - Chêne & Blanc",2395.0,,0.0,https://www.jumia.ma/kitea-double-commode-pepe-8-tiroirs-140-x-4035-x-82-cm-chene-blanc-67988051.html,https://ma.jumia.is/unsafe/fit-in/300x300/filters:fill(white)/product/15/088976/1.jpg?3158,jumia,Chambre Adulte,2026-06-11 18:52:00,False,Milieu (1500-4000),jumia_1108
SALIDOR Matelas Dorsoligne (100x190 cm) - En mousse haute qualité,2293.5,3058.0,25.0,https://www.jumia.ma/salidor-matelas-dorsoligne-100x190-cm-en-mousse-haute-qualite-67644498.html,https://ma.jumia.is/unsafe/fit-in/300x300/filters:fill(white)/product/89/444676/1.jpg?5001,jumia,Chambre Adulte,2026-06-11 18:52:11,True,Milieu (1500-4000),jumia_1122
Kitea Table De Chevet BOSS - Gris Foncé / Beige,1590.0,,0.0,https://www.jumia.ma/kitea-table-de-chevet-boss-gris-fonce-beige-65604377.html,https://ma.jumia.is/unsafe/fit-in/300x300/filters:fill(white)/product/77/340656/1.jpg?9744,jumia,Chambre Adulte,2026-06-11 18:52:00,False,Milieu (1500-4000),jumia_1125
"table de canapé pour chambre à coucher, salon",490.0,600.0,18.0,https://www.jumia.ma/generic-table-de-canape-pour-chambre-a-coucher-salon-65652157.html,https://ma.jumia.is/unsafe/fit-in/300x300/filters:fill(white)/product/75/125656/1.jpg?1606,jumia,Chambre Adulte,2026-06-11 18:52:07,True,Entrée (<500),jumia_1130
"Kitea Commode PEPE 4 tiroirs - 70 x 40,25 x 82 cm - Chêne & Blanc",1295.0,,0.0,https://www.jumia.ma/kitea-commode-pepe-4-tiroirs-70-x-4025-x-82-cm-chene-blanc-67987996.html,https://ma.jumia.is/unsafe/fit-in/300x300/filters:fill(white)/product/69/978976/1.jpg?3008,jumia,Chambre Adulte,2026-06-11 18:52:07,False,Économique (500-1500),jumia_1134
2 Tiroirs Table de Chevet Suspendue Table de Nuit,1699.0,,0.0,https://www.jumia.ma/generic-2-tiroirs-table-de-chevet-suspendue-table-de-nuit-62153328.html,https://ma.jumia.is/unsafe/fit-in/300x300/filters:fill(white)/product/82/335126/1.jpg?3787,jumia,Chambre Adulte,2026-06-11 18:51:39,False,Milieu (1500-4000),jumia_1139
Innoflex MATELAS SUBLIMYA PREMUIM 35 140*190,2290.0,2990.0,23.0,https://www.jumia.ma/innoflex-matelas-sublimya-premuim-35-140190-67390293.html,https://ma.jumia.is/unsafe/fit-in/300x300/filters:fill(white)/product/39/209376/1.jpg?2397,jumia,Chambre Adulte,2026-06-11 18:50:40,True,Milieu (1500-4000),jumia_1141
Kitea Chevet MI PIACE Gris,895.0,1090.0,18.0,https://www.jumia.ma/kitea-chevet-mi-piace-gris-63344378.html,https://ma.jumia.is/unsafe/fit-in/300x300/filters:fill(white)/product/87/344336/1.jpg?9918,jumia,Chambre Adulte,2026-06-11 18:52:00,True,Économique (500-1500),jumia_1148
Rangement Organisateur Penderie de vêtement Pliable Gris,179.0,249.0,28.0,https://www.jumia.ma/generic-rangement-organisateur-penderie-de-vetement-pliable-gris-67704378.html,https://ma.jumia.is/unsafe/fit-in/300x300/filters:fill(white)/product/87/340776/1.jpg?3680,jumia,Chambre Adulte,2026-06-11 18:51:30,True,Entrée (<500),jumia_1152
Bestway Pack de Matelas 2 places + Pompe à AIR + 2 Oreillers gonflable,549.0,600.0,9.0,https://www.jumia.ma/pack-de-matelas-2-places-pompe-a-air-2-oreillers-gonflable-bestway-mpg874633.html,https://ma.jumia.is/unsafe/fit-in/300x300/filters:fill(white)/product/79/014443/1.jpg?7970,jumia,Chambre Adulte,2026-06-11 18:50:59,True,Économique (500-1500),jumia_1154
Mona Housse protège matelas imperméable norme européenne - 60*120 cm - Blanc,55.0,69.0,20.0,https://www.jumia.ma/housse-protege-matelas-impermeable-norme-europeenne-60120-cm-blanc-mona-home-concept-mpg1476510.html,https://ma.jumia.is/unsafe/fit-in/300x300/filters:fill(white)/product/63/388963/1.jpg?9394,jumia,Chambre Adulte,2026-06-11 18:51:30,True,Entrée (<500),jumia_1166
"Kitea Armoire 2 Portes et 3 Tiroirs Sprint – 98,5×49,8×200,4cm – Chêne",2495.0,,0.0,https://www.jumia.ma/kitea-armoire-2-portes-et-3-tiroirs-sprint-9854982004cm-chene-67990332.html,https://ma.jumia.is/unsafe/fit-in/300x300/filters:fill(white)/product/23/309976/1.jpg?2749,jumia,Chambre Adulte,2026-06-11 18:52:17,False,Milieu (1500-4000),jumia_1169
Innoflex MATELAS SUBLIMYA ELLIPSE 140*190,3099.0,4199.0,26.0,https://www.jumia.ma/innoflex-matelas-sublimya-ellipse-140190-67433857.html,https://ma.jumia.is/unsafe/fit-in/300x300/filters:fill(white)/product/75/833476/1.jpg?9679,jumia,Chambre Adulte,2026-06-11 18:50:59,True,Milieu (1500-4000),jumia_1178
Grande Armoire de Rangement Ouverte - Garde-robe Double avec Étagères et Portants - Organisateur de Vêtements en Métal - Noir.,916.65,1283.31,29.0,https://www.jumia.ma/generic-grande-armoire-de-rangement-ouverte-garde-robe-double-avec-etageres-et-portants-organisateur-de-vetements-en-metal-noir.-67723943.html,https://ma.jumia.is/unsafe/fit-in/300x300/filters:fill(white)/product/34/932776/1.jpg?4477,jumia,Chambre Adulte,2026-06-11 18:52:17,True,Économique (500-1500),jumia_1180
"Table de chevet nordique moderne avec tiroirs, table de chevet minimaliste, meuble de rangement pour table d'appoint pour petite chambre",650.0,799.0,19.0,https://www.jumia.ma/generic-table-de-chevet-nordique-moderne-avec-tiroirs-table-de-chevet-minimaliste-meuble-de-rangement-pour-table-dappoint-pour-petite-chambre-67756026.html,https://ma.jumia.is/unsafe/fit-in/300x300/filters:fill(white)/product/62/065776/1.jpg?3478,jumia,Chambre Adulte,2026-06-11 18:51:46,True,Économique (500-1500),jumia_1191
Petite Table d’Appoint en Bois et Métal – Parfaite pour Salon ou Bureau,145.0,299.0,52.0,https://www.jumia.ma/generic-petite-table-dappoint-en-bois-et-metal-parfaite-pour-salon-ou-bureau-67307244.html,https://ma.jumia.is/unsafe/fit-in/300x300/filters:fill(white)/product/44/270376/1.jpg?1902,jumia,Chambre Adulte,2026-06-11 18:52:11,True,Entrée (<500),jumia_1201
Table d'Appoint Moderne en C Petite Table Basse Mobile Bois & Métal Design Compact pour Canapé & Salon Table de Chevet Polyvalente & Ordinateur Portable,169.0,240.0,30.0,https://www.jumia.ma/generic-table-dappoint-moderne-en-c-petite-table-basse-mobile-bois-metal-design-compact-pour-canape-salon-table-de-chevet-polyvalente-ordinateur-portable-67947081.html,https://ma.jumia.is/unsafe/fit-in/300x300/filters:fill(white)/product/18/074976/1.jpg?0850,jumia,Chambre Adulte,2026-06-11 18:52:17,True,Entrée (<500),jumia_1217
Kitea Commode FLEXI - Blanc / Gris Clair,2990.0,,0.0,https://www.jumia.ma/kitea-commode-flexi-blanc-gris-clair-63344089.html,https://ma.jumia.is/unsafe/fit-in/300x300/filters:fill(white)/product/98/044336/1.jpg?9151,jumia,Chambre Adulte,2026-06-11 18:51:30,False,Milieu (1500-4000),jumia_1219
Kitea Commode BALDER 4 Portes - Blanc / Chêne,1790.0,,0.0,https://www.jumia.ma/kitea-commode-balder-4-portes-blanc-chene-65672657.html,https://ma.jumia.is/unsafe/fit-in/300x300/filters:fill(white)/product/75/627656/1.jpg?5926,jumia,Chambre Adulte,2026-06-11 18:50:59,False,Milieu (1500-4000),jumia_1235
"Table de nuit murale en bois , armoire de chevet blanc moderne pour chambre à coucher, 42 x 29 x 30 cm",679.0,1000.0,32.0,https://www.jumia.ma/generic-table-de-nuit-murale-en-bois-armoire-de-chevet-blanc-moderne-pour-chambre-a-coucher-42-x-29-x-30-cm-67149097.html,https://ma.jumia.is/unsafe/fit-in/300x300/filters:fill(white)/product/79/094176/1.jpg?0703,jumia,Chambre Adulte,2026-06-11 18:51:22,True,Économique (500-1500),jumia_1243
Isolant Bas de Porte et fenêtre Double Isolation - stop le froid et poussière,27.99,42.9,35.0,https://www.jumia.ma/generic-isolant-bas-de-porte-et-fenetre-double-isolation-stop-le-froid-et-poussiere-38588605.html,https://ma.jumia.is/unsafe/fit-in/300x300/filters:fill(white)/product/50/688583/1.jpg?2150,jumia,Chambre Adulte,2026-06-11 18:51:22,True,Entrée (<500),jumia_1248
"Table de chevet, Tables d'appoint pour la décoration 30 x 40 x 55 cm",341.1,600.0,43.0,https://www.jumia.ma/generic-table-de-chevet-tables-dappoint-pour-la-decoration-30-x-40-x-55-cm-67405169.html,https://ma.jumia.is/unsafe/fit-in/300x300/filters:fill(white)/product/96/150476/1.jpg?9211,jumia,Chambre Adulte,2026-06-11 18:51:39,True,Entrée (<500),jumia_1250
SALIDOR Matelas Black vibe (180x200 cm) - En ressort ensachés et mousse haute résilience,5187.75,6917.0,25.0,https://www.jumia.ma/salidor-matelas-black-vibe-180x200-cm-en-ressort-ensaches-et-mousse-haute-resilience-67644513.html,https://ma.jumia.is/unsafe/fit-in/300x300/filters:fill(white)/product/31/544676/1.jpg?5021,jumia,Chambre Adulte,2026-06-11 18:51:13,True,Premium (4000-10k),jumia_1257
Kitea Lit Boss 90X200Cm Avec Sommier - Gris Foncé / Beige,3590.0,,0.0,https://www.jumia.ma/kitea-lit-boss-90x200cm-avec-sommier-gris-fonce-beige-67579085.html,https://ma.jumia.is/unsafe/fit-in/300x300/filters:fill(white)/product/58/097576/1.jpg?5051,jumia,Chambre Adulte,2026-06-11 18:51:46,False,Milieu (1500-4000),jumia_1265
Table de chevet marron avec tiroir,476.1,700.0,32.0,https://www.jumia.ma/generic-table-de-chevet-marron-avec-tiroir-67598145.html,https://ma.jumia.is/unsafe/fit-in/300x300/filters:fill(white)/product/54/189576/1.jpg?8078,jumia,Chambre Adulte,2026-06-11 18:51:30,True,Entrée (<500),jumia_1267
Rangement Organisateur Penderie de vêtement noir,180.0,,0.0,https://www.jumia.ma/generic-rangement-organisateur-penderie-de-vetement-noir-67764211.html,https://ma.jumia.is/unsafe/fit-in/300x300/filters:fill(white)/product/11/246776/1.jpg?4615,jumia,Chambre Adulte,2026-06-11 18:50:59,False,Entrée (<500),jumia_1287
Armoire Murale avec Tiroir Rangement 40 x 35 x 25.6 cm noir,489.0,800.0,39.0,https://www.jumia.ma/generic-armoire-murale-avec-tiroir-rangement-40-x-35-x-25.6-cm-noir-67134462.html,https://ma.jumia.is/unsafe/fit-in/300x300/filters:fill(white)/product/26/443176/1.jpg?5303,jumia,Chambre Adulte,2026-06-11 18:52:07,True,Entrée (<500),jumia_1305
Kitea Commode Primo 4Po+2Tir - Chêne&Blanc,995.0,,0.0,https://www.jumia.ma/kitea-commode-primo-4po2tir-cheneblanc-67817976.html,https://ma.jumia.is/unsafe/fit-in/300x300/filters:fill(white)/product/67/971876/1.jpg?7295,jumia,Chambre Adulte,2026-06-11 18:50:40,False,Économique (500-1500),jumia_1314
Kitea Commode CLARA - Marron Noyer,2690.0,4290.0,37.0,https://www.jumia.ma/kitea-commode-clara-marron-noyer-63959367.html,https://ma.jumia.is/unsafe/fit-in/300x300/filters:fill(white)/product/76/395936/1.jpg?2822,jumia,Chambre Adulte,2026-06-11 18:51:39,True,Milieu (1500-4000),jumia_1327
Kitea ARMOIRE DE COIN RICKO 1 PORTE - Chêne,4990.0,,0.0,https://www.jumia.ma/kitea-armoire-de-coin-ricko-1-porte-chene-67392308.html,https://ma.jumia.is/unsafe/fit-in/300x300/filters:fill(white)/product/80/329376/1.jpg?8827,jumia,Chambre Adulte,2026-06-11 18:51:52,False,Premium (4000-10k),jumia_1335
Kitea Chiffonnier MALAGA 4 Tiroirs - Marron,3390.0,5590.0,39.0,https://www.jumia.ma/kitea-chiffonnier-malaga-4-tiroirs-marron-65775179.html,https://ma.jumia.is/unsafe/fit-in/300x300/filters:fill(white)/product/97/157756/1.jpg?7386,jumia,Chambre Adulte,2026-06-11 18:51:46,True,Milieu (1500-4000),jumia_1346
Table de chevet 1 tiroir moderne blanc,458.1,700.0,35.0,https://www.jumia.ma/generic-table-de-chevet-1-tiroir-moderne-blanc-67236367.html,https://ma.jumia.is/unsafe/fit-in/300x300/filters:fill(white)/product/76/363276/1.jpg?8714,jumia,Chambre Adulte,2026-06-11 18:50:40,True,Entrée (<500),jumia_1360
Tables de chevet avec Tiroir Rangement 40 x 30 x 39 cm,494.1,700.0,29.0,https://www.jumia.ma/generic-tables-de-chevet-avec-tiroir-rangement-40-x-30-x-39-cm-67242624.html,https://ma.jumia.is/unsafe/fit-in/300x300/filters:fill(white)/product/42/624276/1.jpg?8620,jumia,Chambre Adulte,2026-06-11 18:51:46,True,Entrée (<500),jumia_1361
Kitea COMMODE ESPRESSO 2TIROIRS - BLANC,2390.0,,0.0,https://www.jumia.ma/kitea-commode-espresso-2tiroirs-blanc-67177778.html,https://ma.jumia.is/unsafe/fit-in/300x300/filters:fill(white)/product/87/777176/1.jpg?9215,jumia,Chambre Adulte,2026-06-11 18:51:39,False,Milieu (1500-4000),jumia_1369
Kitea LIT IKAST BLANC 3 NICHES SANS SOMMIER - Blanc / Chêne,2990.0,,0.0,https://www.jumia.ma/kitea-lit-ikast-blanc-3-niches-sans-sommier-blanc-chene-67003445.html,https://ma.jumia.is/unsafe/fit-in/300x300/filters:fill(white)/product/54/430076/1.jpg?6033,jumia,Chambre Adulte,2026-06-11 18:51:13,False,Milieu (1500-4000),jumia_1379
Kitea Commode SIRIUS CROWN Avec 3 Tiroirs - Chêne / Noir,2990.0,,0.0,https://www.jumia.ma/kitea-commode-sirius-crown-avec-3-tiroirs-chene-noir-63344367.html,https://ma.jumia.is/unsafe/fit-in/300x300/filters:fill(white)/product/76/344336/1.jpg?9920,jumia,Chambre Adulte,2026-06-11 18:51:52,False,Milieu (1500-4000),jumia_1385
Commode basse Voira chêne / noir,2499.0,,0.0,https://www.jumia.ma/generic-commode-basse-voira-chene-noir-62378218.html,https://ma.jumia.is/unsafe/fit-in/300x300/filters:fill(white)/product/81/287326/1.jpg?7617,jumia,Chambre Adulte,2026-06-11 18:51:52,False,Milieu (1500-4000),jumia_1392
table de chevet présente un design moderne,413.1,750.0,45.0,https://www.jumia.ma/generic-table-de-chevet-presente-un-design-moderne-67805136.html,https://ma.jumia.is/unsafe/fit-in/300x300/filters:fill(white)/product/63/150876/1.jpg?9566,jumia,Chambre Adulte,2026-06-11 18:51:39,True,Entrée (<500),jumia_1417
"Canapé paresseux gonflable épaissi avec repose-pieds Lits, cadres et bases",279.0,490.0,43.0,https://www.jumia.ma/generic-canape-paresseux-gonflable-epaissi-avec-repose-pieds-lits-cadres-et-bases-66305520.html,https://ma.jumia.is/unsafe/fit-in/300x300/filters:fill(white)/product/02/550366/1.jpg?2345,jumia,Chambre Adulte,2026-06-11 18:51:52,True,Entrée (<500),jumia_1433
table de canapé pour chambre à coucher salon,449.1,800.0,44.0,https://www.jumia.ma/generic-table-de-canape-pour-chambre-a-coucher-salon-67330599.html,https://ma.jumia.is/unsafe/fit-in/300x300/filters:fill(white)/product/99/503376/1.jpg?0383,jumia,Chambre Adulte,2026-06-11 18:52:07,True,Entrée (<500),jumia_1444
Table de chevet blanche avec tiroir et étagères,532.0,748.0,29.0,https://www.jumia.ma/generic-table-de-chevet-blanche-avec-tiroir-et-etageres-67185817.html,https://ma.jumia.is/unsafe/fit-in/300x300/filters:fill(white)/product/71/858176/1.jpg?5194,jumia,Chambre Adulte,2026-06-11 18:52:17,True,Économique (500-1500),jumia_1450
Armoire de Rangement Modulable pour Vêtements et Chaussures,699.0,,0.0,https://www.jumia.ma/generic-armoire-de-rangement-modulable-pour-vetements-et-chaussures-65457551.html,https://ma.jumia.is/unsafe/fit-in/300x300/filters:fill(white)/product/15/575456/1.jpg?7127,jumia,Chambre Adulte,2026-06-11 18:50:50,False,Économique (500-1500),jumia_1451
"Table de nuit en bois MDF, armoire de chevet beige moderne pour chambre à coucher, salon, 40 x 35 x 60 cm",710.1,1200.0,41.0,https://www.jumia.ma/generic-table-de-nuit-en-bois-mdf-armoire-de-chevet-beige-moderne-pour-chambre-a-coucher-salon-40-x-35-x-60-cm-67383457.html,https://ma.jumia.is/unsafe/fit-in/300x300/filters:fill(white)/product/75/438376/1.jpg?4185,jumia,Chambre Adulte,2026-06-11 18:50:59,True,Économique (500-1500),jumia_1458
"table de shevet de nuit flottante moderne Nathan James Jackson avec tiroir, 1, blanc clair",650.0,,0.0,https://www.jumia.ma/generic-table-de-shevet-de-nuit-flottante-moderne-nathan-james-jackson-avec-tiroir-1-blanc-clair-65429228.html,https://ma.jumia.is/unsafe/fit-in/300x300/filters:fill(white)/product/82/292456/1.jpg?5349,jumia,Chambre Adulte,2026-06-11 18:51:30,False,Économique (500-1500),jumia_1469
Commode avec 3 tiroirs  Armoire d'appoint,759.0,1000.0,24.0,https://www.jumia.ma/generic-commode-avec-3-tiroirs-armoire-dappoint-67752826.html,https://ma.jumia.is/unsafe/fit-in/300x300/filters:fill(white)/product/62/825776/1.jpg?2197,jumia,Chambre Adulte,2026-06-11 18:50:59,True,Économique (500-1500),jumia_1471
Kitea TABLE DE CHEVET IKAST - Blanc / Chêne,790.0,,0.0,https://www.jumia.ma/kitea-table-de-chevet-ikast-blanc-chene-67002295.html,https://ma.jumia.is/unsafe/fit-in/300x300/filters:fill(white)/product/59/220076/1.jpg?5045,jumia,Chambre Adulte,2026-06-11 18:52:17,False,Économique (500-1500),jumia_1485
Ensembles de chambre à coucher Canapé paresseux gonflable épaissi avec repose-pieds,299.0,600.0,50.0,https://www.jumia.ma/generic-ensembles-de-chambre-a-coucher-canape-paresseux-gonflable-epaissi-avec-repose-pieds-66295450.html,https://ma.jumia.is/unsafe/fit-in/300x300/filters:fill(white)/product/05/459266/1.jpg?4963,jumia,Chambre Adulte,2026-06-11 18:52:21,True,Entrée (<500),jumia_1494
Armoire Dressing de Rangement pour Vêtements – Placard Chambre avec Étagères et Porte-Manteaux – Organisateur Grande Capacité,568.57,796.0,29.0,https://www.jumia.ma/armoire-dressing-de-rangement-pour-vetements-placard-chambre-avec-etageres-et-porte-manteaux-organisateur-grande-capacite-generic-mpg1584326.html,https://ma.jumia.is/unsafe/fit-in/300x300/filters:fill(white)/product/57/938676/1.jpg?0913,jumia,Chambre Adulte,2026-06-11 18:52:11,True,Économique (500-1500),jumia_1510
General Table de chevet Table de nuit 45*35*26 cm,549.0,800.0,31.0,https://www.jumia.ma/general-table-de-chevet-table-de-nuit-453526-cm-64752810.html,https://ma.jumia.is/unsafe/fit-in/300x300/filters:fill(white)/product/01/825746/1.jpg?6228,jumia,Chambre Adulte,2026-06-11 18:51:30,True,Économique (500-1500),jumia_1519
Meuble de Maquillage Maquilleuse,1299.0,,0.0,https://www.jumia.ma/generic-meuble-de-maquillage-maquilleuse-40819279.html,https://ma.jumia.is/unsafe/fit-in/300x300/filters:fill(white)/product/97/291804/1.jpg?9508,jumia,Chambre Adulte,2026-06-11 18:51:46,False,Économique (500-1500),jumia_1525
Kinedorsal Matelas Kine Original 200x180 Noir,4701.0,,0.0,https://www.jumia.ma/kinedorsal-matelas-kine-original-200x180-noir-59820627.html,https://ma.jumia.is/unsafe/fit-in/300x300/filters:fill(white)/product/72/602895/1.jpg?3527,jumia,Chambre Adulte,2026-06-11 18:51:22,False,Premium (4000-10k),jumia_1537
Kitea Commode INFINITO - Marron / Gris,2595.0,2990.0,13.0,https://www.jumia.ma/kitea-commode-infinito-marron-gris-64611102.html,https://ma.jumia.is/unsafe/fit-in/300x300/filters:fill(white)/product/20/111646/1.jpg?3847,jumia,Chambre Adulte,2026-06-11 18:52:11,True,Milieu (1500-4000),jumia_1540
Artisanat du Maroc couvre lit beige + 2 coussins,650.0,899.0,28.0,https://www.jumia.ma/artisanat-du-maroc-couvre-lit-beige-2-coussins-67766575.html,https://ma.jumia.is/unsafe/fit-in/300x300/filters:fill(white)/product/57/566776/1.jpg?6396,jumia,Chambre Adulte,2026-06-11 18:52:07,True,Économique (500-1500),jumia_1541
Kitea Set De 2 Tables De Chevet Suspendues LENYBELARDO - Chêne / Blanc,1890.0,2990.0,37.0,https://www.jumia.ma/kitea-set-de-2-tables-de-chevet-suspendues-lenybelardo-chene-blanc-64766596.html,https://ma.jumia.is/unsafe/fit-in/300x300/filters:fill(white)/product/69/566746/1.jpg?2158,jumia,Chambre Adulte,2026-06-11 18:51:52,True,Milieu (1500-4000),jumia_1553
Kitea ARMOIRE ESPRESSO - BLANC,4990.0,,0.0,https://www.jumia.ma/kitea-armoire-espresso-blanc-67390987.html,https://ma.jumia.is/unsafe/fit-in/300x300/filters:fill(white)/product/78/909376/1.jpg?8284,jumia,Chambre Adulte,2026-06-11 18:52:00,False,Premium (4000-10k),jumia_1560
Kitea Set De 2 Tables De Chevet LENYBELARDO - Chêne / Blanc,1290.0,1590.0,19.0,https://www.jumia.ma/kitea-set-de-2-tables-de-chevet-lenybelardo-chene-blanc-64766615.html,https://ma.jumia.is/unsafe/fit-in/300x300/filters:fill(white)/product/51/666746/1.jpg?2147,jumia,Chambre Adulte,2026-06-11 18:50:40,True,Économique (500-1500),jumia_1565
Kitea TABLE DE CHEVET LIDYA - Blanc / Beige,1590.0,2090.0,24.0,https://www.jumia.ma/kitea-table-de-chevet-lidya-blanc-beige-65680594.html,https://ma.jumia.is/unsafe/fit-in/300x300/filters:fill(white)/product/49/508656/1.jpg?6626,jumia,Chambre Adulte,2026-06-11 18:52:11,True,Milieu (1500-4000),jumia_1574
Kitea Commode  BELLEVUE 2 portes et 4 tiroirs Chêne Marron Foncé,1295.0,1890.0,32.0,https://www.jumia.ma/kitea-commode-bellevue-2-portes-et-4-tiroirs-chene-marron-fonce-63344059.html,https://ma.jumia.is/unsafe/fit-in/300x300/filters:fill(white)/product/95/044336/1.jpg?9143,jumia,Chambre Adulte,2026-06-11 18:50:40,True,Économique (500-1500),jumia_1579
"Table de chevet moderne multifonction, chargeur sans fil, USB, haut-parleur, coffre-fort, design contemporain Maroc",1999.0,2800.0,29.0,https://www.jumia.ma/generic-table-de-chevet-moderne-multifonction-chargeur-sans-fil-usb-haut-parleur-coffre-fort-design-contemporain-maroc-67946266.html,https://ma.jumia.is/unsafe/fit-in/300x300/filters:fill(white)/product/66/264976/1.jpg?4065,jumia,Chambre Adulte,2026-06-11 18:52:11,True,Milieu (1500-4000),jumia_1583
Dolidol Matelas Tonus Gms 190x090,1585.0,,0.0,https://www.jumia.ma/dolidol-matelas-tonus-gms-190x090-65760585.html,https://ma.jumia.is/unsafe/fit-in/300x300/filters:fill(white)/product/58/506756/1.jpg?6824,jumia,Chambre Adulte,2026-06-11 18:51:13,False,Milieu (1500-4000),jumia_1586
bibliothèque élégante et compacte de couleur bois beige sanoma,341.1,650.0,48.0,https://www.jumia.ma/generic-bibliotheque-elegante-et-compacte-de-couleur-bois-beige-sanoma-67231335.html,https://ma.jumia.is/unsafe/fit-in/300x300/filters:fill(white)/product/53/313276/1.jpg?7291,jumia,Chambre Adulte,2026-06-11 18:50:59,True,Entrée (<500),jumia_1590
SALIDOR Matelas Orthodorsal (180x200) - En ressort  et mousse haute qualité,3153.0,4204.0,25.0,https://www.jumia.ma/salidor-matelas-orthodorsal-180x200-en-ressort-et-mousse-haute-qualite-67644483.html,https://ma.jumia.is/unsafe/fit-in/300x300/filters:fill(white)/product/38/444676/1.jpg?4987,jumia,Chambre Adulte,2026-06-11 18:50:59,True,Milieu (1500-4000),jumia_1595
Kitea Table De Chevet SELENA + 2 Tiroirs - Chêne / Gris,790.0,,0.0,https://www.jumia.ma/kitea-table-de-chevet-selena-2-tiroirs-chene-gris-62104059.html,https://ma.jumia.is/unsafe/fit-in/300x300/filters:fill(white)/product/95/040126/1.jpg?1745,jumia,Chambre Adulte,2026-06-11 18:50:59,False,Économique (500-1500),jumia_1614
Kitea Lit LALA 160x200cm Avec Sommier Et Bois Massif - Oak,3690.0,,0.0,https://www.jumia.ma/kitea-lit-lala-160x200cm-avec-sommier-et-bois-massif-oak-65995134.html,https://ma.jumia.is/unsafe/fit-in/300x300/filters:fill(white)/product/43/159956/1.jpg?7305,jumia,Chambre Adulte,2026-06-11 18:51:22,False,Milieu (1500-4000),jumia_1616
Kitea Commode PIROUETTE 3 Tiroirs - Gris / Rose / Blanc,1250.0,1790.0,30.0,https://www.jumia.ma/kitea-commode-pirouette-3-tiroirs-gris-rose-blanc-65775209.html,https://ma.jumia.is/unsafe/fit-in/300x300/filters:fill(white)/product/90/257756/1.jpg?7451,jumia,Chambre Adulte,2026-06-11 18:50:40,True,Économique (500-1500),jumia_1619
coiffeuse Étagère murale Étagère flottante,999.0,1199.0,17.0,https://www.jumia.ma/generic-coiffeuse-etagere-murale-etagere-flottante-64628411.html,https://ma.jumia.is/unsafe/fit-in/300x300/filters:fill(white)/product/11/482646/1.jpg?1244,jumia,Chambre Adulte,2026-06-11 18:50:59,True,Économique (500-1500),jumia_1620
Table de chevet beige avec tiroir 60*35*30 cm,494.1,750.0,34.0,https://www.jumia.ma/generic-table-de-chevet-beige-avec-tiroir-603530-cm-67668761.html,https://ma.jumia.is/unsafe/fit-in/300x300/filters:fill(white)/product/16/786676/1.jpg?6045,jumia,Chambre Adulte,2026-06-11 18:51:52,True,Entrée (<500),jumia_1636
Table de chevet blanc avec tiroir 35-40-50cm,599.0,800.0,25.0,https://www.jumia.ma/generic-table-de-chevet-blanc-avec-tiroir-35-40-50cm-67492102.html,https://ma.jumia.is/unsafe/fit-in/300x300/filters:fill(white)/product/20/129476/1.jpg?6030,jumia,Chambre Adulte,2026-06-11 18:52:07,True,Économique (500-1500),jumia_1641
Kitea Double Commode SPOSAMI - Blanc / Chêne,3295.0,4250.0,23.0,https://www.jumia.ma/kitea-double-commode-sposami-blanc-chene-67021648.html,https://ma.jumia.is/unsafe/fit-in/300x300/filters:fill(white)/product/84/612076/1.jpg?7511,jumia,Chambre Adulte,2026-06-11 18:51:22,True,Milieu (1500-4000),jumia_1642
"Table d'appoint moderne et élégante au design pratique, idéale pour les chambres ,Tables de Nuit",494.1,750.0,34.0,https://www.jumia.ma/generic-table-dappoint-moderne-et-elegante-au-design-pratique-ideale-pour-les-chambres-tables-de-nuit-67838860.html,https://ma.jumia.is/unsafe/fit-in/300x300/filters:fill(white)/product/06/883876/1.jpg?1030,jumia,Chambre Adulte,2026-06-11 18:51:46,True,Entrée (<500),jumia_1648
"Table de chevet, Tables d'appoint pour la décoration 28x 35x 50 cm",296.1,500.0,41.0,https://www.jumia.ma/generic-table-de-chevet-tables-dappoint-pour-la-decoration-28x-35x-50-cm-67616555.html,https://ma.jumia.is/unsafe/fit-in/300x300/filters:fill(white)/product/55/561676/1.jpg?2001,jumia,Chambre Adulte,2026-06-11 18:51:13,True,Entrée (<500),jumia_1657
TABLE DE LUX MULTIFONCTIONS FACILE POUR DÉPLACER,259.0,400.0,35.0,https://www.jumia.ma/generic-table-de-lux-multifonctions-facile-pour-deplacer-67917011.html,https://ma.jumia.is/unsafe/fit-in/300x300/filters:fill(white)/product/11/071976/1.jpg?4832,jumia,Chambre Adulte,2026-06-11 18:52:17,True,Entrée (<500),jumia_1660
Mdf Table de chevet Blanc 40x30x40 cm Bois M.D.F,340.0,,0.0,https://www.jumia.ma/mdf-table-de-chevet-blanc-40x30x40-cm-bois-m.d.f-67880981.html,https://ma.jumia.is/unsafe/fit-in/300x300/filters:fill(white)/product/18/908876/1.jpg?9211,jumia,Chambre Adulte,2026-06-11 18:51:22,False,Entrée (<500),jumia_1670
ARMOIRE PENDERIE MOBILE DÉMONTABLE,189.0,499.0,62.0,https://www.jumia.ma/generic-armoire-penderie-mobile-demontable-49796053.html,https://ma.jumia.is/unsafe/fit-in/300x300/filters:fill(white)/product/35/069794/1.jpg?0325,jumia,Chambre Adulte,2026-06-11 18:52:17,True,Entrée (<500),jumia_1676
Kitea Table De Chevet GRETA - Blanc / Chêne  / Vert,595.0,1290.0,54.0,https://www.jumia.ma/kitea-table-de-chevet-greta-blanc-chene-vert-63959441.html,https://ma.jumia.is/unsafe/fit-in/300x300/filters:fill(white)/product/14/495936/1.jpg?2071,jumia,Chambre Adulte,2026-06-11 18:50:40,True,Économique (500-1500),jumia_1688
SALIDOR Matelas Dorsotopia (140x200 cm) - En ressort  et mousse haute qualité,2784.75,3713.0,25.0,https://www.jumia.ma/salidor-matelas-dorsotopia-140x200-cm-en-ressort-et-mousse-haute-qualite-67644470.html,https://ma.jumia.is/unsafe/fit-in/300x300/filters:fill(white)/product/07/444676/1.jpg?4978,jumia,Chambre Adulte,2026-06-11 18:51:13,True,Milieu (1500-4000),jumia_1693
Table de chevet Meraya (lot de 2),950.0,1399.0,32.0,https://www.jumia.ma/generic-table-de-chevet-meraya-lot-de-2-65774812.html,https://ma.jumia.is/unsafe/fit-in/300x300/filters:fill(white)/product/21/847756/1.jpg?4143,jumia,Chambre Adulte,2026-06-11 18:51:46,True,Économique (500-1500),jumia_1699
Table de chevet flottante Blanc 45*35*26 cm,589.0,600.0,2.0,https://www.jumia.ma/generic-table-de-chevet-flottante-blanc-453526-cm-65044615.html,https://ma.jumia.is/unsafe/fit-in/300x300/filters:fill(white)/product/51/644056/1.jpg?4386,jumia,Chambre Adulte,2026-06-11 18:51:46,True,Économique (500-1500),jumia_1710
Kitea Commode Dalate 3 Tiroirs - Chêne/Noir,1595.0,,0.0,https://www.jumia.ma/kitea-commode-dalate-3-tiroirs-chenenoir-67758916.html,https://ma.jumia.is/unsafe/fit-in/300x300/filters:fill(white)/product/61/985776/1.jpg?6543,jumia,Chambre Adulte,2026-06-11 18:50:50,False,Milieu (1500-4000),jumia_1722
Afer Table de chevet moderne blanc sonoma,899.0,,0.0,https://www.jumia.ma/afer-table-de-chevet-moderne-blanc-sonoma-40819276.html,https://ma.jumia.is/unsafe/fit-in/300x300/filters:fill(white)/product/67/291804/1.jpg?9508,jumia,Chambre Adulte,2026-06-11 18:52:07,False,Économique (500-1500),jumia_1735
Ensemble fauteuil + pouf gonflables Ultra Lounge,347.9,399.0,13.0,https://www.jumia.ma/generic-ensemble-fauteuil-pouf-gonflables-ultra-lounge-67105296.html,https://ma.jumia.is/unsafe/fit-in/300x300/filters:fill(white)/product/69/250176/1.jpg?5444,jumia,Chambre Adulte,2026-06-11 18:52:07,True,Entrée (<500),jumia_1743
Table de chevet en bois fait main avec tiroir Table de chevet pour chambre Design minimaliste 51 x 45 x 38 cm,650.0,750.0,13.0,https://www.jumia.ma/generic-table-de-chevet-en-bois-fait-main-avec-tiroir-table-de-chevet-pour-chambre-design-minimaliste-51-x-45-x-38-cm-67755745.html,https://ma.jumia.is/unsafe/fit-in/300x300/filters:fill(white)/product/54/755776/1.jpg?2686,jumia,Chambre Adulte,2026-06-11 18:50:50,True,Économique (500-1500),jumia_1753
Commode haute Lammelo 92 cm lamelles noires pieds dorés,2499.0,,0.0,https://www.jumia.ma/generic-commode-haute-lammelo-92-cm-lamelles-noires-pieds-dores-62378214.html,https://ma.jumia.is/unsafe/fit-in/300x300/filters:fill(white)/product/41/287326/1.jpg?7619,jumia,Chambre Adulte,2026-06-11 18:51:22,False,Milieu (1500-4000),jumia_1754
SALIDOR Matelas Dorsoligne (180x200 cm) - En mousse haute qualité,4262.25,5683.0,25.0,https://www.jumia.ma/salidor-matelas-dorsoligne-180x200-cm-en-mousse-haute-qualite-67644500.html,https://ma.jumia.is/unsafe/fit-in/300x300/filters:fill(white)/product/00/544676/1.jpg?5003,jumia,Chambre Adulte,2026-06-11 18:52:07,True,Premium (4000-10k),jumia_1756
"Kitea Table de chevet NAIA - 2 tiroirs - 40,4 x 50 x 49,5 cm - Blanc",650.0,,0.0,https://www.jumia.ma/kitea-table-de-chevet-naia-2-tiroirs-404-x-50-x-495-cm-blanc-67987976.html,https://ma.jumia.is/unsafe/fit-in/300x300/filters:fill(white)/product/67/978976/1.jpg?2996,jumia,Chambre Adulte,2026-06-11 18:52:17,False,Économique (500-1500),jumia_1779
Stickers autocollant sticker dont dream your lifes stickers Blanc stick CI0014,174.0,295.0,41.0,https://www.jumia.ma/autocollant-sticker-dont-dream-your-lifes-stickers-blanc-stick-ci0014-stickers-mpg1423141.html,https://ma.jumia.is/unsafe/fit-in/300x300/filters:fill(white)/product/79/725613/1.jpg?9435,jumia,Chambre Adulte,2026-06-11 18:52:11,True,Entrée (<500),jumia_1785
Kitea Commode LINATE 4 Tiroirs - Blanc / Chêne Beige,2790.0,,0.0,https://www.jumia.ma/kitea-commode-linate-4-tiroirs-blanc-chene-beige-63344071.html,https://ma.jumia.is/unsafe/fit-in/300x300/filters:fill(white)/product/17/044336/1.jpg?9147,jumia,Chambre Adulte,2026-06-11 18:51:46,False,Milieu (1500-4000),jumia_1792
Fixateur de Drap de Lit et Housse – Confort et Propreté Quotidienne,80.09,99.0,19.0,https://www.jumia.ma/generic-fixateur-de-drap-de-lit-et-housse-confort-et-proprete-quotidienne-67308324.html,https://ma.jumia.is/unsafe/fit-in/300x300/filters:fill(white)/product/42/380376/1.jpg?4325,jumia,Chambre Adulte,2026-06-11 18:51:22,True,Entrée (<500),jumia_1795
Table de chevet élégante et pratique 58*40*30 cm,503.1,800.0,37.0,https://www.jumia.ma/generic-table-de-chevet-elegante-et-pratique-584030-cm-67360794.html,https://ma.jumia.is/unsafe/fit-in/300x300/filters:fill(white)/product/49/706376/1.jpg?0132,jumia,Chambre Adulte,2026-06-11 18:50:50,True,Économique (500-1500),jumia_1800
Table d’appoint en forme de C moderne – Petite table basse pour canapé ou chevet,179.0,215.0,17.0,https://www.jumia.ma/generic-table-dappoint-en-forme-de-c-moderne-petite-table-basse-pour-canape-ou-chevet-67556093.html,https://ma.jumia.is/unsafe/fit-in/300x300/filters:fill(white)/product/39/065576/1.jpg?1671,jumia,Chambre Adulte,2026-06-11 18:51:52,True,Entrée (<500),jumia_1801
Kitea Commode  JAWA  Marron Foncé,2290.0,,0.0,https://www.jumia.ma/kitea-commode-jawa-marron-fonce-63343339.html,https://ma.jumia.is/unsafe/fit-in/300x300/filters:fill(white)/product/93/334336/1.jpg?9725,jumia,Chambre Adulte,2026-06-11 18:51:13,False,Milieu (1500-4000),jumia_1805
Table de chevet - blanc - 30 x 40 x 60 cm,377.1,650.0,42.0,https://www.jumia.ma/generic-table-de-chevet-blanc-30-x-40-x-60-cm-67383431.html,https://ma.jumia.is/unsafe/fit-in/300x300/filters:fill(white)/product/13/438376/1.jpg?4043,jumia,Chambre Adulte,2026-06-11 18:51:22,True,Entrée (<500),jumia_1815
Table De Canapé Pratique De Design Moderne Multifonctionnels,229.0,450.0,49.0,https://www.jumia.ma/generic-table-de-canape-pratique-de-design-moderne-multifonctionnels-67917051.html,https://ma.jumia.is/unsafe/fit-in/300x300/filters:fill(white)/product/15/071976/1.jpg?4883,jumia,Chambre Adulte,2026-06-11 18:52:11,True,Entrée (<500),jumia_1818
Meuble de Maquillage vicco,1999.0,,0.0,https://www.jumia.ma/generic-meuble-de-maquillage-vicco-40819278.html,https://ma.jumia.is/unsafe/fit-in/300x300/filters:fill(white)/product/87/291804/1.jpg?9508,jumia,Chambre Adulte,2026-06-11 18:51:52,False,Milieu (1500-4000),jumia_1838
Kitea Table de chevet BELLAGIO  2 Tiroirs - Blanc Mat / Miroir,995.0,1690.0,41.0,https://www.jumia.ma/kitea-table-de-chevet-bellagio-2-tiroirs-blanc-mat-miroir-62104034.html,https://ma.jumia.is/unsafe/fit-in/300x300/filters:fill(white)/product/43/040126/1.jpg?1748,jumia,Chambre Adulte,2026-06-11 18:51:22,True,Économique (500-1500),jumia_1846
Kitea Commode Venus 3 Tiroirs - Blanc/Chêne,2190.0,,0.0,https://www.jumia.ma/kitea-commode-venus-3-tiroirs-blancchene-67756536.html,https://ma.jumia.is/unsafe/fit-in/300x300/filters:fill(white)/product/63/565776/1.jpg?8597,jumia,Chambre Adulte,2026-06-11 18:51:30,False,Milieu (1500-4000),jumia_1848
Tables de nuit table de chevet moderne 50*40*30 beige et blanc,350.1,700.0,50.0,https://www.jumia.ma/generic-tables-de-nuit-table-de-chevet-moderne-504030-beige-et-blanc-67330306.html,https://ma.jumia.is/unsafe/fit-in/300x300/filters:fill(white)/product/60/303376/1.jpg?0226,jumia,Chambre Adulte,2026-06-11 18:50:50,True,Entrée (<500),jumia_1854
General Tables de chevet flottantes  avec Tiroir Rangement 40 x 35 x 25.6 cm,650.0,750.0,13.0,https://www.jumia.ma/general-tables-de-chevet-flottantes-avec-tiroir-rangement-40-x-35-x-25.6-cm-65796082.html,https://ma.jumia.is/unsafe/fit-in/300x300/filters:fill(white)/product/28/069756/1.jpg?8148,jumia,Chambre Adulte,2026-06-11 18:52:17,True,Économique (500-1500),jumia_1856
Dansmamaison.ma DENNIS Table de Chevet,790.0,,0.0,https://www.jumia.ma/dansmamaison.ma-dennis-table-de-chevet-67674640.html,https://ma.jumia.is/unsafe/fit-in/300x300/filters:fill(white)/product/04/647676/1.jpg?9557,jumia,Chambre Adulte,2026-06-11 18:52:11,False,Économique (500-1500),jumia_1858
"Kitea Table de chevet NAIA - 2 tiroir + 1 niche - 40,4 x50 x 49,5 cm - Beige",695.0,,0.0,https://www.jumia.ma/kitea-table-de-chevet-naia-2-tiroir-1-niche-404-x50-x-495-cm-beige-67990333.html,https://ma.jumia.is/unsafe/fit-in/300x300/filters:fill(white)/product/33/309976/1.jpg?2750,jumia,Chambre Adulte,2026-06-11 18:52:17,False,Économique (500-1500),jumia_1871
Table d'appoint/ commode polyvalente 55*40*30 cm,404.1,750.0,46.0,https://www.jumia.ma/generic-table-dappoint-commode-polyvalente-554030-cm-67911586.html,https://ma.jumia.is/unsafe/fit-in/300x300/filters:fill(white)/product/68/511976/1.jpg?9863,jumia,Chambre Adulte,2026-06-11 18:51:52,True,Entrée (<500),jumia_1874
Canapé d’Appoint Gonflable Épais – Design Moderne avec Repose-Pieds Intégré,807.75,1346.25,40.0,https://www.jumia.ma/canape-dappoint-gonflable-epais-design-moderne-avec-repose-pieds-integre-generic-mpg1535354.html,https://ma.jumia.is/unsafe/fit-in/300x300/filters:fill(white)/product/39/334276/1.jpg?8895,jumia,Chambre Adulte,2026-06-11 18:52:11,True,Économique (500-1500),jumia_1882
COMMODE 1 PORTE 3 TIROIRS 1 NICHE VERSION GRIS VOLCAN BOREALE,3199.0,,0.0,https://www.jumia.ma/generic-commode-1-porte-3-tiroirs-1-niche-version-gris-volcan-boreale-62378227.html,https://ma.jumia.is/unsafe/fit-in/300x300/filters:fill(white)/product/72/287326/1.jpg?7613,jumia,Chambre Adulte,2026-06-11 18:51:39,False,Milieu (1500-4000),jumia_1894
Une table d'appoint moderne 65*20*40 cm blanc,404.1,650.0,38.0,https://www.jumia.ma/generic-une-table-dappoint-moderne-652040-cm-blanc-67236728.html,https://ma.jumia.is/unsafe/fit-in/300x300/filters:fill(white)/product/82/763276/1.jpg?3162,jumia,Chambre Adulte,2026-06-11 18:50:59,True,Entrée (<500),jumia_1898
Kitea Set Deux Tables De Chevet Venus 2 Tiroirs - Blanc / Chêne,2390.0,,0.0,https://www.jumia.ma/kitea-set-deux-tables-de-chevet-venus-2-tiroirs-blanc-chene-67756561.html,https://ma.jumia.is/unsafe/fit-in/300x300/filters:fill(white)/product/16/565776/1.jpg?8618,jumia,Chambre Adulte,2026-06-11 18:52:00,False,Milieu (1500-4000),jumia_1912
Table d’Appoint Moderne en Forme de C – Design Élégant & Compact,169.0,199.0,15.0,https://www.jumia.ma/generic-table-dappoint-moderne-en-forme-de-c-design-elegant-compact-67307242.html,https://ma.jumia.is/unsafe/fit-in/300x300/filters:fill(white)/product/24/270376/1.jpg?1900,jumia,Chambre Adulte,2026-06-11 18:51:46,True,Entrée (<500),jumia_1913
"Table de nuit murale en bois , armoire de chevet blanche moderne pour chambre à coucher, 42 x 29 x 30 cm",689.0,800.0,14.0,https://www.jumia.ma/generic-table-de-nuit-murale-en-bois-armoire-de-chevet-blanche-moderne-pour-chambre-a-coucher-42-x-29-x-30-cm-65700356.html,https://ma.jumia.is/unsafe/fit-in/300x300/filters:fill(white)/product/65/300756/1.jpg?7484,jumia,Chambre Adulte,2026-06-11 18:51:46,True,Économique (500-1500),jumia_1921
Commode haute Lammelo 92 cm lamelles noir pieds dorés,2499.0,,0.0,https://www.jumia.ma/generic-commode-haute-lammelo-92-cm-lamelles-noir-pieds-dores-62378216.html,https://ma.jumia.is/unsafe/fit-in/300x300/filters:fill(white)/product/61/287326/1.jpg?7620,jumia,Chambre Adulte,2026-06-11 18:52:00,False,Milieu (1500-4000),jumia_1928
Une table d'appoint moderne,323.1,500.0,35.0,https://www.jumia.ma/generic-une-table-dappoint-moderne-67232657.html,https://ma.jumia.is/unsafe/fit-in/300x300/filters:fill(white)/product/75/623276/1.jpg?2811,jumia,Chambre Adulte,2026-06-11 18:51:13,True,Entrée (<500),jumia_1931
Garder le vent et les poussières hors maison bloquer isolant porte et fenêtre,37.0,,0.0,https://www.jumia.ma/garder-le-vent-et-les-poussieres-hors-maison-bloquer-isolant-porte-et-fenetre-generic-mpg1470750.html,https://ma.jumia.is/unsafe/fit-in/300x300/filters:fill(white)/product/63/164523/1.jpg?9051,jumia,Chambre Adulte,2026-06-11 18:50:40,False,Entrée (<500),jumia_1934
Table de chevet moderne en noir – élégante et pratique 50x40x40cm,589.0,700.0,16.0,https://www.jumia.ma/generic-table-de-chevet-moderne-en-noir-elegante-et-pratique-50x40x40cm-67616533.html,https://ma.jumia.is/unsafe/fit-in/300x300/filters:fill(white)/product/33/561676/1.jpg?1994,jumia,Chambre Adulte,2026-06-11 18:50:50,True,Économique (500-1500),jumia_1945
table de chevet modern 50cm / 30 cm mdf blanc,319.0,399.99,20.0,https://www.jumia.ma/generic-table-de-chevet-modern-50cm-30-cm-mdf-blanc-67191825.html,https://ma.jumia.is/unsafe/fit-in/300x300/filters:fill(white)/product/52/819176/1.jpg?9908,jumia,Chambre Adulte,2026-06-11 18:52:07,True,Entrée (<500),jumia_1952
Kitea Lit Lafabrica avec planche sommier + tiroir 120X200Cm - Beige / Gris,4290.0,4790.0,10.0,https://www.jumia.ma/kitea-lit-lafabrica-avec-planche-sommier-tiroir-120x200cm-beige-gris-67464501.html,https://ma.jumia.is/unsafe/fit-in/300x300/filters:fill(white)/product/10/546476/1.jpg?5386,jumia,Chambre Adulte,2026-06-11 18:51:30,True,Premium (4000-10k),jumia_1967
"Sac d’organisation multifonction en tissu non tissé, imperméable et pliable",59.0,110.0,46.0,https://www.jumia.ma/generic-sac-dorganisation-multifonction-en-tissu-non-tisse-impermeable-et-pliable-67564995.html,https://ma.jumia.is/unsafe/fit-in/300x300/filters:fill(white)/product/59/946576/1.jpg?7842,jumia,Chambre Adulte,2026-06-11 18:52:17,True,Entrée (<500),jumia_1970
ARMOIRE PENDERIE MOBILE DÉMONTABLE + HOUSSE - BORDEAUX,189.0,499.0,62.0,https://www.jumia.ma/armoire-penderie-mobile-demontable-housse-bordeaux-generic-mpg929161.html,https://ma.jumia.is/unsafe/fit-in/300x300/filters:fill(white)/product/14/348783/1.jpg?7885,jumia,Chambre Adulte,2026-06-11 18:51:46,True,Entrée (<500),jumia_2000
"Table d’Appoint en Forme de C avec Double Plateau en Bois et Roulettes – Table Basse Multifonction pour Salon, Canapé, Bureau et Lit – Table Mobile avec Rangement à 2 Niveaux",671.96,940.74,29.0,https://www.jumia.ma/generic-table-dappoint-en-forme-de-c-avec-double-plateau-en-bois-et-roulettes-table-basse-multifonction-pour-salon-canape-bureau-et-lit-table-mobile-avec-rangement-a-2-niveaux-67753366.html,https://ma.jumia.is/unsafe/fit-in/300x300/filters:fill(white)/product/66/335776/1.jpg?2330,jumia,Chambre Adulte,2026-06-11 18:52:17,True,Économique (500-1500),jumia_2006
"Table d'appoint en C design bois et métal, petite table basse mobile pour canapé et salon, table de chevet compacte pour ordinateur portable Jumia Maroc",169.0,240.0,30.0,https://www.jumia.ma/generic-table-dappoint-en-c-design-bois-et-metal-petite-table-basse-mobile-pour-canape-et-salon-table-de-chevet-compacte-pour-ordinateur-portable-jumia-maroc-67947281.html,https://ma.jumia.is/unsafe/fit-in/300x300/filters:fill(white)/product/18/274976/1.jpg?1087,jumia,Chambre Adulte,2026-06-11 18:50:50,True,Entrée (<500),jumia_2007
Lit enfant Football 90x190 cm Europe bois,1499.0,1899.0,21.0,https://www.jumia.ma/generic-lit-enfant-football-90x190-cm-europe-bois-64425122.html,https://ma.jumia.is/unsafe/fit-in/300x300/filters:fill(white)/product/22/152446/1.jpg?7808,jumia,Chambre Adulte,2026-06-11 18:51:39,True,Économique (500-1500),jumia_2009
SALIDOR Matelas Dorsotopia (180x200 cm) -  En ressort  et mousse haute qualité,3726.75,4969.0,25.0,https://www.jumia.ma/salidor-matelas-dorsotopia-180x200-cm-en-ressort-et-mousse-haute-qualite-67644469.html,https://ma.jumia.is/unsafe/fit-in/300x300/filters:fill(white)/product/96/444676/1.jpg?4977,jumia,Chambre Adulte,2026-06-11 18:51:13,True,Milieu (1500-4000),jumia_2019
SALIDOR Matelas Energia (90x200 cm) - En mousse haute qualité,1858.5,2478.0,25.0,https://www.jumia.ma/salidor-matelas-energia-90x200-cm-en-mousse-haute-qualite-67644468.html,https://ma.jumia.is/unsafe/fit-in/300x300/filters:fill(white)/product/86/444676/1.jpg?4976,jumia,Chambre Adulte,2026-06-11 18:51:52,True,Milieu (1500-4000),jumia_2021
Lit enfant  90x190 cm Europe bois,1499.0,1899.0,21.0,https://www.jumia.ma/generic-lit-enfant-90x190-cm-europe-bois-64425124.html,https://ma.jumia.is/unsafe/fit-in/300x300/filters:fill(white)/product/42/152446/1.jpg?7808,jumia,Chambre Adulte,2026-06-11 18:51:22,True,Économique (500-1500),jumia_2032
Kitea Commode LUCAS  3 Tiroirs - Gris / Blanc / Chêne,1990.0,,0.0,https://www.jumia.ma/kitea-commode-lucas-3-tiroirs-gris-blanc-chene-64611101.html,https://ma.jumia.is/unsafe/fit-in/300x300/filters:fill(white)/product/10/111646/1.jpg?3847,jumia,Chambre Adulte,2026-06-11 18:52:00,False,Milieu (1500-4000),jumia_2043
Table de Chevet Moderne – 1 Tiroir de Rangement – Blanc Éclatant – Table de Nuit Design Épuré,845.0,1098.5,23.0,https://www.jumia.ma/generic-table-de-chevet-moderne-1-tiroir-de-rangement-blanc-eclatant-table-de-nuit-design-epure-67583427.html,https://ma.jumia.is/unsafe/fit-in/300x300/filters:fill(white)/product/72/438576/1.jpg?8458,jumia,Chambre Adulte,2026-06-11 18:52:11,True,Économique (500-1500),jumia_2073
SALIDOR Matelas Black vibe (160x200 cm) - En ressort ensachés et mousse haute résilience,4806.0,6408.0,25.0,https://www.jumia.ma/salidor-matelas-black-vibe-160x200-cm-en-ressort-ensaches-et-mousse-haute-resilience-67644504.html,https://ma.jumia.is/unsafe/fit-in/300x300/filters:fill(white)/product/40/544676/1.jpg?5006,jumia,Chambre Adulte,2026-06-11 18:51:13,True,Premium (4000-10k),jumia_2080
Armoire de Rangement Penderie de Vêtement Pliable - Marron,185.0,499.0,63.0,https://www.jumia.ma/generic-armoire-de-rangement-penderie-de-vetement-pliable-marron-35136368.html,https://ma.jumia.is/unsafe/fit-in/300x300/filters:fill(white)/product/86/363153/1.jpg?2585,jumia,Chambre Adulte,2026-06-11 18:52:21,True,Entrée (<500),jumia_2084
Kitea Commode LARA Avec 3 Tiroirs + 3 Niches - Chêne,1990.0,2390.0,17.0,https://www.jumia.ma/kitea-commode-lara-avec-3-tiroirs-3-niches-chene-65774990.html,https://ma.jumia.is/unsafe/fit-in/300x300/filters:fill(white)/product/09/947756/1.jpg?9945,jumia,Chambre Adulte,2026-06-11 18:51:13,True,Milieu (1500-4000),jumia_2085
Autocollant jolies fleurs et mignon papillon stickers vinyle stick Noir SI20,355.0,495.0,28.0,https://www.jumia.ma/generic-autocollant-jolies-fleurs-et-mignon-papillon-stickers-vinyle-stick-noir-si20-31652752.html,https://ma.jumia.is/unsafe/fit-in/300x300/filters:fill(white)/product/25/725613/1.jpg?9427,jumia,Chambre Adulte,2026-06-11 18:51:52,True,Entrée (<500),jumia_2092
"Table de nuit, Table d’appoint, Commode pour boîte 40×35×45 cm",494.1,700.0,29.0,https://www.jumia.ma/generic-table-de-nuit-table-dappoint-commode-pour-boite-403545-cm-67405036.html,https://ma.jumia.is/unsafe/fit-in/300x300/filters:fill(white)/product/63/050476/1.jpg?8790,jumia,Chambre Adulte,2026-06-11 18:50:59,True,Entrée (<500),jumia_2117
"Kitea Commode PEPE - 5 tiroirs - 70 x 40,25 x 102 cm - Chêne & Blanc",1595.0,,0.0,https://www.jumia.ma/kitea-commode-pepe-5-tiroirs-70-x-4025-x-102-cm-chene-blanc-67987984.html,https://ma.jumia.is/unsafe/fit-in/300x300/filters:fill(white)/product/48/978976/1.jpg?3001,jumia,Chambre Adulte,2026-06-11 18:51:52,False,Milieu (1500-4000),jumia_2140
Lit enfant avec rangement 90x200 Anthracite & Bois Milor,1399.0,2399.0,42.0,https://www.jumia.ma/generic-lit-enfant-avec-rangement-90x200-anthracite-bois-milor-65307911.html,https://ma.jumia.is/unsafe/fit-in/300x300/filters:fill(white)/product/11/970356/1.jpg?6305,jumia,Chambre Adulte,2026-06-11 18:50:59,True,Économique (500-1500),jumia_2147
Table d'Appoint Design en Forme de C – Table de Bout de Canapé Moderne – Support Ordinateur et Plateau Café pour Salon et Chambre – 45x28x59 cm,169.0,200.0,16.0,https://www.jumia.ma/generic-table-dappoint-design-en-forme-de-c-table-de-bout-de-canape-moderne-support-ordinateur-et-plateau-cafe-pour-salon-et-chambre-45x28x59-cm-67916796.html,https://ma.jumia.is/unsafe/fit-in/300x300/filters:fill(white)/product/69/761976/1.jpg?4426,jumia,Chambre Adulte,2026-06-11 18:52:00,True,Entrée (<500),jumia_2152
table de chevet moderne blanc 56*36*36 cm,530.1,1000.0,47.0,https://www.jumia.ma/generic-table-de-chevet-moderne-blanc-563636-cm-67131458.html,https://ma.jumia.is/unsafe/fit-in/300x300/filters:fill(white)/product/85/413176/1.jpg?6530,jumia,Chambre Adulte,2026-06-11 18:50:50,True,Économique (500-1500),jumia_2163
ARMOIRE PENDERIE MOBILE DÉMONTABLE + HOUSSE - BLEU,198.0,499.0,60.0,https://www.jumia.ma/generic-armoire-penderie-mobile-demontable-housse-bleu-38784338.html,https://ma.jumia.is/unsafe/fit-in/300x300/filters:fill(white)/product/83/348783/1.jpg?7885,jumia,Chambre Adulte,2026-06-11 18:52:11,True,Entrée (<500),jumia_2166
Mini commode pour bébe dimention total 27x09x27,120.0,160.0,25.0,https://www.jumia.ma/generic-mini-commode-pour-bebe-dimention-total-27x09x27-65124452.html,https://ma.jumia.is/unsafe/fit-in/300x300/filters:fill(white)/product/25/442156/1.jpg?5710,jumia,Chambre Adulte,2026-06-11 18:51:13,True,Entrée (<500),jumia_2172
Kitea Commode CHARLY Avec 3 Tiroirs  - Chêne / Blanc,1490.0,,0.0,https://www.jumia.ma/kitea-commode-charly-avec-3-tiroirs-chene-blanc-62660754.html,https://ma.jumia.is/unsafe/fit-in/300x300/filters:fill(white)/product/45/706626/1.jpg?2563,jumia,Chambre Adulte,2026-06-11 18:51:46,False,Économique (500-1500),jumia_2176
Table de chevet avec 2 tiroir Table de chambre à coucher blanc (50*40*35 )cm,593.1,900.0,34.0,https://www.jumia.ma/generic-table-de-chevet-avec-2-tiroir-table-de-chambre-a-coucher-blanc-504035-cm-67666541.html,https://ma.jumia.is/unsafe/fit-in/300x300/filters:fill(white)/product/14/566676/1.jpg?6358,jumia,Chambre Adulte,2026-06-11 18:51:13,True,Économique (500-1500),jumia_2185
Table à thé / Chevet taille moderne - Table basse coin,270.0,,0.0,https://www.jumia.ma/generic-table-a-the-chevet-taille-moderne-table-basse-coin-65804389.html,https://ma.jumia.is/unsafe/fit-in/300x300/filters:fill(white)/product/98/340856/1.jpg?9629,jumia,Chambre Adulte,2026-06-11 18:52:17,False,Entrée (<500),jumia_2206
SALIDOR Matelas Dorsoligne (90x200 cm) - En mousse haute qualité,2116.5,2822.0,25.0,https://www.jumia.ma/salidor-matelas-dorsoligne-90x200-cm-en-mousse-haute-qualite-67644471.html,https://ma.jumia.is/unsafe/fit-in/300x300/filters:fill(white)/product/17/444676/1.jpg?4979,jumia,Chambre Adulte,2026-06-11 18:51:30,True,Milieu (1500-4000),jumia_2207
Kitea COMMODE PANAMA Avec 4 Tiroirs - Gris / Blanc,4250.0,5590.0,24.0,https://www.jumia.ma/kitea-commode-panama-avec-4-tiroirs-gris-blanc-65892329.html,https://ma.jumia.is/unsafe/fit-in/300x300/filters:fill(white)/product/92/329856/1.jpg?6109,jumia,Chambre Adulte,2026-06-11 18:52:11,True,Premium (4000-10k),jumia_2219
Kitea Commode STELLA Avec 3 Tiroirs - Rose / Blanc / Gris,1790.0,,0.0,https://www.jumia.ma/kitea-commode-stella-avec-3-tiroirs-rose-blanc-gris-63343468.html,https://ma.jumia.is/unsafe/fit-in/300x300/filters:fill(white)/product/86/434336/1.jpg?9692,jumia,Chambre Adulte,2026-06-11 18:51:46,False,Milieu (1500-4000),jumia_2226
Table de chevet beige avec tiroir,593.1,800.0,26.0,https://www.jumia.ma/generic-table-de-chevet-beige-avec-tiroir-67341847.html,https://ma.jumia.is/unsafe/fit-in/300x300/filters:fill(white)/product/74/814376/1.jpg?9137,jumia,Chambre Adulte,2026-06-11 18:50:40,True,Économique (500-1500),jumia_2244
Kitea Commode DURO Chêne Gris Clair,3045.0,,0.0,https://www.jumia.ma/kitea-commode-duro-chene-gris-clair-63343923.html,https://ma.jumia.is/unsafe/fit-in/300x300/filters:fill(white)/product/32/934336/1.jpg?9829,jumia,Chambre Adulte,2026-06-11 18:51:30,False,Milieu (1500-4000),jumia_2264
Kitea LIT PALANTE 140x190/200 SANS SOMMIER + 2 Tables de chevet - Blanc / Chêne,2195.0,4750.0,54.0,https://www.jumia.ma/kitea-lit-palante-140x190200-sans-sommier-2-tables-de-chevet-blanc-chene-67375833.html,https://ma.jumia.is/unsafe/fit-in/300x300/filters:fill(white)/product/33/857376/1.jpg?8543,jumia,Chambre Adulte,2026-06-11 18:50:40,True,Milieu (1500-4000),jumia_2278
Table d'appoint en mdf MARRON ET GRIS - 60 x 40 x 20 cm,296.1,450.0,34.0,https://www.jumia.ma/generic-table-dappoint-en-mdf-marron-et-gris-60-x-40-x-20-cm-67574229.html,https://ma.jumia.is/unsafe/fit-in/300x300/filters:fill(white)/product/92/247576/1.jpg?1801,jumia,Chambre Adulte,2026-06-11 18:50:50,True,Entrée (<500),jumia_2296
Table de chevet avec tiroir Table de chambre à coucher 60*35*25 cm,476.1,700.0,32.0,https://www.jumia.ma/generic-table-de-chevet-avec-tiroir-table-de-chambre-a-coucher-603525-cm-67615988.html,https://ma.jumia.is/unsafe/fit-in/300x300/filters:fill(white)/product/88/951676/1.jpg?1794,jumia,Chambre Adulte,2026-06-11 18:51:13,True,Entrée (<500),jumia_2301
SALIDOR Matelas Energia (180x200 cm) - En mousse haute qualité,3468.0,4624.0,25.0,https://www.jumia.ma/salidor-matelas-energia-180x200-cm-en-mousse-haute-qualite-67644491.html,https://ma.jumia.is/unsafe/fit-in/300x300/filters:fill(white)/product/19/444676/1.jpg?4995,jumia,Chambre Adulte,2026-06-11 18:51:39,True,Milieu (1500-4000),jumia_2303
Kitea Commode LIDYA - Blanc / Beige,2895.0,3890.0,26.0,https://www.jumia.ma/kitea-commode-lidya-blanc-beige-65680680.html,https://ma.jumia.is/unsafe/fit-in/300x300/filters:fill(white)/product/08/608656/1.jpg?1607,jumia,Chambre Adulte,2026-06-11 18:52:00,True,Milieu (1500-4000),jumia_2305
Kitea Table De Chevet INFINITO -  Marron / Gris,1195.0,1290.0,7.0,https://www.jumia.ma/kitea-table-de-chevet-infinito-marron-gris-64611049.html,https://ma.jumia.is/unsafe/fit-in/300x300/filters:fill(white)/product/94/011646/1.jpg?3864,jumia,Chambre Adulte,2026-06-11 18:52:07,True,Économique (500-1500),jumia_2309
Kitea Commode BELLAGIO  4 Tiroirs - Blanc Mat / Miroir,2590.0,2990.0,13.0,https://www.jumia.ma/kitea-commode-bellagio-4-tiroirs-blanc-mat-miroir-62660717.html,https://ma.jumia.is/unsafe/fit-in/300x300/filters:fill(white)/product/71/706626/1.jpg?3033,jumia,Chambre Adulte,2026-06-11 18:52:00,True,Milieu (1500-4000),jumia_2312
General Tables de chevet flottantes  42 x 28 x 16 cm,329.0,450.0,27.0,https://www.jumia.ma/general-tables-de-chevet-flottantes-42-x-28-x-16-cm-65845643.html,https://ma.jumia.is/unsafe/fit-in/300x300/filters:fill(white)/product/34/654856/1.jpg?9447,jumia,Chambre Adulte,2026-06-11 18:51:46,True,Entrée (<500),jumia_2315
Coiffeuse Murale Moderne avec Rangement & Miroir LED,1199.0,,0.0,https://www.jumia.ma/generic-coiffeuse-murale-moderne-avec-rangement-miroir-led-67873277.html,https://ma.jumia.is/unsafe/fit-in/300x300/filters:fill(white)/product/77/237876/1.jpg?2852,jumia,Chambre Adulte,2026-06-11 18:51:13,False,Économique (500-1500),jumia_2320
SALIDOR Matelas Energia (90x190 cm) - En mousse haute qualité,1689.0,2252.0,25.0,https://www.jumia.ma/salidor-matelas-energia-90x190-cm-en-mousse-haute-qualite-67644480.html,https://ma.jumia.is/unsafe/fit-in/300x300/filters:fill(white)/product/08/444676/1.jpg?4985,jumia,Chambre Adulte,2026-06-11 18:51:22,True,Milieu (1500-4000),jumia_2324
Kitea Commode HULON - Chêne / Blanc Brillant,2295.0,,0.0,https://www.jumia.ma/kitea-commode-hulon-chene-blanc-brillant-63344490.html,https://ma.jumia.is/unsafe/fit-in/300x300/filters:fill(white)/product/09/444336/1.jpg?9231,jumia,Chambre Adulte,2026-06-11 18:52:11,False,Milieu (1500-4000),jumia_2327
Kitea COMMODE RICKO - Chêne / Blanc,2690.0,,0.0,https://www.jumia.ma/kitea-commode-ricko-chene-blanc-66901609.html,https://ma.jumia.is/unsafe/fit-in/300x300/filters:fill(white)/product/90/610966/1.jpg?6070,jumia,Chambre Adulte,2026-06-11 18:51:30,False,Milieu (1500-4000),jumia_2338
Tente lit moustiquaire avec porte style IN/OUT,137.0,300.0,54.0,https://www.jumia.ma/generic-tente-lit-moustiquaire-avec-porte-style-inout-29269857.html,https://ma.jumia.is/unsafe/fit-in/300x300/filters:fill(white)/product/75/896292/1.jpg?9174,jumia,Chambre Adulte,2026-06-11 18:50:40,True,Entrée (<500),jumia_2341
Table de chevet élégante et pratique 55*44*35 cm,649.0,800.0,19.0,https://www.jumia.ma/generic-table-de-chevet-elegante-et-pratique-554435-cm-67723412.html,https://ma.jumia.is/unsafe/fit-in/300x300/filters:fill(white)/product/21/432776/1.jpg?5254,jumia,Chambre Adulte,2026-06-11 18:51:46,True,Économique (500-1500),jumia_2359
SALIDOR Matelas Orthodorsal (160x200 cm) - En ressort  et mousse haute qualité,2641.5,3522.0,25.0,https://www.jumia.ma/salidor-matelas-orthodorsal-160x200-cm-en-ressort-et-mousse-haute-qualite-67644473.html,https://ma.jumia.is/unsafe/fit-in/300x300/filters:fill(white)/product/37/444676/1.jpg?4980,jumia,Chambre Adulte,2026-06-11 18:50:50,True,Milieu (1500-4000),jumia_2362
"Table de nuit flottante,étagère de chevet murale",229.0,320.0,28.0,https://www.jumia.ma/generic-table-de-nuit-flottanteetagere-de-chevet-murale-67957177.html,https://ma.jumia.is/unsafe/fit-in/300x300/filters:fill(white)/product/77/175976/1.jpg?6114,jumia,Chambre Adulte,2026-06-11 18:51:52,True,Entrée (<500),jumia_2369
Table de nuit Table d’appoint Commode pour boîte Table chevet Dany Blanc,569.0,750.0,24.0,https://www.jumia.ma/generic-table-de-nuit-table-dappoint-commode-pour-boite-table-chevet-dany-blanc-65679042.html,https://ma.jumia.is/unsafe/fit-in/300x300/filters:fill(white)/product/24/097656/1.jpg?6507,jumia,Chambre Adulte,2026-06-11 18:51:22,True,Économique (500-1500),jumia_2376
Fauteuil lounge gonflable avec support pour les jambes,254.15,399.0,36.0,https://www.jumia.ma/generic-fauteuil-lounge-gonflable-avec-support-pour-les-jambes-67882064.html,https://ma.jumia.is/unsafe/fit-in/300x300/filters:fill(white)/product/46/028876/1.jpg?4335,jumia,Chambre Adulte,2026-06-11 18:52:11,True,Entrée (<500),jumia_2390
"Table d’Appoint Moderne en Forme de C, Table Basse Mobile pour Canapé et Salon, Petite Table de Chevet Compacte pour Ordinateur Portable, Design Bois et Métal",222.0,424.0,48.0,https://www.jumia.ma/generic-table-dappoint-moderne-en-forme-de-c-table-basse-mobile-pour-canape-et-salon-petite-table-de-chevet-compacte-pour-ordinateur-portable-design-bois-et-metal-67781640.html,https://ma.jumia.is/unsafe/fit-in/300x300/filters:fill(white)/product/04/618776/1.jpg?6804,jumia,Chambre Adulte,2026-06-11 18:51:22,True,Entrée (<500),jumia_2391
Kitea Lit LUCAS Avec Sommier 120x200cm - Gris / Blanc / Chêne,3390.0,,0.0,https://www.jumia.ma/kitea-lit-lucas-avec-sommier-120x200cm-gris-blanc-chene-67375809.html,https://ma.jumia.is/unsafe/fit-in/300x300/filters:fill(white)/product/90/857376/1.jpg?1869,jumia,Chambre Adulte,2026-06-11 18:51:39,False,Milieu (1500-4000),jumia_2403
"Moustiquaire Lit pour lit Double avec moustiquaire,180 x 200 cm (2 Porte)",145.0,,0.0,https://www.jumia.ma/moustiquaire-lit-pour-lit-double-avec-moustiquaire180-x-200-cm-2-porte-generic-mpg1037269.html,https://ma.jumia.is/unsafe/fit-in/300x300/filters:fill(white)/product/42/900353/1.jpg?1710,jumia,Chambre Adulte,2026-06-11 18:51:39,False,Entrée (<500),jumia_2412
Kitea Lit Azuka 140 x 190 cm avec sommier – Wengé,1995.0,,0.0,https://www.jumia.ma/kitea-lit-azuka-140-x-190-cm-avec-sommier-wenge-68001432.html,https://ma.jumia.is/unsafe/fit-in/300x300/filters:fill(white)/product/23/410086/1.jpg?0516,jumia,Chambre Adulte,2026-06-11 18:52:21,False,Milieu (1500-4000),jumia_2435
Table d'appoint 55x57x20 Table basse,575.1,1000.0,43.0,https://www.jumia.ma/generic-table-dappoint-55x57x20-table-basse-67236328.html,https://ma.jumia.is/unsafe/fit-in/300x300/filters:fill(white)/product/82/363276/1.jpg?5608,jumia,Chambre Adulte,2026-06-11 18:51:39,True,Économique (500-1500),jumia_2442
General Table de chevet Table de nuit 45*35*26 cm Blanc,269.1,799.0,66.0,https://www.jumia.ma/generic-general-table-de-chevet-table-de-nuit-453526-cm-blanc-65689136.html,https://ma.jumia.is/unsafe/fit-in/300x300/filters:fill(white)/product/63/198656/1.jpg?3407,jumia,Chambre Adulte,2026-06-11 18:50:59,True,Entrée (<500),jumia_2466
"Table de chevet, Tables d'appoint pour la décoration 30 x 40 x 50 cm",296.1,550.0,46.0,https://www.jumia.ma/generic-table-de-chevet-tables-dappoint-pour-la-decoration-30-x-40-x-50-cm-67394560.html,https://ma.jumia.is/unsafe/fit-in/300x300/filters:fill(white)/product/06/549376/1.jpg?1198,jumia,Chambre Adulte,2026-06-11 18:50:59,True,Entrée (<500),jumia_2476
Armoire Murale avec Tiroir Rangement 40 x 35 x 25.6 cm,529.0,750.0,30.0,https://www.jumia.ma/generic-armoire-murale-avec-tiroir-rangement-40-x-35-x-25.6-cm-67252817.html,https://ma.jumia.is/unsafe/fit-in/300x300/filters:fill(white)/product/71/825276/1.jpg?7481,jumia,Chambre Adulte,2026-06-11 18:51:13,True,Économique (500-1500),jumia_2487
"Meuble de rangement de chevet, tiroir de chevet 40×35×45 cm",549.0,749.0,27.0,https://www.jumia.ma/generic-meuble-de-rangement-de-chevet-tiroir-de-chevet-403545-cm-67490465.html,https://ma.jumia.is/unsafe/fit-in/300x300/filters:fill(white)/product/56/409476/1.jpg?7987,jumia,Chambre Adulte,2026-06-11 18:51:13,True,Économique (500-1500),jumia_2505
Kitea COMMODE MAYA 3 TIROIRS Et MIROIR - Blanc / Chêne,1990.0,3590.0,45.0,https://www.jumia.ma/kitea-commode-maya-3-tiroirs-et-miroir-blanc-chene-67003448.html,https://ma.jumia.is/unsafe/fit-in/300x300/filters:fill(white)/product/84/430076/1.jpg?6079,jumia,Chambre Adulte,2026-06-11 18:51:39,True,Milieu (1500-4000),jumia_2517
Kitea Commode JONAS 3 Portes - Wenge / Marron foncé,1495.0,,0.0,https://www.jumia.ma/kitea-commode-jonas-3-portes-wenge-marron-fonce-63343871.html,https://ma.jumia.is/unsafe/fit-in/300x300/filters:fill(white)/product/17/834336/1.jpg?9841,jumia,Chambre Adulte,2026-06-11 18:51:22,False,Économique (500-1500),jumia_2525
Étagère flottante pour table de nuit murale Table de Chevet Marron Modulaire,399.0,420.0,5.0,https://www.jumia.ma/generic-etagere-flottante-pour-table-de-nuit-murale-table-de-chevet-marron-modulaire-65429221.html,https://ma.jumia.is/unsafe/fit-in/300x300/filters:fill(white)/product/12/292456/1.jpg?5351,jumia,Chambre Adulte,2026-06-11 18:52:07,True,Entrée (<500),jumia_2530
Kitea COMMODE LYON Avec 3 TIROIRS - Blanc,4390.0,,0.0,https://www.jumia.ma/kitea-commode-lyon-avec-3-tiroirs-blanc-67375885.html,https://ma.jumia.is/unsafe/fit-in/300x300/filters:fill(white)/product/58/857376/1.jpg?8788,jumia,Chambre Adulte,2026-06-11 18:51:39,False,Premium (4000-10k),jumia_2531
"Table d’Appoint en Forme de C – Petite Table Basse Moderne en Bois et Métal, Compacte & Élégante pour Salon, Chambre, Canapé ou Lit",162.99,250.0,35.0,https://www.jumia.ma/generic-table-dappoint-en-forme-de-c-petite-table-basse-moderne-en-bois-et-metal-compacte-elegante-pour-salon-chambre-canape-ou-lit-66417052.html,https://ma.jumia.is/unsafe/fit-in/300x300/filters:fill(white)/product/25/071466/1.jpg?2875,jumia,Chambre Adulte,2026-06-11 18:51:39,True,Entrée (<500),jumia_2539
"Cintre Armoire de chambre à coucher organisateur Porte-manteau Double Cintre,",229.0,450.0,49.0,https://www.jumia.ma/generic-cintre-armoire-de-chambre-a-coucher-organisateur-porte-manteau-double-cintre-67916408.html,https://ma.jumia.is/unsafe/fit-in/300x300/filters:fill(white)/product/80/461976/1.jpg?2495,jumia,Chambre Adulte,2026-06-11 18:52:17,True,Entrée (<500),jumia_2548
Kitea Lit Venus 160x200cm Sans Sommier - Blanc/Chêne,2590.0,,0.0,https://www.jumia.ma/kitea-lit-venus-160x200cm-sans-sommier-blancchene-67756251.html,https://ma.jumia.is/unsafe/fit-in/300x300/filters:fill(white)/product/15/265776/1.jpg?1191,jumia,Chambre Adulte,2026-06-11 18:50:59,False,Milieu (1500-4000),jumia_2562
Kitea Commode MI PIACE - Gris / Blanc,2490.0,2590.0,4.0,https://www.jumia.ma/kitea-commode-mi-piace-gris-blanc-63343873.html,https://ma.jumia.is/unsafe/fit-in/300x300/filters:fill(white)/product/37/834336/1.jpg?9839,jumia,Chambre Adulte,2026-06-11 18:51:52,True,Milieu (1500-4000),jumia_2569
Table de Chevet Flottante Design,558.0,,0.0,https://www.jumia.ma/generic-table-de-chevet-flottante-design-67185819.html,https://ma.jumia.is/unsafe/fit-in/300x300/filters:fill(white)/product/91/858176/1.jpg?5195,jumia,Chambre Adulte,2026-06-11 18:52:07,False,Économique (500-1500),jumia_2580
"Dormissimo MATELAS mémoire de forme  22 cm d'épaisseur, 100 % fabriqué en Espagne",3200.0,,0.0,https://www.jumia.ma/dormissimo-matelas-memoire-de-forme-22-cm-depaisseur-100-fabrique-en-espagne-64652630.html,https://ma.jumia.is/unsafe/fit-in/300x300/filters:fill(white)/product/03/625646/1.jpg?5330,jumia,Chambre Adulte,2026-06-11 18:51:13,False,Milieu (1500-4000),jumia_2592
"Table de chevet, Tables d'appoint pour la décoration 50 x 40 x 30 cm",413.1,600.0,31.0,https://www.jumia.ma/generic-table-de-chevet-tables-dappoint-pour-la-decoration-50-x-40-x-30-cm-67343189.html,https://ma.jumia.is/unsafe/fit-in/300x300/filters:fill(white)/product/98/134376/1.jpg?6435,jumia,Chambre Adulte,2026-06-11 18:52:00,True,Entrée (<500),jumia_2599
Table de chevet Blanc 40x30x40 cm Bois MDF,449.0,600.0,25.0,https://www.jumia.ma/generic-table-de-chevet-blanc-40x30x40-cm-bois-mdf-66532976.html,https://ma.jumia.is/unsafe/fit-in/300x300/filters:fill(white)/product/67/923566/1.jpg?2106,jumia,Chambre Adulte,2026-06-11 18:51:39,True,Entrée (<500),jumia_2605
SALIDOR Matelas Orthodorsal (140x200 cm) - En ressort  et mousse haute qualité,2205.0,2940.0,25.0,https://www.jumia.ma/salidor-matelas-orthodorsal-140x200-cm-en-ressort-et-mousse-haute-qualite-67644488.html,https://ma.jumia.is/unsafe/fit-in/300x300/filters:fill(white)/product/88/444676/1.jpg?4993,jumia,Chambre Adulte,2026-06-11 18:50:40,True,Milieu (1500-4000),jumia_2613
Bestway MATELAS GONFLABLE SUMMER ESSENTIAL,159.0,,0.0,https://www.jumia.ma/bestway-matelas-gonflable-summer-essential-67107193.html,https://ma.jumia.is/unsafe/fit-in/300x300/filters:fill(white)/product/39/170176/1.jpg?3984,jumia,Chambre Adulte,2026-06-11 18:52:11,False,Entrée (<500),jumia_2621
"Coiffeuse,Table Avec 1 Tiroir, Convient Pour Tout Lit Et Toute Chambre",379.0,499.0,24.0,https://www.jumia.ma/generic-coiffeusetable-avec-1-tiroir-convient-pour-tout-lit-et-toute-chambre-65698969.html,https://ma.jumia.is/unsafe/fit-in/300x300/filters:fill(white)/product/96/989656/1.jpg?1845,jumia,Chambre Adulte,2026-06-11 18:50:50,True,Entrée (<500),jumia_2623
Kitea Commode SAINT TROPEZ avec led Blanc,4995.0,,0.0,https://www.jumia.ma/kitea-commode-saint-tropez-avec-led-blanc-65694708.html,https://ma.jumia.is/unsafe/fit-in/300x300/filters:fill(white)/product/80/749656/1.jpg?4569,jumia,Chambre Adulte,2026-06-11 18:51:52,False,Premium (4000-10k),jumia_2625
"Table d’Appoint Design – Compacte, Mobile et Élégante",149.0,199.0,25.0,https://www.jumia.ma/generic-table-dappoint-design-compacte-mobile-et-elegante-67307249.html,https://ma.jumia.is/unsafe/fit-in/300x300/filters:fill(white)/product/94/270376/1.jpg?1906,jumia,Chambre Adulte,2026-06-11 18:51:39,True,Entrée (<500),jumia_2627
SALIDOR Matelas Dorsotopia (90x200 cm) -  En ressort  et mousse haute qualité,2116.5,2822.0,25.0,https://www.jumia.ma/salidor-matelas-dorsotopia-90x200-cm-en-ressort-et-mousse-haute-qualite-67644492.html,https://ma.jumia.is/unsafe/fit-in/300x300/filters:fill(white)/product/29/444676/1.jpg?4996,jumia,Chambre Adulte,2026-06-11 18:52:00,True,Milieu (1500-4000),jumia_2633
Kitea Table Coin HARDY - Marron,1995.0,2995.0,33.0,https://www.jumia.ma/kitea-table-coin-hardy-marron-64810212.html,https://ma.jumia.is/unsafe/fit-in/300x300/filters:fill(white)/product/21/201846/1.jpg?6610,jumia,Chambre Adulte,2026-06-11 18:52:17,True,Milieu (1500-4000),jumia_2635
Table d'appoint en MDF blanc et beige - 40 x 40 x 50 cm,499.0,750.0,34.0,https://www.jumia.ma/generic-table-dappoint-en-mdf-blanc-et-beige-40-x-40-x-50-cm-67218460.html,https://ma.jumia.is/unsafe/fit-in/300x300/filters:fill(white)/product/06/481276/1.jpg?6450,jumia,Chambre Adulte,2026-06-11 18:51:46,True,Entrée (<500),jumia_2655
Portant à Vêtements Double avec Étagères à Chaussures - Porte-manteau Métallique Robuste - Organisateur de Rangement Entrée - Noir.,350.0,,0.0,https://www.jumia.ma/generic-portant-a-vetements-double-avec-etageres-a-chaussures-porte-manteau-metallique-robuste-organisateur-de-rangement-entree-noir.-67550413.html,https://ma.jumia.is/unsafe/fit-in/300x300/filters:fill(white)/product/31/405576/1.jpg?0841,jumia,Chambre Adulte,2026-06-11 18:51:22,False,Entrée (<500),jumia_2666
Kitea SET LIT DAILY 2 Tiroirs Et 1 Niche 140x190/200cm Avec Sommier + 2 Chevets - Chêne,2990.0,,0.0,https://www.jumia.ma/kitea-set-lit-daily-2-tiroirs-et-1-niche-140x190200cm-avec-sommier-2-chevets-chene-65981627.html,https://ma.jumia.is/unsafe/fit-in/300x300/filters:fill(white)/product/72/618956/1.jpg?5426,jumia,Chambre Adulte,2026-06-11 18:50:40,False,Milieu (1500-4000),jumia_2669
Kitea Commode MODERN WAY Chêne Marron et Blanc,1690.0,1950.0,13.0,https://www.jumia.ma/kitea-commode-modern-way-chene-marron-et-blanc-63344389.html,https://ma.jumia.is/unsafe/fit-in/300x300/filters:fill(white)/product/98/344336/1.jpg?3384,jumia,Chambre Adulte,2026-06-11 18:50:59,True,Milieu (1500-4000),jumia_2680
RICHBOND Matelas Roulé R Sensorio 160x200 En Mousse ABS Haute Densité - Confort Mi-Ferme - Certifié Anti-Allergique - Garantie 6 ans,2332.0,2454.0,5.0,https://www.jumia.ma/richbond-matelas-roule-r-sensorio-160x200-en-mousse-abs-haute-densite-confort-mi-ferme-certifie-anti-allergique-garantie-6-ans-67253494.html,https://ma.jumia.is/unsafe/fit-in/300x300/filters:fill(white)/product/49/435276/1.jpg?9579,jumia,Chambre Adulte,2026-06-11 18:50:40,True,Milieu (1500-4000),jumia_2698
"table de shevet de nuit flottante moderne  avec tiroir, 1, marron",559.0,650.0,14.0,https://www.jumia.ma/generic-table-de-shevet-de-nuit-flottante-moderne-avec-tiroir-1-marron-65429226.html,https://ma.jumia.is/unsafe/fit-in/300x300/filters:fill(white)/product/62/292456/1.jpg?5350,jumia,Chambre Adulte,2026-06-11 18:51:39,True,Économique (500-1500),jumia_2710
"Table de chevet , armoire de rangement de chevet,table a café",490.0,600.0,18.0,https://www.jumia.ma/generic-table-de-chevet-armoire-de-rangement-de-chevettable-a-cafe-65652909.html,https://ma.jumia.is/unsafe/fit-in/300x300/filters:fill(white)/product/90/925656/1.jpg?1856,jumia,Chambre Adulte,2026-06-11 18:52:07,True,Entrée (<500),jumia_2719
table de chevet moderne 55*35*30 cm,323.1,600.0,46.0,https://www.jumia.ma/generic-table-de-chevet-moderne-553530-cm-67133240.html,https://ma.jumia.is/unsafe/fit-in/300x300/filters:fill(white)/product/04/233176/1.jpg?1604,jumia,Chambre Adulte,2026-06-11 18:50:40,True,Entrée (<500),jumia_2746
Lit GamingKids 90x190cm - noir/rouge,1499.0,1899.0,21.0,https://www.jumia.ma/generic-lit-gamingkids-90x190cm-noirrouge-64638346.html,https://ma.jumia.is/unsafe/fit-in/300x300/filters:fill(white)/product/64/383646/1.jpg?3245,jumia,Chambre Adulte,2026-06-11 18:51:46,True,Économique (500-1500),jumia_2751
SALIDOR Matelas Dorsotopia (100x190 cm) -  En ressort  et mousse haute qualité,2088.75,2785.0,25.0,https://www.jumia.ma/salidor-matelas-dorsotopia-100x190-cm-en-ressort-et-mousse-haute-qualite-67644475.html,https://ma.jumia.is/unsafe/fit-in/300x300/filters:fill(white)/product/57/444676/1.jpg?4982,jumia,Chambre Adulte,2026-06-11 18:51:22,True,Milieu (1500-4000),jumia_2754
ARMOIRE PENDERIE MOBILE DÉMONTABLE + HOUSSE - GRIS,198.0,499.0,60.0,https://www.jumia.ma/armoire-penderie-mobile-demontable-housse-gris-generic-mpg929162.html,https://ma.jumia.is/unsafe/fit-in/300x300/filters:fill(white)/product/04/348783/1.jpg?7885,jumia,Chambre Adulte,2026-06-11 18:52:07,True,Entrée (<500),jumia_2768
ARMOIRE PENDERIE MOBILE DÉMONTABLE maron,199.0,220.0,10.0,https://www.jumia.ma/generic-armoire-penderie-mobile-demontable-maron-67343463.html,https://ma.jumia.is/unsafe/fit-in/300x300/filters:fill(white)/product/36/434376/1.jpg?1254,jumia,Chambre Adulte,2026-06-11 18:50:59,True,Entrée (<500),jumia_2769
Kitea Commode JULEDA  - Sonoma / Blanc,1495.0,1995.0,25.0,https://www.jumia.ma/kitea-commode-juleda-sonoma-blanc-63344045.html,https://ma.jumia.is/unsafe/fit-in/300x300/filters:fill(white)/product/54/044336/1.jpg?9813,jumia,Chambre Adulte,2026-06-11 18:51:13,True,Économique (500-1500),jumia_2772
SALIDOR Matelas Dorsoligne (180x190) - En mousse haute qualité,3874.5,5166.0,25.0,https://www.jumia.ma/salidor-matelas-dorsoligne-180x190-en-mousse-haute-qualite-67644499.html,https://ma.jumia.is/unsafe/fit-in/300x300/filters:fill(white)/product/99/444676/1.jpg?5002,jumia,Chambre Adulte,2026-06-11 18:52:11,True,Milieu (1500-4000),jumia_2774
Armoire Murale avec Tiroir Rangement 40 x 35 x 25.6 cm Blanc,449.1,790.0,43.0,https://www.jumia.ma/generic-armoire-murale-avec-tiroir-rangement-40-x-35-x-25.6-cm-blanc-65720554.html,https://ma.jumia.is/unsafe/fit-in/300x300/filters:fill(white)/product/45/502756/1.jpg?3229,jumia,Chambre Adulte,2026-06-11 18:52:00,True,Entrée (<500),jumia_2775
Kitea Lit VERTIGO 160x200cm Avec Led Sans Sommier - Chêne Gris / Blanc,4990.0,,0.0,https://www.jumia.ma/kitea-lit-vertigo-160x200cm-avec-led-sans-sommier-chene-gris-blanc-63343529.html,https://ma.jumia.is/unsafe/fit-in/300x300/filters:fill(white)/product/92/534336/1.jpg?9675,jumia,Chambre Adulte,2026-06-11 18:51:13,False,Premium (4000-10k),jumia_2776
Kitea Table De Chevet PIROUETTE - Blanc / Gris / Rose,199.0,,0.0,https://www.jumia.ma/kitea-table-de-chevet-pirouette-blanc-gris-rose-64766600.html,https://ma.jumia.is/unsafe/fit-in/300x300/filters:fill(white)/product/00/666746/1.jpg?2155,jumia,Chambre Adulte,2026-06-11 18:50:40,False,Entrée (<500),jumia_2782
Kitea Commode BLOKTY 3 tiroirs – Blanc,1295.0,,0.0,https://www.jumia.ma/kitea-commode-blokty-3-tiroirs-blanc-67205912.html,https://ma.jumia.is/unsafe/fit-in/300x300/filters:fill(white)/product/21/950276/1.jpg?0614,jumia,Chambre Adulte,2026-06-11 18:50:40,False,Économique (500-1500),jumia_2808
"Table de chevet nordique avec 2 étagères, petite étagère, armoire de rangement de chevet blanc",359.1,599.0,40.0,https://www.jumia.ma/generic-table-de-chevet-nordique-avec-2-etageres-petite-etagere-armoire-de-rangement-de-chevet-blanc-65763029.html,https://ma.jumia.is/unsafe/fit-in/300x300/filters:fill(white)/product/92/036756/1.jpg?1857,jumia,Chambre Adulte,2026-06-11 18:51:13,True,Entrée (<500),jumia_2810
Kitea TABLE DE CHEVET ESPRESSO - BLANC,790.0,,0.0,https://www.jumia.ma/kitea-table-de-chevet-espresso-blanc-67177781.html,https://ma.jumia.is/unsafe/fit-in/300x300/filters:fill(white)/product/18/777176/1.jpg?9218,jumia,Chambre Adulte,2026-06-11 18:52:11,False,Économique (500-1500),jumia_2820
"Table de chevet Bois MDF Blanc,Table de nuit Table d’appoint",549.0,800.0,31.0,https://www.jumia.ma/generic-table-de-chevet-bois-mdf-blanctable-de-nuit-table-dappoint-66535531.html,https://ma.jumia.is/unsafe/fit-in/300x300/filters:fill(white)/product/13/553566/1.jpg?9875,jumia,Chambre Adulte,2026-06-11 18:51:22,True,Économique (500-1500),jumia_2822
Afer Table de chevet moderne,1199.0,,0.0,https://www.jumia.ma/afer-table-de-chevet-moderne-40797177.html,https://ma.jumia.is/unsafe/fit-in/300x300/filters:fill(white)/product/77/179704/1.jpg?1781,jumia,Chambre Adulte,2026-06-11 18:52:00,False,Économique (500-1500),jumia_2827
SALIDOR Matelas Orthodorsal (140x190 cm) - En ressort  et mousse haute qualité,2006.25,2675.0,25.0,https://www.jumia.ma/salidor-matelas-orthodorsal-140x190-cm-en-ressort-et-mousse-haute-qualite-67644465.html,https://ma.jumia.is/unsafe/fit-in/300x300/filters:fill(white)/product/56/444676/1.jpg?4974,jumia,Chambre Adulte,2026-06-11 18:50:50,True,Milieu (1500-4000),jumia_2850
Kitea Lit SPOSAMI 180x200 Avec Planche Sommier - Blanc / Chêne,4495.0,5290.0,15.0,https://www.jumia.ma/kitea-lit-sposami-180x200-avec-planche-sommier-blanc-chene-67375891.html,https://ma.jumia.is/unsafe/fit-in/300x300/filters:fill(white)/product/19/857376/1.jpg?9309,jumia,Chambre Adulte,2026-06-11 18:51:39,True,Premium (4000-10k),jumia_2861
Kitea Table De Chevet RICKO - Chêne / Blanc,1190.0,,0.0,https://www.jumia.ma/kitea-table-de-chevet-ricko-chene-blanc-66901635.html,https://ma.jumia.is/unsafe/fit-in/300x300/filters:fill(white)/product/53/610966/1.jpg?6014,jumia,Chambre Adulte,2026-06-11 18:52:00,False,Économique (500-1500),jumia_2882
Dansmamaison.ma BRUNA Table de Chevet Blanc,850.0,,0.0,https://www.jumia.ma/dansmamaison.ma-bruna-table-de-chevet-blanc-67675227.html,https://ma.jumia.is/unsafe/fit-in/300x300/filters:fill(white)/product/72/257676/1.jpg?0878,jumia,Chambre Adulte,2026-06-11 18:52:07,False,Économique (500-1500),jumia_2883
Kitea Commode  BELLEVUE 1 porte et 4 tiroirs Chêne Marron Foncé,3495.0,3790.0,8.0,https://www.jumia.ma/kitea-commode-bellevue-1-porte-et-4-tiroirs-chene-marron-fonce-63344424.html,https://ma.jumia.is/unsafe/fit-in/300x300/filters:fill(white)/product/42/444336/1.jpg?9906,jumia,Chambre Adulte,2026-06-11 18:52:11,True,Milieu (1500-4000),jumia_2913
Kitea Commode LARA Avec 1 porte + 3 Tiroirs + 1 Niche - Chêne,2390.0,2690.0,11.0,https://www.jumia.ma/kitea-commode-lara-avec-1-porte-3-tiroirs-1-niche-chene-65774983.html,https://ma.jumia.is/unsafe/fit-in/300x300/filters:fill(white)/product/38/947756/1.jpg?9466,jumia,Chambre Adulte,2026-06-11 18:52:00,True,Milieu (1500-4000),jumia_2915
"Sac de rangement pour vêtements en tissu non tissé, léger et pliable",49.0,110.0,56.0,https://www.jumia.ma/generic-sac-de-rangement-pour-vetements-en-tissu-non-tisse-leger-et-pliable-67564844.html,https://ma.jumia.is/unsafe/fit-in/300x300/filters:fill(white)/product/44/846576/1.jpg?7770,jumia,Chambre Adulte,2026-06-11 18:52:11,True,Entrée (<500),jumia_2918
Étagère murale 3 niveaux Blanc 50 x 40 x 20 cm – Design moderne pour bureau élégant,499.0,500.0,1.0,https://www.jumia.ma/generic-etagere-murale-3-niveaux-blanc-50-x-40-x-20-cm-design-moderne-pour-bureau-elegant-67743638.html,https://ma.jumia.is/unsafe/fit-in/300x300/filters:fill(white)/product/83/634776/1.jpg?4381,jumia,Chambre Adulte,2026-06-11 18:52:07,True,Entrée (<500),jumia_2923
"Table de nuit Table d’appoint, Table de chevet Bois MDF Blanc",503.1,700.0,28.0,https://www.jumia.ma/generic-table-de-nuit-table-dappoint-table-de-chevet-bois-mdf-blanc-67723443.html,https://ma.jumia.is/unsafe/fit-in/300x300/filters:fill(white)/product/34/432776/1.jpg?5358,jumia,Chambre Adulte,2026-06-11 18:52:11,True,Économique (500-1500),jumia_2930
Kitea Table De Chevet LARA  Avec 1 Tiroir + 1 Niche - Chêne,1290.0,,0.0,https://www.jumia.ma/kitea-table-de-chevet-lara-avec-1-tiroir-1-niche-chene-62660723.html,https://ma.jumia.is/unsafe/fit-in/300x300/filters:fill(white)/product/32/706626/1.jpg?2561,jumia,Chambre Adulte,2026-06-11 18:51:46,False,Économique (500-1500),jumia_2936
Kitea Lit SPOSAMI 160x200 Avec Planche Sommier - Blanc / Chêne,3995.0,4990.0,20.0,https://www.jumia.ma/kitea-lit-sposami-160x200-avec-planche-sommier-blanc-chene-67401619.html,https://ma.jumia.is/unsafe/fit-in/300x300/filters:fill(white)/product/91/610476/1.jpg?1060,jumia,Chambre Adulte,2026-06-11 18:51:13,True,Milieu (1500-4000),jumia_2950
RICHBOND Matelas Roulé R Sensorio 90X190 En Mousse ABS Haute Densité - Confort Mi-Ferme - Certifié Anti-Allergique - Garantie 6 ans,1316.0,1385.0,5.0,https://www.jumia.ma/richbond-matelas-roule-r-sensorio-90x190-en-mousse-abs-haute-densite-confort-mi-ferme-certifie-anti-allergique-garantie-6-ans-67253377.html,https://ma.jumia.is/unsafe/fit-in/300x300/filters:fill(white)/product/77/335276/1.jpg?9575,jumia,Chambre Adulte,2026-06-11 18:50:40,True,Économique (500-1500),jumia_2952
SALIDOR Matelas Black vibe (90x190cm) - En ressort ensachés et mousse haute résilience,2997.0,3996.0,25.0,https://www.jumia.ma/salidor-matelas-black-vibe-90x190cm-en-ressort-ensaches-et-mousse-haute-resilience-67644486.html,https://ma.jumia.is/unsafe/fit-in/300x300/filters:fill(white)/product/68/444676/1.jpg?4990,jumia,Chambre Adulte,2026-06-11 18:51:52,True,Milieu (1500-4000),jumia_2969
Moustiquaire Pliante à Élégance Dormer en Toute Tranquillité,175.0,215.0,19.0,https://www.jumia.ma/generic-moustiquaire-pliante-a-elegance-dormer-en-toute-tranquillite-67982529.html,https://ma.jumia.is/unsafe/fit-in/300x300/filters:fill(white)/product/92/528976/1.jpg?8630,jumia,Chambre Adulte,2026-06-11 18:50:50,True,Entrée (<500),jumia_2981
Kitea COMMODE EASYLIFE 3 Tiroirs - Chêne,599.0,699.0,14.0,https://www.jumia.ma/kitea-commode-easylife-3-tiroirs-chene-67002271.html,https://ma.jumia.is/unsafe/fit-in/300x300/filters:fill(white)/product/17/220076/1.jpg?3303,jumia,Chambre Adulte,2026-06-11 18:50:40,True,Économique (500-1500),jumia_3015
SALIDOR Matelas Dorsotopia (140x190 cm) -  En ressort  et mousse haute qualite,2415.75,3221.0,25.0,https://www.jumia.ma/salidor-matelas-dorsotopia-140x190-cm-en-ressort-et-mousse-haute-qualite-67644493.html,https://ma.jumia.is/unsafe/fit-in/300x300/filters:fill(white)/product/39/444676/1.jpg?4997,jumia,Chambre Adulte,2026-06-11 18:51:52,True,Milieu (1500-4000),jumia_3019
Kitea Table De Chevet LINATE + 2 tiroirs - Blanc / Chêne Beige,1090.0,,0.0,https://www.jumia.ma/kitea-table-de-chevet-linate-2-tiroirs-blanc-chene-beige-62104101.html,https://ma.jumia.is/unsafe/fit-in/300x300/filters:fill(white)/product/10/140126/1.jpg?1805,jumia,Chambre Adulte,2026-06-11 18:52:00,False,Économique (500-1500),jumia_3035
table de canapé pour chambre à coucher,699.0,1000.0,30.0,https://www.jumia.ma/generic-table-de-canape-pour-chambre-a-coucher-67218461.html,https://ma.jumia.is/unsafe/fit-in/300x300/filters:fill(white)/product/16/481276/1.jpg?6451,jumia,Chambre Adulte,2026-06-11 18:51:52,True,Économique (500-1500),jumia_3037
Table d'appoint moderne (Komud) 40*24*28 cm,269.1,450.0,40.0,https://www.jumia.ma/generic-table-dappoint-moderne-komud-402428-cm-67411236.html,https://ma.jumia.is/unsafe/fit-in/300x300/filters:fill(white)/product/63/211476/1.jpg?5307,jumia,Chambre Adulte,2026-06-11 18:51:22,True,Entrée (<500),jumia_3042
Table de chevet flottante en chêne blanc,600.0,,0.0,https://www.jumia.ma/generic-table-de-chevet-flottante-en-chene-blanc-52705560.html,https://ma.jumia.is/unsafe/fit-in/300x300/filters:fill(white)/product/06/550725/1.jpg?4581,jumia,Chambre Adulte,2026-06-11 18:52:07,False,Économique (500-1500),jumia_3044
"Kitea Table de chevet NAIA - 1 tiroir + 1 niche - 40,4 x 40 x 49,5 cm - Blanc",495.0,,0.0,https://www.jumia.ma/kitea-table-de-chevet-naia-1-tiroir-1-niche-404-x-40-x-495-cm-blanc-67987973.html,https://ma.jumia.is/unsafe/fit-in/300x300/filters:fill(white)/product/37/978976/1.jpg?2994,jumia,Chambre Adulte,2026-06-11 18:51:52,False,Entrée (<500),jumia_3056
General Table de chevet Table de nuit 38*28*26 cm,549.0,750.0,27.0,https://www.jumia.ma/general-table-de-chevet-table-de-nuit-382826-cm-65816834.html,https://ma.jumia.is/unsafe/fit-in/300x300/filters:fill(white)/product/43/861856/1.jpg?0703,jumia,Chambre Adulte,2026-06-11 18:51:52,True,Économique (500-1500),jumia_3062
Commode haute Lammelo 92 cm lamelles blanc pieds dorés,2499.0,,0.0,https://www.jumia.ma/generic-commode-haute-lammelo-92-cm-lamelles-blanc-pieds-dores-62378215.html,https://ma.jumia.is/unsafe/fit-in/300x300/filters:fill(white)/product/51/287326/1.jpg?7620,jumia,Chambre Adulte,2026-06-11 18:51:46,False,Milieu (1500-4000),jumia_3067
"chaise longue de loisirs, chaise d'air de stockage portable, jardin extérieur, ménage, nouveau Matelas & Sommiers",249.0,700.0,64.0,https://www.jumia.ma/generic-chaise-longue-de-loisirs-chaise-dair-de-stockage-portable-jardin-exterieur-menage-nouveau-matelas-sommiers-66295530.html,https://ma.jumia.is/unsafe/fit-in/300x300/filters:fill(white)/product/03/559266/1.jpg?5022,jumia,Chambre Adulte,2026-06-11 18:51:39,True,Entrée (<500),jumia_3076
"Kitea Chevet Azuka 1 Tiroir – 43,9 x 33,2 x 34,5 cm – Wengé",394.0,,0.0,https://www.jumia.ma/kitea-chevet-azuka-1-tiroir-439-x-332-x-345-cm-wenge-68001868.html,https://ma.jumia.is/unsafe/fit-in/300x300/filters:fill(white)/product/86/810086/1.jpg?1801,jumia,Chambre Adulte,2026-06-11 18:52:21,False,Entrée (<500),jumia_3087
Kitea Commode LENYBELARDO - Chêne / Blanc,1990.0,2990.0,33.0,https://www.jumia.ma/kitea-commode-lenybelardo-chene-blanc-65786933.html,https://ma.jumia.is/unsafe/fit-in/300x300/filters:fill(white)/product/33/968756/1.jpg?3436,jumia,Chambre Adulte,2026-06-11 18:51:22,True,Milieu (1500-4000),jumia_3104
Commode avec 3 tiroirs Armoire d'appoint,759.0,1000.0,24.0,https://www.jumia.ma/generic-commode-avec-3-tiroirs-armoire-dappoint-67765656.html,https://ma.jumia.is/unsafe/fit-in/300x300/filters:fill(white)/product/65/656776/1.jpg?2635,jumia,Chambre Adulte,2026-06-11 18:51:22,True,Économique (500-1500),jumia_3107
aMatelas Gonflable 2 Places Confort (191 x 137 x 22 cm) - Surface Veloutée Robuste,826.95,,0.0,https://www.jumia.ma/generic-amatelas-gonflable-2-places-confort-191-x-137-x-22-cm-surface-veloutee-robuste-67795254.html,https://ma.jumia.is/unsafe/fit-in/300x300/filters:fill(white)/product/45/259776/1.jpg?3732,jumia,Chambre Adulte,2026-06-11 18:52:17,False,Économique (500-1500),jumia_3120
Armoire Démontable 3 BATTANTS - 10 Compartiments,193.0,599.0,68.0,https://www.jumia.ma/generic-armoire-demontable-3-battants-10-compartiments-46387396.html,https://ma.jumia.is/unsafe/fit-in/300x300/filters:fill(white)/product/69/378364/1.jpg?7245,jumia,Chambre Adulte,2026-06-11 18:50:40,True,Entrée (<500),jumia_3129
SALIDOR Matelas Black vibe (90x200 cm) - En ressort ensachés et mousse haute résilience,3291.0,4388.0,25.0,https://www.jumia.ma/salidor-matelas-black-vibe-90x200-cm-en-ressort-ensaches-et-mousse-haute-resilience-67644511.html,https://ma.jumia.is/unsafe/fit-in/300x300/filters:fill(white)/product/11/544676/1.jpg?5017,jumia,Chambre Adulte,2026-06-11 18:51:30,True,Milieu (1500-4000),jumia_3135
Magnifique- Coiffeuse Aggloméré Coiffeuse Style champêtre,1999.0,,0.0,https://www.jumia.ma/generic-magnifique-coiffeuse-agglomere-coiffeuse-style-champetre-40819280.html,https://ma.jumia.is/unsafe/fit-in/300x300/filters:fill(white)/product/08/291804/1.jpg?9508,jumia,Chambre Adulte,2026-06-11 18:50:59,False,Milieu (1500-4000),jumia_3143
"Table de nuit flottante,étagère de chevet murale MARRON",259.0,450.0,42.0,https://www.jumia.ma/generic-table-de-nuit-flottanteetagere-de-chevet-murale-marron-65808544.html,https://ma.jumia.is/unsafe/fit-in/300x300/filters:fill(white)/product/44/580856/1.jpg?1325,jumia,Chambre Adulte,2026-06-11 18:50:50,True,Entrée (<500),jumia_3146
Kitea Chevet STELLA - Rose / Blanc,790.0,,0.0,https://www.jumia.ma/kitea-chevet-stella-rose-blanc-62660715.html,https://ma.jumia.is/unsafe/fit-in/300x300/filters:fill(white)/product/51/706626/1.jpg?2561,jumia,Chambre Adulte,2026-06-11 18:51:30,False,Économique (500-1500),jumia_3149
Une table d'appoint intelligente (table en C) conçue pour être pratique,390.0,530.0,26.0,https://www.jumia.ma/generic-une-table-dappoint-intelligente-table-en-c-concue-pour-etre-pratique-67607135.html,https://ma.jumia.is/unsafe/fit-in/300x300/filters:fill(white)/product/53/170676/1.jpg?0126,jumia,Chambre Adulte,2026-06-11 18:51:52,True,Entrée (<500),jumia_3151
Fores WARD Table de chevet chêne,523.0,750.0,30.0,https://www.jumia.ma/fores-ward-table-de-chevet-chene-64027569.html,https://ma.jumia.is/unsafe/fit-in/300x300/filters:fill(white)/product/96/572046/1.jpg?8038,jumia,Chambre Adulte,2026-06-11 18:50:50,True,Économique (500-1500),jumia_3153
Kitea SET LIT KIERAN Avec SOMMIER + 2 CHEVETS - CHÊNE/NOIR,5590.0,,0.0,https://www.jumia.ma/kitea-set-lit-kieran-avec-sommier-2-chevets-chnenoir-67174370.html,https://ma.jumia.is/unsafe/fit-in/300x300/filters:fill(white)/product/07/347176/1.jpg?7908,jumia,Chambre Adulte,2026-06-11 18:50:40,False,Premium (4000-10k),jumia_3167
Kitea CHEVET TWENTY - Blanc / Chêne / Gris,1095.0,,0.0,https://www.jumia.ma/kitea-chevet-twenty-blanc-chene-gris-67001280.html,https://ma.jumia.is/unsafe/fit-in/300x300/filters:fill(white)/product/08/210076/1.jpg?6219,jumia,Chambre Adulte,2026-06-11 18:52:11,False,Économique (500-1500),jumia_3176
Table de chevet beige avec 2 tiroir,584.1,849.0,31.0,https://www.jumia.ma/generic-table-de-chevet-beige-avec-2-tiroir-67574177.html,https://ma.jumia.is/unsafe/fit-in/300x300/filters:fill(white)/product/77/147576/1.jpg?6283,jumia,Chambre Adulte,2026-06-11 18:51:22,True,Économique (500-1500),jumia_3181
SALIDOR Matelas Black vibe (140x200 cm) - En ressort ensachés et mousse haute résilience,4210.5,5614.0,25.0,https://www.jumia.ma/salidor-matelas-black-vibe-140x200-cm-en-ressort-ensaches-et-mousse-haute-resilience-67644512.html,https://ma.jumia.is/unsafe/fit-in/300x300/filters:fill(white)/product/21/544676/1.jpg?5019,jumia,Chambre Adulte,2026-06-11 18:51:30,True,Premium (4000-10k),jumia_3197
"Armoire de rangement en tissu 130×45×175 cm avec structure métallique, étagères multiples et barre de suspension – STORAGE WARDROBE Modèle 88130",219.0,299.0,27.0,https://www.jumia.ma/armoire-de-rangement-en-tissu-13045175-cm-avec-structure-metallique-etageres-multiples-et-barre-de-suspension-storage-wardrobe-modele-88130-generic-mpg1554571.html,https://ma.jumia.is/unsafe/fit-in/300x300/filters:fill(white)/product/81/859476/1.jpg?3765,jumia,Chambre Adulte,2026-06-11 18:52:07,True,Entrée (<500),jumia_3202
Kitea Commode BELLEVUE + 1 Tiroir + 2 Portes - Noir / Marron Foncé,795.0,990.0,20.0,https://www.jumia.ma/kitea-commode-bellevue-1-tiroir-2-portes-noir-marron-fonce-62104043.html,https://ma.jumia.is/unsafe/fit-in/300x300/filters:fill(white)/product/34/040126/1.jpg?1748,jumia,Chambre Adulte,2026-06-11 18:50:59,True,Économique (500-1500),jumia_3211
2pcs Table de chevet Marron. 60×25×25 cm,489.0,750.0,35.0,https://www.jumia.ma/generic-2pcs-table-de-chevet-marron.-602525-cm-67997484.html,https://ma.jumia.is/unsafe/fit-in/300x300/filters:fill(white)/product/48/479976/1.jpg?4853,jumia,Chambre Adulte,2026-06-11 18:52:21,True,Entrée (<500),jumia_3216
Kitea Commode AALBORG Avec 3 Tiroirs - Blanc / Chêne,1390.0,1990.0,30.0,https://www.jumia.ma/kitea-commode-aalborg-avec-3-tiroirs-blanc-chene-62107371.html,https://ma.jumia.is/unsafe/fit-in/300x300/filters:fill(white)/product/17/370126/1.jpg?4684,jumia,Chambre Adulte,2026-06-11 18:51:13,True,Économique (500-1500),jumia_3218
Matelas Gonflable 2 Places Confort (191 x 137 x 22 cm) - Surface Veloutée Robuste,826.95,,0.0,https://www.jumia.ma/matelas-gonflable-2-places-confort-191-x-137-x-22-cm-surface-veloutee-robuste-generic-mpg1602399.html,https://ma.jumia.is/unsafe/fit-in/300x300/filters:fill(white)/product/21/129776/1.jpg?4889,jumia,Chambre Adulte,2026-06-11 18:52:11,False,Économique (500-1500),jumia_3232
"General Table de nuit murale en bois , armoire de chevet noir moderne pour chambre à coucher, 42 x 29 x 30 cm",739.0,750.0,2.0,https://www.jumia.ma/general-table-de-nuit-murale-en-bois-armoire-de-chevet-noir-moderne-pour-chambre-a-coucher-42-x-29-x-30-cm-65704397.html,https://ma.jumia.is/unsafe/fit-in/300x300/filters:fill(white)/product/79/340756/1.jpg?4477,jumia,Chambre Adulte,2026-06-11 18:51:39,True,Économique (500-1500),jumia_3242
Table de chevet Galata,999.0,1400.0,29.0,https://www.jumia.ma/generic-table-de-chevet-galata-67827908.html,https://ma.jumia.is/unsafe/fit-in/300x300/filters:fill(white)/product/80/972876/1.jpg?6865,jumia,Chambre Adulte,2026-06-11 18:52:17,True,Économique (500-1500),jumia_3248
SALIDOR Matelas Dorsoligne (140x200 cm) - En mousse haute qualité,2913.75,3885.0,25.0,https://www.jumia.ma/salidor-matelas-dorsoligne-140x200-cm-en-mousse-haute-qualite-67644497.html,https://ma.jumia.is/unsafe/fit-in/300x300/filters:fill(white)/product/79/444676/1.jpg?5000,jumia,Chambre Adulte,2026-06-11 18:51:39,True,Milieu (1500-4000),jumia_3255
Table de chevet avec 2 tiroir Table de chambre à coucher,593.1,900.0,34.0,https://www.jumia.ma/generic-table-de-chevet-avec-2-tiroir-table-de-chambre-a-coucher-67670283.html,https://ma.jumia.is/unsafe/fit-in/300x300/filters:fill(white)/product/38/207676/1.jpg?6462,jumia,Chambre Adulte,2026-06-11 18:51:13,True,Économique (500-1500),jumia_3266
Porte manteaux en Métal 2 Niveaux avec 8 Tiges  ( 172cm X 42cm ),199.0,300.0,34.0,https://www.jumia.ma/generic-porte-manteaux-en-metal-2-niveaux-avec-8-tiges-172cm-x-42cm-33624840.html,https://ma.jumia.is/unsafe/fit-in/300x300/filters:fill(white)/product/04/842633/1.jpg?3668,jumia,Chambre Adulte,2026-06-11 18:52:21,True,Entrée (<500),jumia_3292
Kitea TABLE DE CHEVET GAUCHE LYON 1 TIROIR Et 1 NICHE - Blanc,990.0,,0.0,https://www.jumia.ma/kitea-table-de-chevet-gauche-lyon-1-tiroir-et-1-niche-blanc-67206165.html,https://ma.jumia.is/unsafe/fit-in/300x300/filters:fill(white)/product/56/160276/1.jpg?0909,jumia,Chambre Adulte,2026-06-11 18:52:07,False,Économique (500-1500),jumia_3299
SALIDOR Matelas Dorsotopia (160x190 cm) -  En ressort  et mousse haute qualité,2866.5,3822.0,25.0,https://www.jumia.ma/salidor-matelas-dorsotopia-160x190-cm-en-ressort-et-mousse-haute-qualite-67644472.html,https://ma.jumia.is/unsafe/fit-in/300x300/filters:fill(white)/product/27/444676/1.jpg?4980,jumia,Chambre Adulte,2026-06-11 18:51:39,True,Milieu (1500-4000),jumia_3306
"Moustiquaire Pour Lit peut être plié, pratique à transporter",99.0,,0.0,https://www.jumia.ma/generic-moustiquaire-pour-lit-peut-etre-plie-pratique-a-transporter-40471887.html,https://ma.jumia.is/unsafe/fit-in/300x300/filters:fill(white)/product/78/817404/1.jpg?0775,jumia,Chambre Adulte,2026-06-11 18:50:59,False,Entrée (<500),jumia_3312
Table de Chevet Modulaire -Étagère flottante pour table de nuit murale,379.0,420.0,10.0,https://www.jumia.ma/generic-table-de-chevet-modulaire-etagere-flottante-pour-table-de-nuit-murale-65429224.html,https://ma.jumia.is/unsafe/fit-in/300x300/filters:fill(white)/product/42/292456/1.jpg?5351,jumia,Chambre Adulte,2026-06-11 18:52:11,True,Entrée (<500),jumia_3342
Kitea Table Basse BAILEY- Beige Clair,995.0,,0.0,https://www.jumia.ma/kitea-table-basse-bailey-beige-clair-62104135.html,https://ma.jumia.is/unsafe/fit-in/300x300/filters:fill(white)/product/53/140126/1.jpg?1215,jumia,Chambre Adulte,2026-06-11 18:50:50,False,Économique (500-1500),jumia_3346
Kitea COMMODE SOFIA 5 Tiroirs - Chêne,1795.0,,0.0,https://www.jumia.ma/kitea-commode-sofia-5-tiroirs-chene-66437695.html,https://ma.jumia.is/unsafe/fit-in/300x300/filters:fill(white)/product/59/673466/1.jpg?9723,jumia,Chambre Adulte,2026-06-11 18:50:50,False,Milieu (1500-4000),jumia_3349
"Table d'appoint moderne en C Petite table basse mobile en bois et métal pour canapé, salon et ordinateur portable Polyvalente et compacte",169.0,240.0,30.0,https://www.jumia.ma/generic-table-dappoint-moderne-en-c-petite-table-basse-mobile-en-bois-et-metal-pour-canape-salon-et-ordinateur-portable-polyvalente-et-compacte-67947453.html,https://ma.jumia.is/unsafe/fit-in/300x300/filters:fill(white)/product/35/474976/1.jpg?1231,jumia,Chambre Adulte,2026-06-11 18:52:17,True,Entrée (<500),jumia_3361
"table de nuit en bois mdf avec poignées en métal, armoire de chevet beige moderne pour chambre à coucher, salon, 40 x 35 x 60 cm",759.0,850.0,11.0,https://www.jumia.ma/generic-table-de-nuit-en-bois-mdf-avec-poignees-en-metal-armoire-de-chevet-beige-moderne-pour-chambre-a-coucher-salon-40-x-35-x-60-cm-67251569.html,https://ma.jumia.is/unsafe/fit-in/300x300/filters:fill(white)/product/96/515276/1.jpg?3997,jumia,Chambre Adulte,2026-06-11 18:51:13,True,Économique (500-1500),jumia_3362
Set de 2 Mini commodes à deux tiroirs multifonctionnel en plastique.,34.0,49.0,31.0,https://www.jumia.ma/generic-set-de-2-mini-commodes-a-deux-tiroirs-multifonctionnel-en-plastique.-67177121.html,https://ma.jumia.is/unsafe/fit-in/300x300/filters:fill(white)/product/12/177176/1.jpg?7997,jumia,Chambre Adulte,2026-06-11 18:51:30,True,Entrée (<500),jumia_3371
Table de chevet 3 etagere modern mdf blanc,299.0,349.99,15.0,https://www.jumia.ma/generic-table-de-chevet-3-etagere-modern-mdf-blanc-67191432.html,https://ma.jumia.is/unsafe/fit-in/300x300/filters:fill(white)/product/23/419176/1.jpg?9638,jumia,Chambre Adulte,2026-06-11 18:51:30,True,Entrée (<500),jumia_3373
COMMODE 1 PORTE ET 3 TIROIRS SEVENTIES VERSION BOIS,3599.0,,0.0,https://www.jumia.ma/generic-commode-1-porte-et-3-tiroirs-seventies-version-bois-62378225.html,https://ma.jumia.is/unsafe/fit-in/300x300/filters:fill(white)/product/52/287326/1.jpg?7614,jumia,Chambre Adulte,2026-06-11 18:52:00,False,Milieu (1500-4000),jumia_3381
Kitea Table De Chevet HOLTEN - Chêne / Blanc,1090.0,,0.0,https://www.jumia.ma/kitea-table-de-chevet-holten-chene-blanc-65937679.html,https://ma.jumia.is/unsafe/fit-in/300x300/filters:fill(white)/product/97/673956/1.jpg?0371,jumia,Chambre Adulte,2026-06-11 18:52:17,False,Économique (500-1500),jumia_3401
Siège gonflable portable pour détente à domicile,299.0,399.0,25.0,https://www.jumia.ma/generic-siege-gonflable-portable-pour-detente-a-domicile-67882067.html,https://ma.jumia.is/unsafe/fit-in/300x300/filters:fill(white)/product/76/028876/1.jpg?4337,jumia,Chambre Adulte,2026-06-11 18:52:17,True,Entrée (<500),jumia_3405
SALIDOR Matelas Energia (180x190 cm) - En mousse haute qualité,3244.5,4326.0,25.0,https://www.jumia.ma/salidor-matelas-energia-180x190-cm-en-mousse-haute-qualite-67644478.html,https://ma.jumia.is/unsafe/fit-in/300x300/filters:fill(white)/product/87/444676/1.jpg?4984,jumia,Chambre Adulte,2026-06-11 18:52:11,True,Milieu (1500-4000),jumia_3408
Dolidol Matelas Tonus Gms 190x140,2499.0,,0.0,https://www.jumia.ma/dolidol-matelas-tonus-gms-190x140-65760586.html,https://ma.jumia.is/unsafe/fit-in/300x300/filters:fill(white)/product/68/506756/1.jpg?1129,jumia,Chambre Adulte,2026-06-11 18:50:59,False,Milieu (1500-4000),jumia_3419
Table de chevet pour chambre à coucher - wood,449.0,550.0,18.0,https://www.jumia.ma/generic-table-de-chevet-pour-chambre-a-coucher-wood-64404344.html,https://ma.jumia.is/unsafe/fit-in/300x300/filters:fill(white)/product/44/340446/1.jpg?0807,jumia,Chambre Adulte,2026-06-11 18:51:46,True,Entrée (<500),jumia_3421
Kitea Table de chevet NAIA 1 Porte Et 1Tiroir - Chêne,749.0,,0.0,https://www.jumia.ma/kitea-table-de-chevet-naia-1-porte-et-1tiroir-chene-67001441.html,https://ma.jumia.is/unsafe/fit-in/300x300/filters:fill(white)/product/14/410076/1.jpg?5993,jumia,Chambre Adulte,2026-06-11 18:50:40,False,Économique (500-1500),jumia_3434
étagère latérale moderne et polyvalente 55*35*30 cm,323.1,600.0,46.0,https://www.jumia.ma/generic-etagere-laterale-moderne-et-polyvalente-553530-cm-67130368.html,https://ma.jumia.is/unsafe/fit-in/300x300/filters:fill(white)/product/86/303176/1.jpg?0644,jumia,Chambre Adulte,2026-06-11 18:52:00,True,Entrée (<500),jumia_3435
Bestway Matelas Gonflable 2 places + Pompe à AIR + 2 Oreiller gonflable,436.0,599.0,27.0,https://www.jumia.ma/matelas-gonflable-2-places-pompe-a-air-2-oreiller-gonflable-bestway-mpg864562.html,https://ma.jumia.is/unsafe/fit-in/300x300/filters:fill(white)/product/97/295833/1.jpg?1528,jumia,Chambre Adulte,2026-06-11 18:50:50,True,Entrée (<500),jumia_3440
SALIDOR Matelas Energia (140x190 cm) - En mousse haute qualité,2205.0,2940.0,25.0,https://www.jumia.ma/salidor-matelas-energia-140x190-cm-en-mousse-haute-qualite-67644464.html,https://ma.jumia.is/unsafe/fit-in/300x300/filters:fill(white)/product/46/444676/1.jpg?4973,jumia,Chambre Adulte,2026-06-11 18:51:13,True,Milieu (1500-4000),jumia_3441
Élégantes moustiquaires à dôme suspendu pour l'été Polyester moustiquaires Pour lit,329.0,,0.0,https://www.jumia.ma/generic-elegantes-moustiquaires-a-dome-suspendu-pour-lete-polyester-moustiquaires-pour-lit-27411025.html,https://ma.jumia.is/unsafe/fit-in/300x300/filters:fill(white)/product/52/011472/1.jpg?3130,jumia,Chambre Adulte,2026-06-11 18:52:21,False,Entrée (<500),jumia_3453
Afer 1 Table de chevet moderne et minimaliste,899.0,,0.0,https://www.jumia.ma/afer-1-table-de-chevet-moderne-et-minimaliste-40819274.html,https://ma.jumia.is/unsafe/fit-in/300x300/filters:fill(white)/product/47/291804/1.jpg?9508,jumia,Chambre Adulte,2026-06-11 18:51:46,False,Économique (500-1500),jumia_3459
Kitea TABLE DE CHEVET VELATA 1TIROIR Et 1NICHE - Chêne / Gris,999.0,1290.0,23.0,https://www.jumia.ma/kitea-table-de-chevet-velata-1tiroir-et-1niche-chene-gris-65676405.html,https://ma.jumia.is/unsafe/fit-in/300x300/filters:fill(white)/product/50/467656/1.jpg?7886,jumia,Chambre Adulte,2026-06-11 18:51:46,True,Économique (500-1500),jumia_3469
Kitea Commode SPOSAMI Avec 4 Tiroirs - Blanc / Chêne,2595.0,3250.0,20.0,https://www.jumia.ma/kitea-commode-sposami-avec-4-tiroirs-blanc-chene-67009395.html,https://ma.jumia.is/unsafe/fit-in/300x300/filters:fill(white)/product/59/390076/1.jpg?7594,jumia,Chambre Adulte,2026-06-11 18:52:00,True,Milieu (1500-4000),jumia_3500
table de chevet moderne 55*35*30 cm Table de nuit,332.1,600.0,45.0,https://www.jumia.ma/generic-table-de-chevet-moderne-553530-cm-table-de-nuit-67344948.html,https://ma.jumia.is/unsafe/fit-in/300x300/filters:fill(white)/product/84/944376/1.jpg?2217,jumia,Chambre Adulte,2026-06-11 18:50:40,True,Entrée (<500),jumia_3504
SALIDOR Matelas Energia (160x200 cm) - En mousse haute qualité,2910.0,3880.0,25.0,https://www.jumia.ma/salidor-matelas-energia-160x200-cm-en-mousse-haute-qualite-67644466.html,https://ma.jumia.is/unsafe/fit-in/300x300/filters:fill(white)/product/66/444676/1.jpg?4975,jumia,Chambre Adulte,2026-06-11 18:50:59,True,Milieu (1500-4000),jumia_3505
Table de nuit Table de chevet élégante et pratique 55*44*35 cm,649.0,800.0,19.0,https://www.jumia.ma/generic-table-de-nuit-table-de-chevet-elegante-et-pratique-554435-cm-67751471.html,https://ma.jumia.is/unsafe/fit-in/300x300/filters:fill(white)/product/17/415776/1.jpg?2484,jumia,Chambre Adulte,2026-06-11 18:52:11,True,Économique (500-1500),jumia_3509
Table de chevet Table de nuit 38*30*30 cm,485.1,700.0,31.0,https://www.jumia.ma/table-de-chevet-table-de-nuit-383030-cm-generic-mpg1621048.html,https://ma.jumia.is/unsafe/fit-in/300x300/filters:fill(white)/product/25/911976/1.jpg?0005,jumia,Chambre Adulte,2026-06-11 18:52:00,True,Entrée (<500),jumia_3513
Kitea Lit Adulte STELAR 140x190cm Avec Sommier - Oak,4990.0,,0.0,https://www.jumia.ma/kitea-lit-adulte-stelar-140x190cm-avec-sommier-oak-65995144.html,https://ma.jumia.is/unsafe/fit-in/300x300/filters:fill(white)/product/44/159956/1.jpg?7545,jumia,Chambre Adulte,2026-06-11 18:50:59,False,Premium (4000-10k),jumia_3525
Dansmamaison.ma BRUNA Table de Chevet Gris,850.0,,0.0,https://www.jumia.ma/dansmamaison.ma-bruna-table-de-chevet-gris-67675231.html,https://ma.jumia.is/unsafe/fit-in/300x300/filters:fill(white)/product/13/257676/1.jpg?0881,jumia,Chambre Adulte,2026-06-11 18:52:11,False,Économique (500-1500),jumia_3527
Kitea TABLE DE CHEVET MERKUR - Blanc / Chêne,1195.0,1990.0,40.0,https://www.jumia.ma/kitea-table-de-chevet-merkur-blanc-chene-67053817.html,https://ma.jumia.is/unsafe/fit-in/300x300/filters:fill(white)/product/71/835076/1.jpg?0244,jumia,Chambre Adulte,2026-06-11 18:52:07,True,Économique (500-1500),jumia_3528
Chevet avec petit panier de rangement / Table basse de salon,399.0,,0.0,https://www.jumia.ma/generic-chevet-avec-petit-panier-de-rangement-table-basse-de-salon-67208028.html,https://ma.jumia.is/unsafe/fit-in/300x300/filters:fill(white)/product/82/080276/1.jpg?1290,jumia,Chambre Adulte,2026-06-11 18:50:59,False,Entrée (<500),jumia_3529
Table Basse en Forme de C – Compacte & Élégante pour Salon et Chambre,149.0,499.0,70.0,https://www.jumia.ma/generic-table-basse-en-forme-de-c-compacte-elegante-pour-salon-et-chambre-67307245.html,https://ma.jumia.is/unsafe/fit-in/300x300/filters:fill(white)/product/54/270376/1.jpg?1902,jumia,Chambre Adulte,2026-06-11 18:51:46,True,Entrée (<500),jumia_3534
"Armoire de chevet beige moderne pour chambre à coucher, salon, 40 x 34 x 59 cm, table de nuit en bois MDF",584.1,800.0,27.0,https://www.jumia.ma/generic-armoire-de-chevet-beige-moderne-pour-chambre-a-coucher-salon-40-x-34-x-59-cm-table-de-nuit-en-bois-mdf-67751660.html,https://ma.jumia.is/unsafe/fit-in/300x300/filters:fill(white)/product/06/615776/1.jpg?2460,jumia,Chambre Adulte,2026-06-11 18:50:40,True,Économique (500-1500),jumia_3542
Table de chevet,199.0,499.0,60.0,https://www.jumia.ma/generic-table-de-chevet-65994252.html,https://ma.jumia.is/unsafe/fit-in/300x300/filters:fill(white)/product/25/249956/1.jpg?1192,jumia,Chambre Adulte,2026-06-11 18:50:59,True,Entrée (<500),jumia_3555
"table de nuit en bois , armoire de chevet blanc 50*35*40 cm",659.0,1000.0,34.0,https://www.jumia.ma/generic-table-de-nuit-en-bois-armoire-de-chevet-blanc-503540-cm-67765548.html,https://ma.jumia.is/unsafe/fit-in/300x300/filters:fill(white)/product/84/556776/1.jpg?2590,jumia,Chambre Adulte,2026-06-11 18:51:22,True,Économique (500-1500),jumia_3560
Kitea Commode COSTA Avec 4 Tiroirs - Marron,4790.0,,0.0,https://www.jumia.ma/kitea-commode-costa-avec-4-tiroirs-marron-63343605.html,https://ma.jumia.is/unsafe/fit-in/300x300/filters:fill(white)/product/50/634336/1.jpg?9767,jumia,Chambre Adulte,2026-06-11 18:51:46,False,Premium (4000-10k),jumia_3562
Kitea Table De Chevet VERTIGO 1 Tiroir - Chêne Gris / Blanc,1890.0,,0.0,https://www.jumia.ma/kitea-table-de-chevet-vertigo-1-tiroir-chene-gris-blanc-62107376.html,https://ma.jumia.is/unsafe/fit-in/300x300/filters:fill(white)/product/67/370126/1.jpg?9527,jumia,Chambre Adulte,2026-06-11 18:52:00,False,Milieu (1500-4000),jumia_3570
Table de chevet Table de nuit 40*32*30 cm,413.1,650.0,36.0,https://www.jumia.ma/generic-table-de-chevet-table-de-nuit-403230-cm-67805176.html,https://ma.jumia.is/unsafe/fit-in/300x300/filters:fill(white)/product/67/150876/1.jpg?9640,jumia,Chambre Adulte,2026-06-11 18:52:07,True,Entrée (<500),jumia_3571
Table d'appoint en mdf noir et beige - 60 x 40 x 20 cm,323.1,500.0,35.0,https://www.jumia.ma/generic-table-dappoint-en-mdf-noir-et-beige-60-x-40-x-20-cm-67232659.html,https://ma.jumia.is/unsafe/fit-in/300x300/filters:fill(white)/product/95/623276/1.jpg?2812,jumia,Chambre Adulte,2026-06-11 18:50:50,True,Entrée (<500),jumia_3572
"Afer Meuble tv / Banc tv (blanc mat / chêne sonoma, 140 cm)",1079.1,1599.0,33.0,https://www.jumia.ma/generic-afer-meuble-tv-banc-tv-blanc-mat-chene-sonoma-140-cm-65778665.html,https://ma.jumia.is/unsafe/fit-in/300x300/filters:fill(white)/product/56/687756/1.jpg?6621,jumia,Chambre Adulte,2026-06-11 18:51:13,True,Économique (500-1500),jumia_3594
SALIDOR Matelas Orthodorsal (100x190 cm) - En ressort  et mousse haute qualité,1679.25,2239.0,25.0,https://www.jumia.ma/salidor-matelas-orthodorsal-100x190-cm-en-ressort-et-mousse-haute-qualite-67644485.html,https://ma.jumia.is/unsafe/fit-in/300x300/filters:fill(white)/product/58/444676/1.jpg?4989,jumia,Chambre Adulte,2026-06-11 18:50:50,True,Milieu (1500-4000),jumia_3611
Kitea Lit Mi Piace 90X200Cm Avec Planche Sommier Et 2 Tiroirs - Gris / Blanc,3490.0,3990.0,13.0,https://www.jumia.ma/kitea-lit-mi-piace-90x200cm-avec-planche-sommier-et-2-tiroirs-gris-blanc-67584000.html,https://ma.jumia.is/unsafe/fit-in/300x300/filters:fill(white)/product/00/048576/1.jpg?2239,jumia,Chambre Adulte,2026-06-11 18:51:22,True,Milieu (1500-4000),jumia_3616
"Kitea Table de chevet NAIA - 1 tiroir + 1 niche - 40,4 x 40 x 49,5 cm - Beige",545.0,,0.0,https://www.jumia.ma/kitea-table-de-chevet-naia-1-tiroir-1-niche-404-x-40-x-495-cm-beige-67990334.html,https://ma.jumia.is/unsafe/fit-in/300x300/filters:fill(white)/product/43/309976/1.jpg?2751,jumia,Chambre Adulte,2026-06-11 18:52:00,False,Économique (500-1500),jumia_3625
Kitea Commode LAFABRICA - Beige / Gris,2990.0,3190.0,6.0,https://www.jumia.ma/kitea-commode-lafabrica-beige-gris-65702951.html,https://ma.jumia.is/unsafe/fit-in/300x300/filters:fill(white)/product/15/920756/1.jpg?8261,jumia,Chambre Adulte,2026-06-11 18:51:52,True,Milieu (1500-4000),jumia_3639
Kitea Commode Orsa 3 Tiroirs - Blanc,1699.0,,0.0,https://www.jumia.ma/kitea-commode-orsa-3-tiroirs-blanc-66402678.html,https://ma.jumia.is/unsafe/fit-in/300x300/filters:fill(white)/product/87/620466/1.jpg?3744,jumia,Chambre Adulte,2026-06-11 18:50:59,False,Milieu (1500-4000),jumia_3652
Table d'appoint - FineBuy Table d'appoint en Bois Design 45x40x54 cm,593.1,1000.0,41.0,https://www.jumia.ma/generic-table-dappoint-finebuy-table-dappoint-en-bois-design-45x40x54-cm-67330605.html,https://ma.jumia.is/unsafe/fit-in/300x300/filters:fill(white)/product/50/603376/1.jpg?0386,jumia,Chambre Adulte,2026-06-11 18:51:39,True,Économique (500-1500),jumia_3659
Armoire Murale avec Tiroir Rangement noir,449.1,790.0,43.0,https://www.jumia.ma/generic-armoire-murale-avec-tiroir-rangement-noir-67195097.html,https://ma.jumia.is/unsafe/fit-in/300x300/filters:fill(white)/product/79/059176/1.jpg?3215,jumia,Chambre Adulte,2026-06-11 18:52:11,True,Entrée (<500),jumia_3662
table de chevet moderne 50*40*30 cm,404.1,800.0,50.0,https://www.jumia.ma/generic-table-de-chevet-moderne-504030-cm-67366903.html,https://ma.jumia.is/unsafe/fit-in/300x300/filters:fill(white)/product/30/966376/1.jpg?7952,jumia,Chambre Adulte,2026-06-11 18:52:00,True,Entrée (<500),jumia_3666
Kitea ARMOIRE RICKO 2 PORTES + 2 TIROIRS - Chêne / Blanc,3990.0,,0.0,https://www.jumia.ma/kitea-armoire-ricko-2-portes-2-tiroirs-chene-blanc-66901681.html,https://ma.jumia.is/unsafe/fit-in/300x300/filters:fill(white)/product/18/610966/1.jpg?5946,jumia,Chambre Adulte,2026-06-11 18:51:22,False,Milieu (1500-4000),jumia_3688
Kitea Lit VERTIGO 140x190cm Avec Led - Chêne Gris / Blanc,4790.0,,0.0,https://www.jumia.ma/kitea-lit-vertigo-140x190cm-avec-led-chene-gris-blanc-63344452.html,https://ma.jumia.is/unsafe/fit-in/300x300/filters:fill(white)/product/25/444336/1.jpg?9224,jumia,Chambre Adulte,2026-06-11 18:51:30,False,Premium (4000-10k),jumia_3704
Armoire Bricolage Non-tissé pli Portable armoire de rangement multifonction anti-poussière étanche,359.0,,0.0,https://www.jumia.ma/generic-armoire-bricolage-non-tisse-pli-portable-armoire-de-rangement-multifonction-anti-poussiere-etanche-63966119.html,https://ma.jumia.is/unsafe/fit-in/300x300/filters:fill(white)/product/91/166936/1.jpg?3086,jumia,Chambre Adulte,2026-06-11 18:51:13,False,Entrée (<500),jumia_3721
"Kitea Meuble Multifonction Focus 2 Portes – Chêne – 69,2×34,6×170,4cm",1295.0,,0.0,https://www.jumia.ma/kitea-meuble-multifonction-focus-2-portes-chene-6923461704cm-67990338.html,https://ma.jumia.is/unsafe/fit-in/300x300/filters:fill(white)/product/83/309976/1.jpg?2754,jumia,Chambre Adulte,2026-06-11 18:52:17,False,Économique (500-1500),jumia_3723
4 pièces barre de plan de travail réglable meubles jambes lit pied robuste armoire Table pieds en acier inoxydable 8 cm,89.0,,0.0,https://www.jumia.ma/generic-4-pieces-barre-de-plan-de-travail-reglable-meubles-jambes-lit-pied-robuste-armoire-table-pieds-en-acier-inoxydable-8-cm-34185296.html,https://ma.jumia.is/unsafe/fit-in/300x300/filters:fill(white)/product/69/258143/1.jpg?6684,jumia,Chambre Adulte,2026-06-11 18:51:22,False,Entrée (<500),jumia_3732
SALIDOR Matelas Dorsotopia (160x200 cm) -  En ressort  et mousse haute qualité,3153.0,4204.0,25.0,https://www.jumia.ma/salidor-matelas-dorsotopia-160x200-cm-en-ressort-et-mousse-haute-qualite-67644482.html,https://ma.jumia.is/unsafe/fit-in/300x300/filters:fill(white)/product/28/444676/1.jpg?4987,jumia,Chambre Adulte,2026-06-11 18:50:40,True,Milieu (1500-4000),jumia_3741
Table de chevet flottante Blanc 42.5*36*33 cm,503.1,750.0,33.0,https://www.jumia.ma/generic-table-de-chevet-flottante-blanc-42.53633-cm-67250238.html,https://ma.jumia.is/unsafe/fit-in/300x300/filters:fill(white)/product/83/205276/1.jpg?8535,jumia,Chambre Adulte,2026-06-11 18:52:07,True,Économique (500-1500),jumia_3742
Kitea Commode Basalto - Blanc / Marron,1995.0,5790.0,66.0,https://www.jumia.ma/kitea-commode-basalto-blanc-marron-67524588.html,https://ma.jumia.is/unsafe/fit-in/300x300/filters:fill(white)/product/88/542576/1.jpg?7703,jumia,Chambre Adulte,2026-06-11 18:51:52,True,Milieu (1500-4000),jumia_3744
meuble de chambre chêne sonoma,1699.0,1899.0,11.0,https://www.jumia.ma/generic-meuble-de-chambre-chene-sonoma-64626906.html,https://ma.jumia.is/unsafe/fit-in/300x300/filters:fill(white)/product/60/962646/1.jpg?9615,jumia,Chambre Adulte,2026-06-11 18:51:30,True,Milieu (1500-4000),jumia_3746
Table de chevet beige avec 2 tiroirs,692.1,900.0,23.0,https://www.jumia.ma/generic-table-de-chevet-beige-avec-2-tiroirs-67271465.html,https://ma.jumia.is/unsafe/fit-in/300x300/filters:fill(white)/product/56/417276/1.jpg?0495,jumia,Chambre Adulte,2026-06-11 18:51:30,True,Économique (500-1500),jumia_3749
SALIDOR Matelas Energia( 140x200cm) - En mousse haute qualité,2334.75,3113.0,25.0,https://www.jumia.ma/salidor-matelas-energia-140x200cm-en-mousse-haute-qualite-67644502.html,https://ma.jumia.is/unsafe/fit-in/300x300/filters:fill(white)/product/20/544676/1.jpg?5004,jumia,Chambre Adulte,2026-06-11 18:51:39,True,Milieu (1500-4000),jumia_3752
Mini commode pour bébé,300.0,,0.0,https://www.jumia.ma/generic-mini-commode-pour-bebe-65778776.html,https://ma.jumia.is/unsafe/fit-in/300x300/filters:fill(white)/product/67/787756/1.jpg?6650,jumia,Chambre Adulte,2026-06-11 18:51:52,False,Entrée (<500),jumia_3783
Table de chevet flottante faite à la main en noyer massif,359.0,550.0,35.0,https://www.jumia.ma/generic-table-de-chevet-flottante-faite-a-la-main-en-noyer-massif-52578986.html,https://ma.jumia.is/unsafe/fit-in/300x300/filters:fill(white)/product/68/987525/1.jpg?1259,jumia,Chambre Adulte,2026-06-11 18:51:46,True,Entrée (<500),jumia_3832
Kitea Pack Lit Anis 140X190 Sommier + Matelas + 2 Tablettes Suspendues - Chêne / Blanc,5990.0,,0.0,https://www.jumia.ma/kitea-pack-lit-anis-140x190-sommier-matelas-2-tablettes-suspendues-chene-blanc-67844321.html,https://ma.jumia.is/unsafe/fit-in/300x300/filters:fill(white)/product/12/344876/1.jpg?4166,jumia,Chambre Adulte,2026-06-11 18:50:59,False,Premium (4000-10k),jumia_3838
Kitea TABLE DE CHEVET BALDER 1TIROIR ET 1NICHE - Chêne / Blanc,650.0,,0.0,https://www.jumia.ma/kitea-table-de-chevet-balder-1tiroir-et-1niche-chene-blanc-65937402.html,https://ma.jumia.is/unsafe/fit-in/300x300/filters:fill(white)/product/20/473956/1.jpg?6954,jumia,Chambre Adulte,2026-06-11 18:52:07,False,Économique (500-1500),jumia_3849
Table de chevet Table de nuit 38*28*26 cm,494.1,750.0,34.0,https://www.jumia.ma/generic-table-de-chevet-table-de-nuit-382826-cm-66171523.html,https://ma.jumia.is/unsafe/fit-in/300x300/filters:fill(white)/product/32/517166/1.jpg?9332,jumia,Chambre Adulte,2026-06-11 18:51:30,True,Entrée (<500),jumia_3862
Top Matelas de mer gonflable en gros couleur fluorescente flotteurs de piscine gonflables pour adultes,149.0,249.0,40.0,https://www.jumia.ma/top-matelas-de-mer-gonflable-en-gros-couleur-fluorescente-flotteurs-de-piscine-gonflables-pour-adultes-67213566.html,https://ma.jumia.is/unsafe/fit-in/300x300/filters:fill(white)/product/66/531276/1.jpg?9649,jumia,Chambre Adulte,2026-06-11 18:52:07,True,Entrée (<500),jumia_3866
Panana moderne coiffeuse Table de maquillage,1899.0,,0.0,https://www.jumia.ma/generic-panana-moderne-coiffeuse-table-de-maquillage-41299101.html,https://ma.jumia.is/unsafe/fit-in/300x300/filters:fill(white)/product/10/199214/1.jpg?4916,jumia,Chambre Adulte,2026-06-11 18:51:30,False,Milieu (1500-4000),jumia_3877
Fores WARD Table de chevet Blanc,523.0,750.0,30.0,https://www.jumia.ma/fores-ward-table-de-chevet-blanc-64313906.html,https://ma.jumia.is/unsafe/fit-in/300x300/filters:fill(white)/product/60/931346/1.jpg?6294,jumia,Chambre Adulte,2026-06-11 18:50:50,True,Économique (500-1500),jumia_3900
Tables de Chevet 1 pcs,999.0,,0.0,https://www.jumia.ma/generic-tables-de-chevet-1-pcs-62172827.html,https://ma.jumia.is/unsafe/fit-in/300x300/filters:fill(white)/product/72/827126/1.jpg?4770,jumia,Chambre Adulte,2026-06-11 18:52:07,False,Économique (500-1500),jumia_3915
Kitea Commode MARTINA 2 - Chêne / Noir,2390.0,,0.0,https://www.jumia.ma/kitea-commode-martina-2-chene-noir-65807669.html,https://ma.jumia.is/unsafe/fit-in/300x300/filters:fill(white)/product/96/670856/1.jpg?5795,jumia,Chambre Adulte,2026-06-11 18:52:07,False,Milieu (1500-4000),jumia_3917
Ensembles de chambre à coucher Canapé paresseux gonflable épaissi avec repose-pieds Meubles de chambre à coucher,268.0,500.0,46.0,https://www.jumia.ma/generic-ensembles-de-chambre-a-coucher-canape-paresseux-gonflable-epaissi-avec-repose-pieds-meubles-de-chambre-a-coucher-66305515.html,https://ma.jumia.is/unsafe/fit-in/300x300/filters:fill(white)/product/51/550366/1.jpg?2347,jumia,Chambre Adulte,2026-06-11 18:52:00,True,Entrée (<500),jumia_3925
"table de shevet de nuit flottante moderne Nathan James Jackson avec tiroir, 1, chêne clair",650.0,,0.0,https://www.jumia.ma/generic-table-de-shevet-de-nuit-flottante-moderne-nathan-james-jackson-avec-tiroir-1-chene-clair-65429225.html,https://ma.jumia.is/unsafe/fit-in/300x300/filters:fill(white)/product/52/292456/1.jpg?5350,jumia,Chambre Adulte,2026-06-11 18:52:00,False,Économique (500-1500),jumia_3928
SALIDOR Matelas Orthodorsal (160x190 cm) - En ressort  et mousse haute qualité,2415.75,3221.0,25.0,https://www.jumia.ma/salidor-matelas-orthodorsal-160x190-cm-en-ressort-et-mousse-haute-qualite-67644501.html,https://ma.jumia.is/unsafe/fit-in/300x300/filters:fill(white)/product/10/544676/1.jpg?5004,jumia,Chambre Adulte,2026-06-11 18:51:13,True,Milieu (1500-4000),jumia_3940
Commode basse double Eliget noyer noir 180 cm,3199.0,,0.0,https://www.jumia.ma/generic-commode-basse-double-eliget-noyer-noir-180-cm-62378221.html,https://ma.jumia.is/unsafe/fit-in/300x300/filters:fill(white)/product/12/287326/1.jpg?7615,jumia,Chambre Adulte,2026-06-11 18:51:30,False,Milieu (1500-4000),jumia_3957
Table De Chevet Pour Chambre À Coucher - Woodlo,459.0,550.0,17.0,https://www.jumia.ma/generic-table-de-chevet-pour-chambre-a-coucher-woodlo-64558886.html,https://ma.jumia.is/unsafe/fit-in/300x300/filters:fill(white)/product/68/885546/1.jpg?2668,jumia,Chambre Adulte,2026-06-11 18:51:30,True,Entrée (<500),jumia_3961
Kitea Lit Clara 160 X 200 Avec Sommier - Taupe / Noyer,4590.0,6990.0,34.0,https://www.jumia.ma/kitea-lit-clara-160-x-200-avec-sommier-taupe-noyer-67819527.html,https://ma.jumia.is/unsafe/fit-in/300x300/filters:fill(white)/product/72/591876/1.jpg?5945,jumia,Chambre Adulte,2026-06-11 18:51:22,True,Premium (4000-10k),jumia_3973
Kitea Table de chevet JAWA - Oak / Noir Laqué,850.0,,0.0,https://www.jumia.ma/kitea-table-de-chevet-jawa-oak-noir-laque-62940474.html,https://ma.jumia.is/unsafe/fit-in/300x300/filters:fill(white)/product/47/404926/1.jpg?1887,jumia,Chambre Adulte,2026-06-11 18:50:50,False,Économique (500-1500),jumia_3979
Kitea Table De Chevet LUCAS - Gris / Blanc / chêne,790.0,,0.0,https://www.jumia.ma/kitea-table-de-chevet-lucas-gris-blanc-chene-65604379.html,https://ma.jumia.is/unsafe/fit-in/300x300/filters:fill(white)/product/97/340656/1.jpg?9744,jumia,Chambre Adulte,2026-06-11 18:51:52,False,Économique (500-1500),jumia_3989
Kitea TIROIR LIT ESPRESSO - BLANC,890.0,,0.0,https://www.jumia.ma/kitea-tiroir-lit-espresso-blanc-67177782.html,https://ma.jumia.is/unsafe/fit-in/300x300/filters:fill(white)/product/28/777176/1.jpg?9219,jumia,Chambre Adulte,2026-06-11 18:51:39,False,Économique (500-1500),jumia_4004
Table de nuit Table d’appoint Commode pour boîte 40×35×45 cm,499.0,700.0,29.0,https://www.jumia.ma/generic-table-de-nuit-table-dappoint-commode-pour-boite-403545-cm-67205404.html,https://ma.jumia.is/unsafe/fit-in/300x300/filters:fill(white)/product/40/450276/1.jpg?7174,jumia,Chambre Adulte,2026-06-11 18:51:22,True,Entrée (<500),jumia_4009
Kitea Double Commode VERTIGO Avec 3 Tiroirs + 1 Porte - Chêne Gris / Blanc,4990.0,,0.0,https://www.jumia.ma/kitea-double-commode-vertigo-avec-3-tiroirs-1-porte-chene-gris-blanc-63344052.html,https://ma.jumia.is/unsafe/fit-in/300x300/filters:fill(white)/product/25/044336/1.jpg?9813,jumia,Chambre Adulte,2026-06-11 18:51:52,False,Premium (4000-10k),jumia_4017
Armoire Penderie 3 Battants - 130 x 45 x 170cm - Marron,183.0,500.0,63.0,https://www.jumia.ma/armoire-penderie-3-battants-130-x-45-x-170cm-marron-generic-mpg863057.html,https://ma.jumia.is/unsafe/fit-in/300x300/filters:fill(white)/product/40/530533/1.jpg?4666,jumia,Chambre Adulte,2026-06-11 18:52:21,True,Entrée (<500),jumia_4031
"table de shevet de nuit flottante moderne avec tiroir, sanoma",314.1,649.0,52.0,https://www.jumia.ma/generic-table-de-shevet-de-nuit-flottante-moderne-avec-tiroir-sanoma-65766236.html,https://ma.jumia.is/unsafe/fit-in/300x300/filters:fill(white)/product/63/266756/1.jpg?9976,jumia,Chambre Adulte,2026-06-11 18:50:50,True,Entrée (<500),jumia_4032
Kitea Coffre pied de lit BELLEVUE 165*54 - Marron,1795.0,2290.0,22.0,https://www.jumia.ma/kitea-coffre-pied-de-lit-bellevue-16554-marron-63344111.html,https://ma.jumia.is/unsafe/fit-in/300x300/filters:fill(white)/product/11/144336/1.jpg?9159,jumia,Chambre Adulte,2026-06-11 18:51:52,True,Milieu (1500-4000),jumia_4053
Lit 90x200 Blanc MILOR sans tiroir,1399.0,2399.0,42.0,https://www.jumia.ma/generic-lit-90x200-blanc-milor-sans-tiroir-65307912.html,https://ma.jumia.is/unsafe/fit-in/300x300/filters:fill(white)/product/21/970356/1.jpg?6305,jumia,Chambre Adulte,2026-06-11 18:51:13,True,Économique (500-1500),jumia_4064
"Moustiquaire de lit, tente de lit pliable portable avec moustiquaire inférieure",169.0,199.0,15.0,https://www.jumia.ma/generic-moustiquaire-de-lit-tente-de-lit-pliable-portable-avec-moustiquaire-inferieure-65428263.html,https://ma.jumia.is/unsafe/fit-in/300x300/filters:fill(white)/product/36/282456/1.jpg?9323,jumia,Chambre Adulte,2026-06-11 18:51:30,True,Entrée (<500),jumia_4071
"Table Roulante à Deux Niveaux avec Design Élégant – Table d’Ombre Noir avec Roues Transparentes, pour Salon, Chambre ou Bureau",420.99,520.0,19.0,https://www.jumia.ma/generic-table-roulante-a-deux-niveaux-avec-design-elegant-table-dombre-noir-avec-roues-transparentes-pour-salon-chambre-ou-bureau-66409772.html,https://ma.jumia.is/unsafe/fit-in/300x300/filters:fill(white)/product/27/790466/1.jpg?1556,jumia,Chambre Adulte,2026-06-11 18:51:39,True,Entrée (<500),jumia_4082
SALIDOR Matelas Orthodorsal (90x200 cm) - En ressort  et mousse haute qualité,1623.75,2165.0,25.0,https://www.jumia.ma/salidor-matelas-orthodorsal-90x200-cm-en-ressort-et-mousse-haute-qualite-67644505.html,https://ma.jumia.is/unsafe/fit-in/300x300/filters:fill(white)/product/50/544676/1.jpg?5008,jumia,Chambre Adulte,2026-06-11 18:51:30,True,Milieu (1500-4000),jumia_4115
Kitea Commode Mayfair 3 Tiroirs - Chêne/Blanc,1395.0,,0.0,https://www.jumia.ma/kitea-commode-mayfair-3-tiroirs-cheneblanc-67758884.html,https://ma.jumia.is/unsafe/fit-in/300x300/filters:fill(white)/product/48/885776/1.jpg?6514,jumia,Chambre Adulte,2026-06-11 18:51:13,False,Économique (500-1500),jumia_4117
BESTWAY Matelas Gonflable Aeroluxe 1 Place 185 x 76  x 22cm -(73'' x 30''  x  8.5'' ) - vert Avec Gonfleur BestWay,379.0,,0.0,https://www.jumia.ma/generic-bestway-matelas-gonflable-aeroluxe-1-place-185-x-76-x-22cm-73-x-30-x-8.5-vert-avec-gonfleur-bestway-35231446.html,https://ma.jumia.is/unsafe/fit-in/300x300/filters:fill(white)/product/64/413253/1.jpg?9585,jumia,Chambre Adulte,2026-06-11 18:51:30,False,Entrée (<500),jumia_4123
Kitea Tiroir Du Lit Ricko - Chêne,1590.0,,0.0,https://www.jumia.ma/kitea-tiroir-du-lit-ricko-chene-67583797.html,https://ma.jumia.is/unsafe/fit-in/300x300/filters:fill(white)/product/79/738576/1.jpg?6754,jumia,Chambre Adulte,2026-06-11 18:52:00,False,Milieu (1500-4000),jumia_4125
Table d’appoint roulante moderne pour ordinateur portable maison,590.68,826.95,29.0,https://www.jumia.ma/generic-table-dappoint-roulante-moderne-pour-ordinateur-portable-maison-67757697.html,https://ma.jumia.is/unsafe/fit-in/300x300/filters:fill(white)/product/79/675776/1.jpg?3116,jumia,Chambre Adulte,2026-06-11 18:52:07,True,Économique (500-1500),jumia_4135
"table de shevet de nuit flottante moderne  avec tiroir, 1,Noire",649.0,,0.0,https://www.jumia.ma/generic-table-de-shevet-de-nuit-flottante-moderne-avec-tiroir-1noire-65681641.html,https://ma.jumia.is/unsafe/fit-in/300x300/filters:fill(white)/product/14/618656/1.jpg?9433,jumia,Chambre Adulte,2026-06-11 18:52:17,False,Économique (500-1500),jumia_4151
Bestway MATELAS BESTWAY GONFLABLE 1 PLACE 185 x 76 cm - BLEU + POMPE A MAIN GRATUIT,388.99,,0.0,https://www.jumia.ma/bestway-matelas-bestway-gonflable-1-place-185-x-76-cm-bleu-pompe-a-main-gratuit-26762085.html,https://ma.jumia.is/unsafe/fit-in/300x300/filters:fill(white)/product/58/026762/1.jpg?9174,jumia,Chambre Adulte,2026-06-11 18:51:46,False,Entrée (<500),jumia_4157
Bestway Matelas Gonflable avec Pompe à Main Offerte – Lit d’Air Pliable pour Camping ou Invités à la Maison,299.0,499.0,40.0,https://www.jumia.ma/bestway-matelas-gonflable-avec-pompe-a-main-offerte-lit-dair-pliable-pour-camping-ou-invites-a-la-maison-67131889.html,https://ma.jumia.is/unsafe/fit-in/300x300/filters:fill(white)/product/98/813176/1.jpg?1577,jumia,Chambre Adulte,2026-06-11 18:50:50,True,Entrée (<500),jumia_4169
Afer Table de chevet moderne sonoma,1199.0,,0.0,https://www.jumia.ma/afer-table-de-chevet-moderne-sonoma-40797178.html,https://ma.jumia.is/unsafe/fit-in/300x300/filters:fill(white)/product/87/179704/1.jpg?1781,jumia,Chambre Adulte,2026-06-11 18:51:52,False,Économique (500-1500),jumia_4174
Kitea Coiffeuse BELLEVUE + Miroir + Tabouret - Chêne /  Marron / Noir,2395.0,2790.0,14.0,https://www.jumia.ma/kitea-coiffeuse-bellevue-miroir-tabouret-chene-marron-noir-63344472.html,https://ma.jumia.is/unsafe/fit-in/300x300/filters:fill(white)/product/27/444336/1.jpg?9895,jumia,Chambre Adulte,2026-06-11 18:51:46,True,Milieu (1500-4000),jumia_4186
Dolidol Matelas d appoint pliable. 180/70 cm,179.0,,0.0,https://www.jumia.ma/dolidol-matelas-d-appoint-pliable.-18070-cm-65370098.html,https://ma.jumia.is/unsafe/fit-in/300x300/filters:fill(white)/product/89/007356/1.jpg?3388,jumia,Chambre Adulte,2026-06-11 18:50:50,False,Entrée (<500),jumia_4190
Dansmamaison.ma CUSCO Chevet 2 Tiroirs,790.0,,0.0,https://www.jumia.ma/dansmamaison.ma-cusco-chevet-2-tiroirs-67675241.html,https://ma.jumia.is/unsafe/fit-in/300x300/filters:fill(white)/product/14/257676/1.jpg?0966,jumia,Chambre Adulte,2026-06-11 18:52:00,False,Économique (500-1500),jumia_4192
SALIDOR Matelas Dorsotopia (180x190 cm) -  En ressort  et mousse haute qualité,3522.0,4696.0,25.0,https://www.jumia.ma/salidor-matelas-dorsotopia-180x190-cm-en-ressort-et-mousse-haute-qualite-67644496.html,https://ma.jumia.is/unsafe/fit-in/300x300/filters:fill(white)/product/69/444676/1.jpg?5000,jumia,Chambre Adulte,2026-06-11 18:52:07,True,Milieu (1500-4000),jumia_4198
Table De Chevet Pour Chambre À Coucher - Black To Black,499.0,650.0,23.0,https://www.jumia.ma/generic-table-de-chevet-pour-chambre-a-coucher-black-to-black-63652569.html,https://ma.jumia.is/unsafe/fit-in/300x300/filters:fill(white)/product/96/525636/1.jpg?0463,jumia,Chambre Adulte,2026-06-11 18:52:11,True,Entrée (<500),jumia_4209
SALIDOR Matelas Black vibe (160x190 cm) - En ressort ensachés et mousse haute résilience,4465.5,5954.0,25.0,https://www.jumia.ma/salidor-matelas-black-vibe-160x190-cm-en-ressort-ensaches-et-mousse-haute-resilience-67644508.html,https://ma.jumia.is/unsafe/fit-in/300x300/filters:fill(white)/product/80/544676/1.jpg?5013,jumia,Chambre Adulte,2026-06-11 18:51:46,True,Premium (4000-10k),jumia_4211
Armoire Avec Rangement Et Penderie Modulable Rose,699.0,,0.0,https://www.jumia.ma/generic-armoire-avec-rangement-et-penderie-modulable-rose-65455402.html,https://ma.jumia.is/unsafe/fit-in/300x300/filters:fill(white)/product/20/455456/1.jpg?4110,jumia,Chambre Adulte,2026-06-11 18:50:50,False,Économique (500-1500),jumia_4237
SALIDOR Matelas Black vibe (140x190) - En ressort ensachés et mousse haute résilience,3827.25,5103.0,25.0,https://www.jumia.ma/salidor-matelas-black-vibe-140x190-en-ressort-ensaches-et-mousse-haute-resilience-67644506.html,https://ma.jumia.is/unsafe/fit-in/300x300/filters:fill(white)/product/60/544676/1.jpg?5009,jumia,Chambre Adulte,2026-06-11 18:50:40,True,Milieu (1500-4000),jumia_4239
SALIDOR Matelas Energia (100x190 cm) - En mousse haute qualité,1846.5,2462.0,25.0,https://www.jumia.ma/salidor-matelas-energia-100x190-cm-en-mousse-haute-qualite-67644503.html,https://ma.jumia.is/unsafe/fit-in/300x300/filters:fill(white)/product/30/544676/1.jpg?5005,jumia,Chambre Adulte,2026-06-11 18:52:00,True,Milieu (1500-4000),jumia_4242
"Support À Linen Métal, Support de Séchade Vêtements, Porte-Manteau Avec Étagères Pour Suspendre Les Vêtements Et Étagère de Rangement Inférieure Pour Boîtes À Chaussures Et Bottes/Black/150Cm",399.0,,0.0,https://www.jumia.ma/generic-support-a-linen-metal-support-de-sechade-vetements-porte-manteau-avec-etageres-pour-suspendre-les-vetements-et-etagere-de-rangement-inferieure-pour-boites-a-chaussures-et-bottesblack150cm-66123039.html,https://ma.jumia.is/unsafe/fit-in/300x300/filters:fill(white)/product/93/032166/1.jpg?1568,jumia,Chambre Adulte,2026-06-11 18:51:30,False,Entrée (<500),jumia_4245
Table de nuit Table de chevet élégante et pratique 59*40*30 cm,549.0,750.0,27.0,https://www.jumia.ma/generic-table-de-nuit-table-de-chevet-elegante-et-pratique-594030-cm-67765113.html,https://ma.jumia.is/unsafe/fit-in/300x300/filters:fill(white)/product/31/156776/1.jpg?2411,jumia,Chambre Adulte,2026-06-11 18:51:39,True,Économique (500-1500),jumia_4252
SALIDOR Matelas Black vibe (100x190cm) - En ressort ensachés et mousse haute résilience,3291.0,4388.0,25.0,https://www.jumia.ma/salidor-matelas-black-vibe-100x190cm-en-ressort-ensaches-et-mousse-haute-resilience-67644514.html,https://ma.jumia.is/unsafe/fit-in/300x300/filters:fill(white)/product/41/544676/1.jpg?5023,jumia,Chambre Adulte,2026-06-11 18:52:07,True,Milieu (1500-4000),jumia_4277
Kitea Table De Chevet CHARLY 1 Tiroir Avec 1 Niche -  Chêne / Blanc,590.0,,0.0,https://www.jumia.ma/kitea-table-de-chevet-charly-1-tiroir-avec-1-niche-chene-blanc-62683132.html,https://ma.jumia.is/unsafe/fit-in/300x300/filters:fill(white)/product/23/138626/1.jpg?8971,jumia,Chambre Adulte,2026-06-11 18:51:13,False,Économique (500-1500),jumia_4291
Table de Chevet,1299.0,,0.0,https://www.jumia.ma/generic-table-de-chevet-62153327.html,https://ma.jumia.is/unsafe/fit-in/300x300/filters:fill(white)/product/72/335126/1.jpg?3786,jumia,Chambre Adulte,2026-06-11 18:51:39,False,Économique (500-1500),jumia_4293
Kitea LIT ESPRESSO SANS SOMMIER - BLANC,1990.0,,0.0,https://www.jumia.ma/lit-espresso-sans-sommier-blanc-kitea-mpg1528529.html,https://ma.jumia.is/unsafe/fit-in/300x300/filters:fill(white)/product/74/377176/1.jpg?8504,jumia,Chambre Adulte,2026-06-11 18:51:22,False,Milieu (1500-4000),jumia_4308
Dansmamaison.ma CUSCO Commode avec 4 Tiroirs,2300.0,,0.0,https://www.jumia.ma/dansmamaison.ma-cusco-commode-avec-4-tiroirs-67675239.html,https://ma.jumia.is/unsafe/fit-in/300x300/filters:fill(white)/product/93/257676/1.jpg?0965,jumia,Chambre Adulte,2026-06-11 18:51:52,False,Milieu (1500-4000),jumia_4314
Table d’appoint en bois beige – 60 x 35 x 25 cm,549.0,800.0,31.0,https://www.jumia.ma/generic-table-dappoint-en-bois-beige-60-x-35-x-25-cm-67743634.html,https://ma.jumia.is/unsafe/fit-in/300x300/filters:fill(white)/product/43/634776/1.jpg?4377,jumia,Chambre Adulte,2026-06-11 18:51:46,True,Économique (500-1500),jumia_4316
Commode 41 x 30 cm - FAN10,800.0,1200.0,33.0,https://www.jumia.ma/generic-commode-41-x-30-cm-fan10-67186237.html,https://ma.jumia.is/unsafe/fit-in/300x300/filters:fill(white)/product/73/268176/1.jpg?0530,jumia,Chambre Adulte,2026-06-11 18:52:07,True,Économique (500-1500),jumia_4323
"Table de chevet, Tables d'appoint pour la décoration",278.1,450.0,38.0,https://www.jumia.ma/generic-table-de-chevet-tables-dappoint-pour-la-decoration-67495938.html,https://ma.jumia.is/unsafe/fit-in/300x300/filters:fill(white)/product/83/959476/1.jpg?4119,jumia,Chambre Adulte,2026-06-11 18:50:40,True,Entrée (<500),jumia_4324
BESTWAY Matelas Gonflable Aeroluxe 1 Place   Avec Gonfleur BestWay,379.0,,0.0,https://www.jumia.ma/generic-bestway-matelas-gonflable-aeroluxe-1-place-avec-gonfleur-bestway-34925345.html,https://ma.jumia.is/unsafe/fit-in/300x300/filters:fill(white)/product/54/352943/1.jpg?2296,jumia,Chambre Adulte,2026-06-11 18:51:13,False,Entrée (<500),jumia_4338
SALIDOR Matelas Orthodorsal (180x190 cm) - En ressort  et mousse haute qualité,2948.25,3931.0,25.0,https://www.jumia.ma/salidor-matelas-orthodorsal-180x190-cm-en-ressort-et-mousse-haute-qualite-67644484.html,https://ma.jumia.is/unsafe/fit-in/300x300/filters:fill(white)/product/48/444676/1.jpg?4988,jumia,Chambre Adulte,2026-06-11 18:51:39,True,Milieu (1500-4000),jumia_4343
"Kitea Commode 3 Tiroirs Tanaia – 75,2×41,3×89,7cm – Chêne et Sable",995.0,2195.0,55.0,https://www.jumia.ma/kitea-commode-3-tiroirs-tanaia-752413897cm-chene-et-sable-67987554.html,https://ma.jumia.is/unsafe/fit-in/300x300/filters:fill(white)/product/45/578976/1.jpg?7795,jumia,Chambre Adulte,2026-06-11 18:52:17,True,Économique (500-1500),jumia_4347
Table d'appoint élégante aux bords arrondis blanc noir - design pratique et moderne 55*40*30,395.1,600.0,34.0,https://www.jumia.ma/generic-table-dappoint-elegante-aux-bords-arrondis-blanc-noir-design-pratique-et-moderne-554030-67259377.html,https://ma.jumia.is/unsafe/fit-in/300x300/filters:fill(white)/product/77/395276/1.jpg?8204,jumia,Chambre Adulte,2026-06-11 18:51:13,True,Entrée (<500),jumia_4348
"Table d'appoint pour meubles d'intérieur, table de canapé pour salon, table basse pour canapé et chambre",489.0,650.0,25.0,https://www.jumia.ma/generic-table-dappoint-pour-meubles-dinterieur-table-de-canape-pour-salon-table-basse-pour-canape-et-chambre-67218462.html,https://ma.jumia.is/unsafe/fit-in/300x300/filters:fill(white)/product/26/481276/1.jpg?6452,jumia,Chambre Adulte,2026-06-11 18:52:07,True,Entrée (<500),jumia_4355
Table de nuit murale en bois MDF moderne couleur blanc,750.0,850.0,12.0,https://www.jumia.ma/generic-table-de-nuit-murale-en-bois-mdf-moderne-couleur-blanc-67295055.html,https://ma.jumia.is/unsafe/fit-in/300x300/filters:fill(white)/product/55/059276/1.jpg?6614,jumia,Chambre Adulte,2026-06-11 18:51:30,True,Économique (500-1500),jumia_4363
"Table de chevet pour chambre à coucher, maison, casier de chevet créatif",600.0,,0.0,https://www.jumia.ma/generic-table-de-chevet-pour-chambre-a-coucher-maison-casier-de-chevet-creatif-47490848.html,https://ma.jumia.is/unsafe/fit-in/300x300/filters:fill(white)/product/84/809474/1.jpg?1488,jumia,Chambre Adulte,2026-06-11 18:51:46,False,Économique (500-1500),jumia_4375
Armoire de Rangement Penderie de Vêtement Pliable - bleu marine,190.0,499.0,62.0,https://www.jumia.ma/generic-armoire-de-rangement-penderie-de-vetement-pliable-bleu-marine-64794166.html,https://ma.jumia.is/unsafe/fit-in/300x300/filters:fill(white)/product/66/149746/1.jpg?9564,jumia,Chambre Adulte,2026-06-11 18:50:40,True,Entrée (<500),jumia_4377
Kitea Chiffonnier 4-YOU 7 Tiroirs - Noir / Chêne,1795.0,2995.0,40.0,https://www.jumia.ma/kitea-chiffonnier-4-you-7-tiroirs-noir-chene-62940500.html,https://ma.jumia.is/unsafe/fit-in/300x300/filters:fill(white)/product/00/504926/1.jpg?1858,jumia,Chambre Adulte,2026-06-11 18:50:50,True,Milieu (1500-4000),jumia_4384
Dansmamaison.ma DENISE Table de Chevet,700.0,,0.0,https://www.jumia.ma/dansmamaison.ma-denise-table-de-chevet-67674595.html,https://ma.jumia.is/unsafe/fit-in/300x300/filters:fill(white)/product/59/547676/1.jpg?7813,jumia,Chambre Adulte,2026-06-11 18:51:13,False,Économique (500-1500),jumia_4386
Table de chevet modern MDF chene,299.99,349.99,14.0,https://www.jumia.ma/generic-table-de-chevet-modern-mdf-chene-67191586.html,https://ma.jumia.is/unsafe/fit-in/300x300/filters:fill(white)/product/68/519176/1.jpg?9745,jumia,Chambre Adulte,2026-06-11 18:50:50,True,Entrée (<500),jumia_4397
"Pieds de Meubles Innovants 4 Pièces pour Faciliter le Déplacement de Canapés, Chaises",135.0,149.0,9.0,https://www.jumia.ma/generic-pieds-de-meubles-innovants-4-pieces-pour-faciliter-le-deplacement-de-canapes-chaises-63559073.html,https://ma.jumia.is/unsafe/fit-in/300x300/filters:fill(white)/product/37/095536/1.jpg?0504,jumia,Chambre Adulte,2026-06-11 18:52:00,True,Entrée (<500),jumia_4415
Kitea Table De Chevet HUGA - Beige / chêne,1990.0,,0.0,https://www.jumia.ma/kitea-table-de-chevet-huga-beige-chene-64611050.html,https://ma.jumia.is/unsafe/fit-in/300x300/filters:fill(white)/product/05/011646/1.jpg?3862,jumia,Chambre Adulte,2026-06-11 18:52:11,False,Milieu (1500-4000),jumia_4417
Dansmamaison.ma CUSCO Commode 3T,1950.0,,0.0,https://www.jumia.ma/dansmamaison.ma-cusco-commode-3t-67675236.html,https://ma.jumia.is/unsafe/fit-in/300x300/filters:fill(white)/product/63/257676/1.jpg?0963,jumia,Chambre Adulte,2026-06-11 18:51:52,False,Milieu (1500-4000),jumia_4434
GAZADE Commode trois portes,2999.0,,0.0,https://www.jumia.ma/generic-gazade-commode-trois-portes-62378220.html,https://ma.jumia.is/unsafe/fit-in/300x300/filters:fill(white)/product/02/287326/1.jpg?7616,jumia,Chambre Adulte,2026-06-11 18:52:00,False,Milieu (1500-4000),jumia_4445
"Table de chevet blanche moderne à 2 tiroirs, commode de chambre, table d'appoint en MDF",650.0,750.0,13.0,https://www.jumia.ma/generic-table-de-chevet-blanche-moderne-a-2-tiroirs-commode-de-chambre-table-dappoint-en-mdf-67756021.html,https://ma.jumia.is/unsafe/fit-in/300x300/filters:fill(white)/product/12/065776/1.jpg?3475,jumia,Chambre Adulte,2026-06-11 18:50:50,True,Économique (500-1500),jumia_4446
SALIDOR Matelas Dorsoligne (140x190 cm) - En mousse haute qualité,2658.0,3544.0,25.0,https://www.jumia.ma/salidor-matelas-dorsoligne-140x190-cm-en-mousse-haute-qualite-67644489.html,https://ma.jumia.is/unsafe/fit-in/300x300/filters:fill(white)/product/98/444676/1.jpg?4994,jumia,Chambre Adulte,2026-06-11 18:51:46,True,Milieu (1500-4000),jumia_4449
"Commode, table de nuit en bois avec poignées en métal, armoire de chevet blanche moderne pour chambre à coucher, salon, 40 x 35 x 60 cm",750.0,800.0,6.0,https://www.jumia.ma/generic-commode-table-de-nuit-en-bois-avec-poignees-en-metal-armoire-de-chevet-blanche-moderne-pour-chambre-a-coucher-salon-40-x-35-x-60-cm-65679002.html,https://ma.jumia.is/unsafe/fit-in/300x300/filters:fill(white)/product/20/097656/1.jpg?1438,jumia,Chambre Adulte,2026-06-11 18:51:13,True,Économique (500-1500),jumia_4473
Table de chevet en bois fait main avec tiroir et étagère  Table de chevet pour chambre Design minimaliste,599.0,700.0,14.0,https://www.jumia.ma/generic-table-de-chevet-en-bois-fait-main-avec-tiroir-et-etagere-table-de-chevet-pour-chambre-design-minimaliste-67755751.html,https://ma.jumia.is/unsafe/fit-in/300x300/filters:fill(white)/product/15/755776/1.jpg?3226,jumia,Chambre Adulte,2026-06-11 18:52:07,True,Économique (500-1500),jumia_4477
Kitea Lit HOLTEN 160x200cm - Blanc / Chêne,3190.0,,0.0,https://www.jumia.ma/kitea-lit-holten-160x200cm-blanc-chene-67069138.html,https://ma.jumia.is/unsafe/fit-in/300x300/filters:fill(white)/product/83/196076/1.jpg?3665,jumia,Chambre Adulte,2026-06-11 18:51:30,False,Milieu (1500-4000),jumia_4479
Kitea Commode GLOBO -  Chêne / Blanc,2295.0,2690.0,15.0,https://www.jumia.ma/kitea-commode-globo-chene-blanc-63343912.html,https://ma.jumia.is/unsafe/fit-in/300x300/filters:fill(white)/product/21/934336/1.jpg?9830,jumia,Chambre Adulte,2026-06-11 18:51:39,True,Milieu (1500-4000),jumia_4493
Kitea Table De Chevet FLEXI - Blanc / Gris Clair,890.0,,0.0,https://www.jumia.ma/kitea-table-de-chevet-flexi-blanc-gris-clair-63343411.html,https://ma.jumia.is/unsafe/fit-in/300x300/filters:fill(white)/product/11/434336/1.jpg?9709,jumia,Chambre Adulte,2026-06-11 18:52:00,False,Économique (500-1500),jumia_4500
SALIDOR Matelas Black vibe (180x190 cm) - En ressort ensachés et mousse haute résilience,5010.0,6680.0,25.0,https://www.jumia.ma/salidor-matelas-black-vibe-180x190-cm-en-ressort-ensaches-et-mousse-haute-resilience-67644507.html,https://ma.jumia.is/unsafe/fit-in/300x300/filters:fill(white)/product/70/544676/1.jpg?5011,jumia,Chambre Adulte,2026-06-11 18:52:11,True,Premium (4000-10k),jumia_4507
Kitea Chiffonnier HUGA 3 Tiroirs - Beige / chêne,2990.0,,0.0,https://www.jumia.ma/kitea-chiffonnier-huga-3-tiroirs-beige-chene-64611107.html,https://ma.jumia.is/unsafe/fit-in/300x300/filters:fill(white)/product/70/111646/1.jpg?3304,jumia,Chambre Adulte,2026-06-11 18:51:52,False,Milieu (1500-4000),jumia_4508
Coiffeuse blanche  petite coiffeuse,1199.0,1399.0,14.0,https://www.jumia.ma/generic-coiffeuse-blanche-petite-coiffeuse-64628381.html,https://ma.jumia.is/unsafe/fit-in/300x300/filters:fill(white)/product/18/382646/1.jpg?1128,jumia,Chambre Adulte,2026-06-11 18:51:39,True,Économique (500-1500),jumia_4513
"Armoire de chevet beige moderne pour chambre à coucher, salon, 40 x 35 x 60 cm, table de nuit en bois MDF",593.1,1000.0,41.0,https://www.jumia.ma/armoire-de-chevet-beige-moderne-pour-chambre-a-coucher-salon-40-x-35-x-60-cm-table-de-nuit-en-bois-mdf-generic-mpg1622588.html,https://ma.jumia.is/unsafe/fit-in/300x300/filters:fill(white)/product/67/153876/1.jpg?8277,jumia,Chambre Adulte,2026-06-11 18:51:46,True,Économique (500-1500),jumia_4530
Kitea Chiffonier HOLTEN - Chêne / Blanc,2995.0,5990.0,50.0,https://www.jumia.ma/kitea-chiffonier-holten-chene-blanc-66410417.html,https://ma.jumia.is/unsafe/fit-in/300x300/filters:fill(white)/product/71/401466/1.jpg?6740,jumia,Chambre Adulte,2026-06-11 18:51:30,True,Milieu (1500-4000),jumia_4542
"Table d'appoint - FineBuy Table d'appoint en Bois Design 35x29,5x60 cm",440.1,700.0,37.0,https://www.jumia.ma/generic-table-dappoint-finebuy-table-dappoint-en-bois-design-35x295x60-cm-67201448.html,https://ma.jumia.is/unsafe/fit-in/300x300/filters:fill(white)/product/84/410276/1.jpg?7000,jumia,Chambre Adulte,2026-06-11 18:51:39,True,Entrée (<500),jumia_4544
Kitea Lit RICKO 120x200cm Sans Sommier - Blanc / Chêne,2790.0,,0.0,https://www.jumia.ma/kitea-lit-ricko-120x200cm-sans-sommier-blanc-chene-67394832.html,https://ma.jumia.is/unsafe/fit-in/300x300/filters:fill(white)/product/23/849376/1.jpg?4375,jumia,Chambre Adulte,2026-06-11 18:50:50,False,Milieu (1500-4000),jumia_4549
Kitea Commode Azuka 3 tiroirs – 80 x 88 x 44 cm – Wengé,1295.0,,0.0,https://www.jumia.ma/kitea-commode-azuka-3-tiroirs-80-x-88-x-44-cm-wenge-68001864.html,https://ma.jumia.is/unsafe/fit-in/300x300/filters:fill(white)/product/46/810086/1.jpg?1799,jumia,Chambre Adulte,2026-06-11 18:52:21,False,Économique (500-1500),jumia_4572
Kitea Table De Chevet CLARA - Noyer,1190.0,1990.0,40.0,https://www.jumia.ma/kitea-table-de-chevet-clara-noyer-63344197.html,https://ma.jumia.is/unsafe/fit-in/300x300/filters:fill(white)/product/79/144336/1.jpg?9800,jumia,Chambre Adulte,2026-06-11 18:50:40,True,Économique (500-1500),jumia_4579
Kitea Commode NIA Avec 3 Tiroirs - Blanc / Noir / Marbre,1995.0,3490.0,43.0,https://www.jumia.ma/kitea-commode-nia-avec-3-tiroirs-blanc-noir-marbre-65758455.html,https://ma.jumia.is/unsafe/fit-in/300x300/filters:fill(white)/product/55/485756/1.jpg?8998,jumia,Chambre Adulte,2026-06-11 18:51:52,True,Milieu (1500-4000),jumia_4589
"Table de chevet nordique avec 2 étagères, petite étagère, armoire de rangement de chevet",490.0,600.0,18.0,https://www.jumia.ma/generic-table-de-chevet-nordique-avec-2-etageres-petite-etagere-armoire-de-rangement-de-chevet-65652589.html,https://ma.jumia.is/unsafe/fit-in/300x300/filters:fill(white)/product/98/525656/1.jpg?5344,jumia,Chambre Adulte,2026-06-11 18:51:39,True,Entrée (<500),jumia_4600
ARMOIRE PENDERIE MOBILE DÉMONTABLE + HOUSSE - MARRON,185.0,499.0,63.0,https://www.jumia.ma/armoire-penderie-mobile-demontable-housse-marron-generic-mpg1330681.html,https://ma.jumia.is/unsafe/fit-in/300x300/filters:fill(white)/product/24/348783/1.jpg?7885,jumia,Chambre Adulte,2026-06-11 18:50:50,True,Entrée (<500),jumia_4632
Dolidol Matelas Tonus Gms 200x160,2501.0,,0.0,https://www.jumia.ma/dolidol-matelas-tonus-gms-200x160-65760589.html,https://ma.jumia.is/unsafe/fit-in/300x300/filters:fill(white)/product/98/506756/1.jpg?2583,jumia,Chambre Adulte,2026-06-11 18:50:59,False,Milieu (1500-4000),jumia_4666
Kitea Table De Chevet SPOSAMI - Blanc / Chêne,1195.0,1550.0,23.0,https://www.jumia.ma/kitea-table-de-chevet-sposami-blanc-chene-67021651.html,https://ma.jumia.is/unsafe/fit-in/300x300/filters:fill(white)/product/15/612076/1.jpg?7537,jumia,Chambre Adulte,2026-06-11 18:52:00,True,Économique (500-1500),jumia_4680
Kitea Commode  SELENA  + 4 tiroirs - Blanc / Chêne,1490.0,,0.0,https://www.jumia.ma/kitea-commode-selena-4-tiroirs-blanc-chene-62104049.html,https://ma.jumia.is/unsafe/fit-in/300x300/filters:fill(white)/product/94/040126/1.jpg?1748,jumia,Chambre Adulte,2026-06-11 18:50:40,False,Économique (500-1500),jumia_4684
SALIDOR Matelas Dorsoligne (160x200 cm) - En mousse haute qualité,3426.0,4568.0,25.0,https://www.jumia.ma/salidor-matelas-dorsoligne-160x200-cm-en-mousse-haute-qualite-67644476.html,https://ma.jumia.is/unsafe/fit-in/300x300/filters:fill(white)/product/67/444676/1.jpg?4983,jumia,Chambre Adulte,2026-06-11 18:51:22,True,Milieu (1500-4000),jumia_4687
Kitea Table De Chevet BALI - Marron,2550.0,3390.0,25.0,https://www.jumia.ma/kitea-table-de-chevet-bali-marron-65786945.html,https://ma.jumia.is/unsafe/fit-in/300x300/filters:fill(white)/product/54/968756/1.jpg?3434,jumia,Chambre Adulte,2026-06-11 18:52:07,True,Milieu (1500-4000),jumia_4692
"Ginatex miroir de maquillage sur coiffeuse, avec 2 tiroirs",1299.0,1699.0,24.0,https://www.jumia.ma/generic-ginatex-miroir-de-maquillage-sur-coiffeuse-avec-2-tiroirs-64626905.html,https://ma.jumia.is/unsafe/fit-in/300x300/filters:fill(white)/product/50/962646/1.jpg?9615,jumia,Chambre Adulte,2026-06-11 18:51:22,True,Économique (500-1500),jumia_4727
"Mini table basse en forme de C pour salon, table d'appoint, table de chevet, table d'angle encastrable, économie d'espace domestique portable",255.0,,0.0,https://www.jumia.ma/generic-mini-table-basse-en-forme-de-c-pour-salon-table-dappoint-table-de-chevet-table-dangle-encastrable-economie-despace-domestique-portable-66124396.html,https://ma.jumia.is/unsafe/fit-in/300x300/filters:fill(white)/product/69/342166/1.jpg?8986,jumia,Chambre Adulte,2026-06-11 18:50:50,False,Entrée (<500),jumia_4732
"table de nuit en bois , armoire de chevet blanc 46*35*40 cm",593.1,900.0,34.0,https://www.jumia.ma/generic-table-de-nuit-en-bois-armoire-de-chevet-blanc-463540-cm-67271360.html,https://ma.jumia.is/unsafe/fit-in/300x300/filters:fill(white)/product/06/317276/1.jpg?0429,jumia,Chambre Adulte,2026-06-11 18:50:50,True,Économique (500-1500),jumia_4750
2pcs Table d'appoint moderne table de chevet 40*24*28 cm,549.0,800.0,31.0,https://www.jumia.ma/generic-2pcs-table-dappoint-moderne-table-de-chevet-402428-cm-67463103.html,https://ma.jumia.is/unsafe/fit-in/300x300/filters:fill(white)/product/30/136476/1.jpg?5394,jumia,Chambre Adulte,2026-06-11 18:50:40,True,Économique (500-1500),jumia_4780
Matelas Dolidol Lhamza - Blanc,995.0,,0.0,https://www.kitea.com/matelas-dolidol-lhamza-blanc.html,https://www.kitea.com/media/catalog/product/cache/c06d1bb5eedf825ac39d687cd7d5d37e/l/h/lhamza2_1.jpg,kitea,Chambre Adulte,2026-06-11 17:44:18,False,Économique (500-1500),kitea_4811
Miroir Décoratif 120X80X4Cm - Gris,2699.0,,0.0,https://www.kitea.com/miroir-decoratif-120x80x4cm-gris.html,https://www.kitea.com/media/catalog/product/cache/c06d1bb5eedf825ac39d687cd7d5d37e/1/0/10086010285_3_.jpg,kitea,Chambre Adulte,2026-06-11 17:43:34,False,Milieu (1500-4000),kitea_4818
Pack Lit Maya 160X200Cm + 2 Chevets + Sommier + Matelas Offert  - Blanc / Chêne,4990.0,6990.0,28.6,https://www.kitea.com/pack-lit-maya-160x200-2tab-chev-sommier-matelas-blanc-chene.html,https://www.kitea.com/media/catalog/product/cache/c06d1bb5eedf825ac39d687cd7d5d37e/1/0/10107933784-matinclus.jpg,kitea,Chambre Adulte,2026-06-11 17:43:13,True,Premium (4000-10k),kitea_4822
Banc Pied De Lit Lionte - Gris,1490.0,1990.0,25.1,https://www.kitea.com/banc-pied-de-lit-lionte-gris.html,https://www.kitea.com/media/catalog/product/cache/c06d1bb5eedf825ac39d687cd7d5d37e/1/0/10095342313-2.png,kitea,Chambre Adulte,2026-06-11 17:43:24,True,Économique (500-1500),kitea_4824
Lit Venus 160x200cm Sans Sommier - Blanc/Chêne,2590.0,,0.0,https://www.kitea.com/lit-venus-160-200-sans-sommier-blanc-chene.html,https://www.kitea.com/media/catalog/product/cache/c06d1bb5eedf825ac39d687cd7d5d37e/1/0/10108171784.png,kitea,Chambre Adulte,2026-06-11 18:55:13,False,Milieu (1500-4000),kitea_4842
Étagère Aden Avec 2 Niches -  Blanc / Marron,650.0,990.0,34.3,https://www.kitea.com/etagere-aden-avec-2-niches-blanc-marron.html,https://www.kitea.com/media/catalog/product/cache/c06d1bb5eedf825ac39d687cd7d5d37e/h/o/horizontal_module_01.png,kitea,Chambre Adulte,2026-06-11 17:43:24,True,Économique (500-1500),kitea_4847
Miroir Holten - Chêne / Blanc,990.0,,0.0,https://www.kitea.com/miroir-holten-chene-blanc.html,https://www.kitea.com/media/catalog/product/cache/c06d1bb5eedf825ac39d687cd7d5d37e/1/0/10091125922-2.png,kitea,Chambre Adulte,2026-06-11 18:54:58,False,Économique (500-1500),kitea_4879
Lit  Infinito Sans Sommier - Marron / Gris,3995.0,,0.0,https://www.kitea.com/lit-infinito-sans-sommier-marron-gris.html,https://www.kitea.com/media/catalog/product/cache/c06d1bb5eedf825ac39d687cd7d5d37e/1/0/10087385661_3__2_1.png,kitea,Chambre Adulte,2026-06-11 17:43:34,False,Milieu (1500-4000),kitea_4884
Sommier À Lattes Sans Pieds - Noir,680.0,,0.0,https://www.kitea.com/sommier-a-lattes-sans-pieds-noir.html,https://www.kitea.com/media/catalog/product/cache/c06d1bb5eedf825ac39d687cd7d5d37e/_/1/_1_0_10041438234-11.jpg,kitea,Chambre Adulte,2026-06-11 17:44:18,False,Économique (500-1500),kitea_4915
Armoire Carpinus - Chêne Foncé,10450.0,13990.0,25.3,https://www.kitea.com/armoire-carpinus-chene-fonce.html,https://www.kitea.com/media/catalog/product/cache/c06d1bb5eedf825ac39d687cd7d5d37e/1/0/10062146622-88.png,kitea,Chambre Adulte,2026-06-11 17:45:41,True,Luxe (>10k),kitea_4923
Matelas Kinedorsal Luxomnia - Beige / Blanc,4150.0,,0.0,https://www.kitea.com/matelas-kinedorsal-luxomnia-beige-blanc.html,https://www.kitea.com/media/catalog/product/cache/c06d1bb5eedf825ac39d687cd7d5d37e/m/a/matelas_kinedorsal_luxomnia_2_6.jpg,kitea,Chambre Adulte,2026-06-11 17:43:24,False,Premium (4000-10k),kitea_4935
Double Commode Bali - Marron,6550.0,8590.0,23.7,https://www.kitea.com/double-commode-bali-marron.html,https://www.kitea.com/media/catalog/product/cache/c06d1bb5eedf825ac39d687cd7d5d37e/1/0/10095328305-2.jpg,kitea,Chambre Adulte,2026-06-11 17:43:13,True,Premium (4000-10k),kitea_4950
Table De Chevet Aden - Marron / Blanc,1350.0,1790.0,24.6,https://www.kitea.com/table-de-chevet-aden-marron-blanc.html,https://www.kitea.com/media/catalog/product/cache/c06d1bb5eedf825ac39d687cd7d5d37e/1/0/10096066305-b1.png,kitea,Chambre Adulte,2026-06-11 17:45:22,True,Économique (500-1500),kitea_4960
Table De Chevet Droite Lyon 1 Tiroir Et 1 Niche - Blanc,990.0,,0.0,https://www.kitea.com/table-de-chevet-droite-lyon-1-tiroir-1-niche-blanc.html,https://www.kitea.com/media/catalog/product/cache/c06d1bb5eedf825ac39d687cd7d5d37e/y/h/yh2410cb011-90x120_1184-h-54063_39.jpg,kitea,Chambre Adulte,2026-06-11 17:43:13,False,Économique (500-1500),kitea_4980
Matelas Sealy Essence - Gris,6190.0,,0.0,https://www.kitea.com/matelas-sealy-essence-gris.html,https://www.kitea.com/media/catalog/product/cache/c06d1bb5eedf825ac39d687cd7d5d37e/e/s/essence-ft.jpg,kitea,Chambre Adulte,2026-06-11 17:43:45,False,Premium (4000-10k),kitea_4982
Coiffeuse Dalate 2 Tiroirs+Miroir+Tabouret - Chêne/Noir,1995.0,,0.0,https://www.kitea.com/coiffeuse-dalate-2-tiroirs-miroir-tabouret-chene-noir.html,https://www.kitea.com/media/catalog/product/cache/c06d1bb5eedf825ac39d687cd7d5d37e/d/e/design_sans_titre_-_2026-04-07t141230.500_1.jpg,kitea,Chambre Adulte,2026-06-11 17:45:00,False,Milieu (1500-4000),kitea_4997
Table De Chevet Malaga  Avec Tiroir - Marron,1390.0,2490.0,44.2,https://www.kitea.com/table-de-chevet-malaga-avec-tiroir-marron.html,https://www.kitea.com/media/catalog/product/cache/c06d1bb5eedf825ac39d687cd7d5d37e/1/0/10094579305-10.png,kitea,Chambre Adulte,2026-06-11 17:43:24,True,Économique (500-1500),kitea_5010
Matelas Kinedorsal Medica Sleep - Beige / Blanc,2050.0,,0.0,https://www.kitea.com/matelas-kinedorsal-medica-sleep-beige-et-blanc.html,https://www.kitea.com/media/catalog/product/cache/c06d1bb5eedf825ac39d687cd7d5d37e/m/e/medica_sleep-ft32_1_.jpg,kitea,Chambre Adulte,2026-06-11 17:43:45,False,Milieu (1500-4000),kitea_5014
Coiffeuse Hollywood Avec Miroir + 2 Tiroirs Et  Led - Blanc,2990.0,,0.0,https://www.kitea.com/coiffeuse-hollywood-avec-miroir-2-tiroirs-et-led-blanc.html,https://www.kitea.com/media/catalog/product/cache/c06d1bb5eedf825ac39d687cd7d5d37e/1/0/10067183315_5_.jpg,kitea,Chambre Adulte,2026-06-11 17:45:22,False,Milieu (1500-4000),kitea_5018
Lit Jawa 160X200Cm Sans Sommier + 1 Tiroir + 2 Niches Chêne / Marron Foncé,4390.0,,0.0,https://www.kitea.com/lit-jawa-160x200cm-sans-sommier-1-tiroir-2-niches-chene-marron-fonce.html,https://www.kitea.com/media/catalog/product/cache/c06d1bb5eedf825ac39d687cd7d5d37e/1/0/10043320709-b221_1_1_.png,kitea,Chambre Adulte,2026-06-11 17:44:40,False,Premium (4000-10k),kitea_5026
Set De 2 Tables De Chevet Suspendues Lenybelardo - Chêne / Blanc,1890.0,2990.0,36.8,https://www.kitea.com/set-de-2-tables-de-chevet-suspendues-lenybelardo-chene-blanc.html,https://www.kitea.com/media/catalog/product/cache/c06d1bb5eedf825ac39d687cd7d5d37e/1/0/10091067316-6.png,kitea,Chambre Adulte,2026-06-11 18:54:58,True,Milieu (1500-4000),kitea_5028
Table De Chevet Lumya 1 Tiroir - Wengé,1090.0,,0.0,https://www.kitea.com/table-de-chevet-lumya-1-tiroir-wenge.html,https://www.kitea.com/media/catalog/product/cache/c06d1bb5eedf825ac39d687cd7d5d37e/1/0/10108193305-99.png,kitea,Chambre Adulte,2026-06-11 17:45:00,False,Économique (500-1500),kitea_5034
Commode Linate 2 Tiroirs Et 3 Portes - Blanc / Chêne Beige,2990.0,3690.0,19.0,https://www.kitea.com/commode-linate-2-tiroirs-et-3-portes-blanc-chene-beige.html,https://www.kitea.com/media/catalog/product/cache/c06d1bb5eedf825ac39d687cd7d5d37e/_/1/_1_0_10037658597-1.jpg,kitea,Chambre Adulte,2026-06-11 17:45:56,True,Milieu (1500-4000),kitea_5041
Armoire Hazel 2 Portes + 2 Tiroirs + Miroir - Chêne / Blanc,2295.0,,0.0,https://www.kitea.com/armoire-hazel-2-portes-2tiroirs-miroir-chene-blanc.html,https://www.kitea.com/media/catalog/product/cache/c06d1bb5eedf825ac39d687cd7d5d37e/6/5/6561a2pm-i.png,kitea,Chambre Adulte,2026-06-11 18:54:58,False,Milieu (1500-4000),kitea_5050
Pack Lit Martina 2 - 140X190Cm Avec Sommier Et 2 Chevets - Chêne / Noir,3990.0,,0.0,https://www.kitea.com/pack-lit-martina-ii-140x190cm-avec-sommier-et-2-chevets-chene-noir.html,https://www.kitea.com/media/catalog/product/cache/c06d1bb5eedf825ac39d687cd7d5d37e/1/0/1006599967410066000674_1_1_1.jpg,kitea,Chambre Adulte,2026-06-11 18:54:41,False,Milieu (1500-4000),kitea_5056
Table De Chevet Flexi - Blanc / Gris Clair,890.0,,0.0,https://www.kitea.com/table-de-chevet-flexi-blanc-gris-clair.html,https://www.kitea.com/media/catalog/product/cache/c06d1bb5eedf825ac39d687cd7d5d37e/1/0/10063321970.jpg,kitea,Chambre Adulte,2026-06-11 17:43:58,False,Économique (500-1500),kitea_5076
Table De Chevet Watson White - Blanc,195.0,790.0,75.3,https://www.kitea.com/table-de-chevet-watson-1tiroir-blanc.html,https://www.kitea.com/media/catalog/product/cache/c06d1bb5eedf825ac39d687cd7d5d37e/y/h/yh2410cb011-90x120_1184-h-54063_63.jpg,kitea,Chambre Adulte,2026-06-11 17:45:00,True,Entrée (<500),kitea_5084
Armoire Lumya 2 Portes Coulissantes + 1 Miroir - Wengé,7790.0,,0.0,https://www.kitea.com/armoire-lumya-2-portes-coulissantes-1-miroir-wenge.html,https://www.kitea.com/media/catalog/product/cache/c06d1bb5eedf825ac39d687cd7d5d37e/1/0/10108195305.png,kitea,Chambre Adulte,2026-06-11 17:45:00,False,Premium (4000-10k),kitea_5093
Commode Lumya 3 Tiroirs + Miroir - Wengé,2790.0,,0.0,https://www.kitea.com/commode-lumya-3-tiroirs-miroir-wenge.html,https://www.kitea.com/media/catalog/product/cache/c06d1bb5eedf825ac39d687cd7d5d37e/1/0/10108194305-bc.png,kitea,Chambre Adulte,2026-06-11 17:45:00,False,Milieu (1500-4000),kitea_5103
Commode Linate 4 Tiroirs - Blanc / Chêne Beige,2790.0,,0.0,https://www.kitea.com/commode-linate-4-tiroirs-blanc-chene-beige.html,https://www.kitea.com/media/catalog/product/cache/c06d1bb5eedf825ac39d687cd7d5d37e/_/w/_w_e_website_paysage_template_3_7.jpg,kitea,Chambre Adulte,2026-06-11 17:45:00,False,Milieu (1500-4000),kitea_5106
Matelas Kinedorsal Futura - Blanc,3290.0,,0.0,https://www.kitea.com/matelas-kinedorsal-futura-blanc.html,https://www.kitea.com/media/catalog/product/cache/c06d1bb5eedf825ac39d687cd7d5d37e/f/u/futura-ft.jpg,kitea,Chambre Adulte,2026-06-11 17:43:45,False,Milieu (1500-4000),kitea_5126
Set 2 Sommiers À Lattes Matrimoules Sans Pieds - Noir,1150.0,,0.0,https://www.kitea.com/set-2-sommiers-a-lattes-matrimoules-sans-pieds-noir.html,https://www.kitea.com/media/catalog/product/cache/c06d1bb5eedf825ac39d687cd7d5d37e/_/1/_1_0_10041442234-2_3.jpg,kitea,Chambre Adulte,2026-06-11 17:43:45,False,Économique (500-1500),kitea_5136
Commode Sposami Avec 4 Tiroirs - Blanc / Chêne,2595.0,3250.0,20.2,https://www.kitea.com/commode-sposami-avec-4-tiroirs-blanc-chene.html,https://www.kitea.com/media/catalog/product/cache/c06d1bb5eedf825ac39d687cd7d5d37e/1/0/10104815922.jpg,kitea,Chambre Adulte,2026-06-11 18:55:13,True,Milieu (1500-4000),kitea_5160
Pack Bellevue : Lit + Deux Tables De Chevets + Eclairage  - Chêne / Marron Foncé,5395.0,,0.0,https://www.kitea.com/pack-bellevue-lit-deux-tables-de-chevets-eclairage-chene-marron-fonce.html,https://www.kitea.com/media/catalog/product/cache/c06d1bb5eedf825ac39d687cd7d5d37e/1/0/10011316285-p-5.jpg,kitea,Chambre Adulte,2026-06-11 17:44:18,False,Premium (4000-10k),kitea_5164
Set Lit Monissa 160x200 cm Avec Sommier + 2 Chevets - Chêne Artisan / Noir,3495.0,5995.0,41.7,https://www.kitea.com/set-lit-monissa-140x200-cm-avec-sommier-2-chevets-chene-artisan-noir-1.html,https://www.kitea.com/media/catalog/product/cache/c06d1bb5eedf825ac39d687cd7d5d37e/1/0/10116806909_3_.png,kitea,Chambre Adulte,2026-06-11 18:54:41,True,Milieu (1500-4000),kitea_5166
Commode Flexi - Blanc / Gris Clair,2990.0,,0.0,https://www.kitea.com/commode-flexi-blanc-gris-clair.html,https://www.kitea.com/media/catalog/product/cache/c06d1bb5eedf825ac39d687cd7d5d37e/1/0/10063324970.jpg,kitea,Chambre Adulte,2026-06-11 17:43:58,False,Milieu (1500-4000),kitea_5177
Grande Etagère Holten - Chêne / Blanc,295.0,550.0,46.4,https://www.kitea.com/grande-etagere-holten-chene-blanc.html,https://www.kitea.com/media/catalog/product/cache/c06d1bb5eedf825ac39d687cd7d5d37e/1/0/10091127922-1.png,kitea,Chambre Adulte,2026-06-11 17:45:22,True,Entrée (<500),kitea_5184
Sommier À Lattes Matrimoules 2 Places Avec Pieds 140X190X30Cm - Noir,1090.0,,0.0,https://www.kitea.com/sommier-a-lattes-matrimoules-2-places-avec-pieds-140x190x30cm-noir.html,https://www.kitea.com/media/catalog/product/cache/c06d1bb5eedf825ac39d687cd7d5d37e/_/1/_1_0_10041444234-11_1_1.jpg,kitea,Chambre Adulte,2026-06-11 17:43:34,False,Économique (500-1500),kitea_5188
Lit Palante 140X190/200 Sans Sommier + 2 Tables De Chevet - Blanc / Chêne,2195.0,4750.0,53.8,https://www.kitea.com/lit-palante-140x190-200-sans-sommier-2-tables-de-chevet-blanc-chene.html,https://www.kitea.com/media/catalog/product/cache/c06d1bb5eedf825ac39d687cd7d5d37e/1/0/10104678922-bupdate1.png,kitea,Chambre Adulte,2026-06-11 18:54:58,True,Milieu (1500-4000),kitea_5222
Commode Mayfair 3 Tiroirs - Chêne/Blanc,1395.0,,0.0,https://www.kitea.com/commode-mayfair-3-tiroirs-chene-blanc.html,https://www.kitea.com/media/catalog/product/cache/c06d1bb5eedf825ac39d687cd7d5d37e/m/a/mayfair-com4.jpg,kitea,Chambre Adulte,2026-06-11 18:54:41,False,Économique (500-1500),kitea_5231
Coffre Pied De Lit Malavia 94X46X39Cm - Rose,2590.0,,0.0,https://www.kitea.com/coffre-pied-de-lit-malavia-94x46x39cm-rose.html,https://www.kitea.com/media/catalog/product/cache/c06d1bb5eedf825ac39d687cd7d5d37e/1/0/10056649269-2.jpg,kitea,Chambre Adulte,2026-06-11 17:45:22,False,Milieu (1500-4000),kitea_5262
Lit Lumya 160x200cm Avec Sommier - Wengé,2990.0,,0.0,https://www.kitea.com/lit-lumya-160-200-avec-sommier-wenge.html,https://www.kitea.com/media/catalog/product/cache/c06d1bb5eedf825ac39d687cd7d5d37e/1/0/10108192305.png,kitea,Chambre Adulte,2026-06-11 17:45:00,False,Milieu (1500-4000),kitea_5268
Armoire Malaga 5 Portes - Marron,7590.0,12990.0,41.6,https://www.kitea.com/armoire-malaga-5-portes-marron.html,https://www.kitea.com/media/catalog/product/cache/c06d1bb5eedf825ac39d687cd7d5d37e/1/0/10094583305-1.png,kitea,Chambre Adulte,2026-06-11 17:43:24,True,Premium (4000-10k),kitea_5288
Commode Panama Avec 4 Tiroirs - Gris / Blanc,4250.0,5590.0,24.0,https://www.kitea.com/commode-panama-avec-4-tiroirs-gris-blanc.html,https://www.kitea.com/media/catalog/product/cache/c06d1bb5eedf825ac39d687cd7d5d37e/1/0/10096074313-4.png,kitea,Chambre Adulte,2026-06-11 17:43:24,True,Premium (4000-10k),kitea_5290
Miroir Merkur - Blanc,895.0,1350.0,33.7,https://www.kitea.com/miroir-merkur-blanc.html,https://www.kitea.com/media/catalog/product/cache/c06d1bb5eedf825ac39d687cd7d5d37e/1/0/10106348315-800.jpg,kitea,Chambre Adulte,2026-06-11 17:43:13,True,Économique (500-1500),kitea_5301
Table De Chevet Sposami - Blanc / Chêne,1195.0,1550.0,22.9,https://www.kitea.com/table-de-chevet-sposami-2-tiroirs-blanc-chene.html,https://www.kitea.com/media/catalog/product/cache/c06d1bb5eedf825ac39d687cd7d5d37e/1/0/10104813922-7.jpg,kitea,Chambre Adulte,2026-06-11 18:55:13,True,Économique (500-1500),kitea_5307
Matelas Beautyrest Signature Medium - Bleu,6950.0,,0.0,https://www.kitea.com/matelas-beautyrest-signature-medium-bleu.html,https://www.kitea.com/media/catalog/product/cache/c06d1bb5eedf825ac39d687cd7d5d37e/m/e/medium-ft.jpg,kitea,Chambre Adulte,2026-06-11 18:55:13,False,Premium (4000-10k),kitea_5328
Table De Chevet Carpinus - Chêne Foncé,990.0,1590.0,37.7,https://www.kitea.com/table-de-chevet-carpinus-chene-fonce.html,https://www.kitea.com/media/catalog/product/cache/c06d1bb5eedf825ac39d687cd7d5d37e/1/0/10062143622-thgkf.png,kitea,Chambre Adulte,2026-06-11 17:45:41,True,Économique (500-1500),kitea_5383
Miroir Linate 164X69Cm - Blanc,990.0,1290.0,23.3,https://www.kitea.com/miroir-linate-164x69cm-blanc.html,https://www.kitea.com/media/catalog/product/cache/c06d1bb5eedf825ac39d687cd7d5d37e/_/1/_1_0_10037659597_1_1.jpg,kitea,Chambre Adulte,2026-06-11 17:45:41,True,Économique (500-1500),kitea_5386
Armoire Hazel 4 Portes + 2Tiroirs + Miroir - Chêne / Blanc,3995.0,,0.0,https://www.kitea.com/armoire-hazel-4-portes-2tiroirs-miroir-chene-blanc.html,https://www.kitea.com/media/catalog/product/cache/c06d1bb5eedf825ac39d687cd7d5d37e/1/0/10115803316-y.png,kitea,Chambre Adulte,2026-06-11 18:54:58,False,Milieu (1500-4000),kitea_5394
Commode Malaga Avec Miroir - Marron,3590.0,6350.0,43.5,https://www.kitea.com/commode-malaga-avec-miroir-marron.html,https://www.kitea.com/media/catalog/product/cache/c06d1bb5eedf825ac39d687cd7d5d37e/1/0/10094582305-s2.jpg,kitea,Chambre Adulte,2026-06-11 17:43:24,True,Milieu (1500-4000),kitea_5395
Lit Lara Avec Sommier 90X200Cm - Chêne,2390.0,,0.0,https://www.kitea.com/lit-lara-avec-sommier-90x200cm-chene.html,https://www.kitea.com/media/catalog/product/cache/c06d1bb5eedf825ac39d687cd7d5d37e/1/0/10057715541.jpg,kitea,Chambre Adulte,2026-06-11 17:44:18,False,Milieu (1500-4000),kitea_5403
Coffre Pied De Lit Bellevue 185*54 - Marron,1895.0,2390.0,20.7,https://www.kitea.com/coffre-pied-de-lit-bellevue-185-54-marron.html,https://www.kitea.com/media/catalog/product/cache/c06d1bb5eedf825ac39d687cd7d5d37e/_/1/_1_0_10011319285_2_1.jpg,kitea,Chambre Adulte,2026-06-11 17:44:18,True,Milieu (1500-4000),kitea_5425
Commode Lyon Avec 3 Tiroirs -  Blanc,4390.0,,0.0,https://www.kitea.com/commode-lyon-3-tiroirs-blanc.html,https://www.kitea.com/media/catalog/product/cache/c06d1bb5eedf825ac39d687cd7d5d37e/y/h/yh2410cb011-90x120_1184-h-54063_64.jpg,kitea,Chambre Adulte,2026-06-11 17:43:13,False,Premium (4000-10k),kitea_5427
Matelas  Oxford Memory - Blanc/Beige,2250.0,,0.0,https://www.kitea.com/matelas-oxford-memory-blanc-beige.html,https://www.kitea.com/media/catalog/product/cache/c06d1bb5eedf825ac39d687cd7d5d37e/o/w/owford_memory2.jpg,kitea,Chambre Adulte,2026-06-11 17:43:34,False,Milieu (1500-4000),kitea_5433
Matelas Simmons Riviera Plus 160X200 - Blanc,3550.0,,0.0,https://www.kitea.com/matelas-simmons-riviera-plus-160x200-blanc.html,https://www.kitea.com/media/catalog/product/cache/c06d1bb5eedf825ac39d687cd7d5d37e/r/i/rivieraplus-ft_5.jpg,kitea,Chambre Adulte,2026-06-11 17:43:24,False,Milieu (1500-4000),kitea_5438
Lit Coffre Lenybelardo 160X200Cm -  Chêne,3990.0,4990.0,20.0,https://www.kitea.com/lit-coffre-lenybelardo-160x200cm-chene.html,https://www.kitea.com/media/catalog/product/cache/c06d1bb5eedf825ac39d687cd7d5d37e/1/0/10091066316-base1.png,kitea,Chambre Adulte,2026-06-11 18:54:58,True,Milieu (1500-4000),kitea_5444
Matelas Beautyrest Signature Plush Pillow - Bleu,9350.0,,0.0,https://www.kitea.com/matelas-beautyrest-signature-plush-pillow-bleu.html,https://www.kitea.com/media/catalog/product/cache/c06d1bb5eedf825ac39d687cd7d5d37e/s/i/signature_plush_pillow_1.png,kitea,Chambre Adulte,2026-06-11 18:55:13,False,Premium (4000-10k),kitea_5454
Armoire Martina 2 - Avec 3 Portes Et 1 Miroir - Chêne / Noir,4990.0,,0.0,https://www.kitea.com/armoire-martina-2-avec-3-portes-et-1-miroir-chene-noir.html,https://www.kitea.com/media/catalog/product/cache/c06d1bb5eedf825ac39d687cd7d5d37e/1/0/10066000674_2_.jpg,kitea,Chambre Adulte,2026-06-11 18:54:41,False,Premium (4000-10k),kitea_5465
Commode Modern Way Chêne Marron Et Blanc,1690.0,1950.0,13.3,https://www.kitea.com/commode-modern-way-chene-marron-et-blanc.html,https://www.kitea.com/media/catalog/product/cache/c06d1bb5eedf825ac39d687cd7d5d37e/1/0/10060235233_2_.jpg,kitea,Chambre Adulte,2026-06-11 17:44:40,True,Milieu (1500-4000),kitea_5466
Matelas Beautyrest Signature Plush - Bleu,7890.0,,0.0,https://www.kitea.com/matelas-beautyrest-signature-plush-bleu.html,https://www.kitea.com/media/catalog/product/cache/c06d1bb5eedf825ac39d687cd7d5d37e/p/l/plush-y.png,kitea,Chambre Adulte,2026-06-11 18:55:13,False,Premium (4000-10k),kitea_5470
Commode Martina 2 - Chêne / Noir,2390.0,,0.0,https://www.kitea.com/commode-martina-2-chene-noir.html,https://www.kitea.com/media/catalog/product/cache/c06d1bb5eedf825ac39d687cd7d5d37e/1/0/10065999674_2_.jpg,kitea,Chambre Adulte,2026-06-11 18:54:41,False,Milieu (1500-4000),kitea_5505
Lit Sposami Avec Planche Sommier - Blanc / Chêne,3995.0,,0.0,https://www.kitea.com/lit-sposami-avec-planche-sommier-blanc-chene.html,https://www.kitea.com/media/catalog/product/cache/c06d1bb5eedf825ac39d687cd7d5d37e/1/0/10104811922_1_1.jpg,kitea,Chambre Adulte,2026-06-11 18:55:13,False,Milieu (1500-4000),kitea_5533
Bar À Beauté Volage Avec 5 Tiroirs Pivotants Et Led - Blanc,3490.0,,0.0,https://www.kitea.com/bar-a-beaute-volage-avec-5-tiroirs-pivotants-et-led-blanc.html,https://www.kitea.com/media/catalog/product/cache/c06d1bb5eedf825ac39d687cd7d5d37e/1/0/10067166315_6_.jpg,kitea,Chambre Adulte,2026-06-11 17:43:45,False,Milieu (1500-4000),kitea_5534
Coiffeuse Bellevue + Miroir + Tabouret - Chêne /  Marron / Noir,2395.0,2790.0,14.2,https://www.kitea.com/coiffeuse-bellevue-miroir-tabouret-chene-marron-noir.html,https://www.kitea.com/media/catalog/product/cache/c06d1bb5eedf825ac39d687cd7d5d37e/_/c/_c_o_coiffeuse_bellevue.jpg,kitea,Chambre Adulte,2026-06-11 17:44:18,True,Milieu (1500-4000),kitea_5546
Set De 2 Tables De Chevet Lenybelardo - Chêne / Blanc,1290.0,1590.0,18.9,https://www.kitea.com/set-de-2-tables-de-chevet-lenybelardo-chene-blanc.html,https://www.kitea.com/media/catalog/product/cache/c06d1bb5eedf825ac39d687cd7d5d37e/1/0/10091068541-8.png,kitea,Chambre Adulte,2026-06-11 18:54:58,True,Économique (500-1500),kitea_5553
Armoire Hazel 3 Portes + 2 Tiroirs + Miroir - Chêne / Blanc,2895.0,,0.0,https://www.kitea.com/armoire-hazel-3-portes-2tiroirs-miroir-chene-blanc.html,https://www.kitea.com/media/catalog/product/cache/c06d1bb5eedf825ac39d687cd7d5d37e/1/0/10115802316-t.png,kitea,Chambre Adulte,2026-06-11 18:54:58,False,Milieu (1500-4000),kitea_5563
Sommier Tapissé Boston - Gris Clair,2490.0,,0.0,https://www.kitea.com/sommier-tapisse-boston-gris-clair.html,https://www.kitea.com/media/catalog/product/cache/c06d1bb5eedf825ac39d687cd7d5d37e/_/s/_s_o_sommier_tapisse_boston_tissu_gris_clair__3.jpg,kitea,Chambre Adulte,2026-06-11 17:44:18,False,Milieu (1500-4000),kitea_5572
Lit Adulte Stelar Avec Sommier - Oak,4990.0,,0.0,https://www.kitea.com/lit-adulte-stelar-avec-sommier-oak.html,https://www.kitea.com/media/catalog/product/cache/c06d1bb5eedf825ac39d687cd7d5d37e/_/l/_l_i_lit_stelar_-_10000029246.jpg,kitea,Chambre Adulte,2026-06-11 17:44:40,False,Premium (4000-10k),kitea_5590
Miroir Carpinus 72Cm - Chêne Foncé,995.0,1290.0,22.9,https://www.kitea.com/miroir-carpinus-chene-fonce.html,https://www.kitea.com/media/catalog/product/cache/c06d1bb5eedf825ac39d687cd7d5d37e/1/0/10062755541_1__1.jpg,kitea,Chambre Adulte,2026-06-11 17:45:41,True,Économique (500-1500),kitea_5597
Lit Coffre Linate 160X200 Cm - Blanc / Chêne Beige,7990.0,,0.0,https://www.kitea.com/lit-coffre-linate-160x200-cm-blanc-chene-beige.html,https://www.kitea.com/media/catalog/product/cache/c06d1bb5eedf825ac39d687cd7d5d37e/1/0/10037665597-12.png,kitea,Chambre Adulte,2026-06-11 17:45:41,False,Premium (4000-10k),kitea_5599
Lit Alpha Avec Sommier - Taupe,3990.0,,0.0,https://www.kitea.com/lit-alpha-avec-sommier-taupe.html,https://www.kitea.com/media/catalog/product/cache/c06d1bb5eedf825ac39d687cd7d5d37e/1/0/10061935287-p-swatch.jpg,kitea,Chambre Adulte,2026-06-11 17:45:41,False,Milieu (1500-4000),kitea_5629
Armoire Mayfair 2 Portes Coulissantes + Led - Chêne/Blanc,5995.0,,0.0,https://www.kitea.com/armoire-mayfair-2-portes-coulissantes-led-chene-blanc.html,https://www.kitea.com/media/catalog/product/cache/c06d1bb5eedf825ac39d687cd7d5d37e/d/e/design_sans_titre_-_2026-04-07t164814.294.jpg,kitea,Chambre Adulte,2026-06-11 18:54:41,False,Premium (4000-10k),kitea_5636
Commode Brolo 2 Portes Et 1 Tiroir - Blanc / Noyer,1590.0,5190.0,69.4,https://www.kitea.com/commode-brolo-2-portes-et-1-tiroir-blanc-noyer.html,https://www.kitea.com/media/catalog/product/cache/c06d1bb5eedf825ac39d687cd7d5d37e/1/0/10082549243-1_1.jpg,kitea,Chambre Adulte,2026-06-11 17:45:22,True,Milieu (1500-4000),kitea_5640
Lit Clara 180X200 Avec Sommier - Taupe / Noyer,4990.0,7290.0,31.6,https://www.kitea.com/lit-clara-180x200-avec-sommier-taupe-noyer.html,https://www.kitea.com/media/catalog/product/cache/c06d1bb5eedf825ac39d687cd7d5d37e/d/e/design_sans_titre_-_2026-04-10t103824.443_1_1.jpg,kitea,Chambre Adulte,2026-06-11 17:45:41,True,Premium (4000-10k),kitea_5651
Commode Aden 2 Tiroirs Et 1 Porte  - Marron / Blanc / Gris,2950.0,3850.0,23.4,https://www.kitea.com/commode-aden-2-tiroirs-et-1-porte-marron-blanc-gris.html,https://www.kitea.com/media/catalog/product/cache/c06d1bb5eedf825ac39d687cd7d5d37e/1/0/10096067305-base2.png,kitea,Chambre Adulte,2026-06-11 17:45:22,True,Milieu (1500-4000),kitea_5653
Matelas Simmons Riviera - Blanc,2290.0,,0.0,https://www.kitea.com/matelas-simmons-riviera-blanc.html,https://www.kitea.com/media/catalog/product/cache/c06d1bb5eedf825ac39d687cd7d5d37e/r/i/riviera-ft.jpg,kitea,Chambre Adulte,2026-06-11 17:43:34,False,Milieu (1500-4000),kitea_5661
Coiffeuse Star - Rose / Blanc,2990.0,,0.0,https://www.kitea.com/coiffeuse-star-rose-blanc.html,https://www.kitea.com/media/catalog/product/cache/c06d1bb5eedf825ac39d687cd7d5d37e/_/s/_s_t_star_1_1.jpg,kitea,Chambre Adulte,2026-06-11 17:45:41,False,Milieu (1500-4000),kitea_5663
Commode Maya 3 Tiroirs Et Miroir - Blanc / Chêne,1990.0,3590.0,44.6,https://www.kitea.com/commode-maya-3tiroirs-miroir-blanc-chene.html,https://www.kitea.com/media/catalog/product/cache/c06d1bb5eedf825ac39d687cd7d5d37e/y/h/yh2410cb011-90x120_1184-h-54063_-1_1.jpg,kitea,Chambre Adulte,2026-06-11 18:54:41,True,Milieu (1500-4000),kitea_5667
Miroir Bali - Marron,1850.0,2490.0,25.7,https://www.kitea.com/miroir-bali-marron.html,https://www.kitea.com/media/catalog/product/cache/c06d1bb5eedf825ac39d687cd7d5d37e/1/0/10095327305-1.jpg,kitea,Chambre Adulte,2026-06-11 17:43:13,True,Milieu (1500-4000),kitea_5670
Miroir Clara Rond - Noyer,750.0,1290.0,41.9,https://www.kitea.com/miroir-clara-rond-noyer.html,https://www.kitea.com/media/catalog/product/cache/c06d1bb5eedf825ac39d687cd7d5d37e/d/e/design_sans_titre_-_2026-04-09t160537.863_1_.jpg,kitea,Chambre Adulte,2026-06-11 17:43:58,True,Économique (500-1500),kitea_5672
Armoire Venus 2 Portes Coulissantes - Blanc/Chêne,8990.0,,0.0,https://www.kitea.com/armoire-venus-2-portes-coulissantes-blanc-chene.html,https://www.kitea.com/media/catalog/product/cache/c06d1bb5eedf825ac39d687cd7d5d37e/a/r/armoire-venus.png,kitea,Chambre Adulte,2026-06-11 17:45:00,False,Premium (4000-10k),kitea_5678
Lit Bali Avec Planche Sommier - Marron,7950.0,,0.0,https://www.kitea.com/lit-bali-avec-planche-sommier-marron.html,https://www.kitea.com/media/catalog/product/cache/c06d1bb5eedf825ac39d687cd7d5d37e/1/0/10095323305-11_1_1.jpg,kitea,Chambre Adulte,2026-06-11 17:43:13,False,Premium (4000-10k),kitea_5681
Set De 2 Tiroirs Lit Escale - Chêne,350.0,690.0,49.3,https://www.kitea.com/set-de-2-tiroirs-lit-escale-chene.html,https://www.kitea.com/media/catalog/product/cache/c06d1bb5eedf825ac39d687cd7d5d37e/1/0/10086718541-1.jpg,kitea,Chambre Adulte,2026-06-11 17:43:45,True,Entrée (<500),kitea_5683
Miroir Aden - Maron,850.0,1290.0,34.1,https://www.kitea.com/miroir-aden-maron.html,https://www.kitea.com/media/catalog/product/cache/c06d1bb5eedf825ac39d687cd7d5d37e/1/0/10096068305-9.jpg,kitea,Chambre Adulte,2026-06-11 17:43:24,True,Économique (500-1500),kitea_5699
Matelas Kinedorsal Airform 90X190 - Bleu / Blanc,2150.0,,0.0,https://www.kitea.com/matelas-kinedorsal-airform-90x190-bleu-blanc.html,https://www.kitea.com/media/catalog/product/cache/c06d1bb5eedf825ac39d687cd7d5d37e/k/-/k-airform2_1__1.jpg,kitea,Chambre Adulte,2026-06-11 17:43:45,False,Milieu (1500-4000),kitea_5715
Table De Chevet Malaga - Marron,490.0,650.0,24.6,https://www.kitea.com/table-de-chevet-malaga-marron.html,https://www.kitea.com/media/catalog/product/cache/c06d1bb5eedf825ac39d687cd7d5d37e/1/0/10094580305-6.png,kitea,Chambre Adulte,2026-06-11 17:43:24,True,Entrée (<500),kitea_5724
Commode  Bellevue 1 Porte Et 4 Tiroirs Chêne Marron Foncé,3495.0,3790.0,7.8,https://www.kitea.com/commode-bellevue-1-porte-et-4-tiroirs-chene-marron-fonce.html,https://www.kitea.com/media/catalog/product/cache/c06d1bb5eedf825ac39d687cd7d5d37e/_/1/_1_0_10011314285-3.jpg,kitea,Chambre Adulte,2026-06-11 17:44:40,True,Milieu (1500-4000),kitea_5726
Bar À Beauté Sweet Avec 5 Tiroirs Pivotants + Led - Blanc / Chêne,3490.0,,0.0,https://www.kitea.com/bar-a-beaute-sweet-avec-5-tiroirs-pivotants-led-blanc-chene.html,https://www.kitea.com/media/catalog/product/cache/c06d1bb5eedf825ac39d687cd7d5d37e/1/0/10067164922_11_.jpg,kitea,Chambre Adulte,2026-06-11 17:43:45,False,Milieu (1500-4000),kitea_5731
Table De Chevet Pirouette  -  Blanc / Gris / Rose,199.0,,0.0,https://www.kitea.com/table-de-chevet-pirouette-blanc-gris-rose.html,https://www.kitea.com/media/catalog/product/cache/c06d1bb5eedf825ac39d687cd7d5d37e/1/0/10087858725_16__2.png,kitea,Chambre Adulte,2026-06-11 17:43:34,False,Entrée (<500),kitea_5758
Table De Chevet Holten - Chêne / Blanc,1090.0,,0.0,https://www.kitea.com/table-de-chevet-holten-chene-blanc.html,https://www.kitea.com/media/catalog/product/cache/c06d1bb5eedf825ac39d687cd7d5d37e/1/0/10091121922-4.png,kitea,Chambre Adulte,2026-06-11 18:54:58,False,Économique (500-1500),kitea_5760
Lit Coffre Lyon 160X200Cm - Blanc,9790.0,,0.0,https://www.kitea.com/lit-coffre-lyon-160x200cm-blanc.html,https://www.kitea.com/media/catalog/product/cache/c06d1bb5eedf825ac39d687cd7d5d37e/y/h/yh2410cb011-90x120_1184-h-54063_32.jpg,kitea,Chambre Adulte,2026-06-11 17:43:13,False,Premium (4000-10k),kitea_5765
Miroir Lidya - Blanc,950.0,1290.0,26.4,https://www.kitea.com/miroir-lidya-blanc.html,https://www.kitea.com/media/catalog/product/cache/c06d1bb5eedf825ac39d687cd7d5d37e/1/0/10095347315-2.png,kitea,Chambre Adulte,2026-06-11 17:43:24,True,Économique (500-1500),kitea_5771
Armoire Flexi - Blanc / Gris Clair,4490.0,,0.0,https://www.kitea.com/armoire-flexi-blanc-gris-clair.html,https://www.kitea.com/media/catalog/product/cache/c06d1bb5eedf825ac39d687cd7d5d37e/1/0/10063325970.jpg,kitea,Chambre Adulte,2026-06-11 17:43:58,False,Premium (4000-10k),kitea_5776
Table De Chevet Merkur - Blanc / Chêne,1195.0,1990.0,39.9,https://www.kitea.com/table-de-chevet-merkur-blanc-chene.html,https://www.kitea.com/media/catalog/product/cache/c06d1bb5eedf825ac39d687cd7d5d37e/y/h/yh2410cb011-90x120_1184-h-54063_16.jpg,kitea,Chambre Adulte,2026-06-11 17:43:13,True,Économique (500-1500),kitea_5778
Armoire Clara - Noyer,7590.0,11490.0,33.9,https://www.kitea.com/armoire-clara-noyer.html,https://www.kitea.com/media/catalog/product/cache/c06d1bb5eedf825ac39d687cd7d5d37e/d/e/design_sans_titre_-_2026-04-10t145953.939.jpg,kitea,Chambre Adulte,2026-06-11 17:45:41,True,Premium (4000-10k),kitea_5792
Matelas Therapedic Backsense Plus - Blanc/Gris,5590.0,,0.0,https://www.kitea.com/matelas-therapedic-backsense-plus-blanc-gris.html,https://www.kitea.com/media/catalog/product/cache/c06d1bb5eedf825ac39d687cd7d5d37e/b/a/backsens_ft2_1_.jpg,kitea,Chambre Adulte,2026-06-11 17:43:45,False,Premium (4000-10k),kitea_5815
Banc Pied De Lit Lidya - Blanc,2245.0,2990.0,24.9,https://www.kitea.com/banc-pied-de-lit-lidya-blanc.html,https://www.kitea.com/media/catalog/product/cache/c06d1bb5eedf825ac39d687cd7d5d37e/1/0/10095348315-1.png,kitea,Chambre Adulte,2026-06-11 17:43:24,True,Milieu (1500-4000),kitea_5825
Chiffonier Holten - Chêne / Blanc,2995.0,5990.0,50.0,https://www.kitea.com/chiffonier-holten-chene-blanc.html,https://www.kitea.com/media/catalog/product/cache/c06d1bb5eedf825ac39d687cd7d5d37e/1/0/10091124922-2.png,kitea,Chambre Adulte,2026-06-11 18:54:58,True,Milieu (1500-4000),kitea_5834
Pack Lit Aalborg 140X190Cm Avec Sommier + 2 Chevets - Blanc / Chêne,2890.0,4990.0,42.1,https://www.kitea.com/pack-lit-aalborg-140x190cm-avec-sommier-2-chevets-blanc-chene.html,https://www.kitea.com/media/catalog/product/cache/c06d1bb5eedf825ac39d687cd7d5d37e/1/0/10080500922-b80_1_.jpg,kitea,Chambre Adulte,2026-06-11 17:43:45,True,Milieu (1500-4000),kitea_5839
Set Lit Basalto Avec Sommier - Blanc / Marron,2990.0,7390.0,59.5,https://www.kitea.com/set-lit-basalto-avec-sommier-blanc-marron.html,https://www.kitea.com/media/catalog/product/cache/c06d1bb5eedf825ac39d687cd7d5d37e/1/0/10091082367-base1000.png,kitea,Chambre Adulte,2026-06-11 17:45:22,True,Milieu (1500-4000),kitea_5842
Coiffeuse Chic - Chêne / Blanc,3490.0,,0.0,https://www.kitea.com/coiffeuse-chic-chene-blanc.html,https://www.kitea.com/media/catalog/product/cache/c06d1bb5eedf825ac39d687cd7d5d37e/_/c/_c_h_chic_2.jpg,kitea,Chambre Adulte,2026-06-11 17:45:41,False,Milieu (1500-4000),kitea_5844
Lit Tapissé New Marsilia En Tissu - Taupe,3590.0,,0.0,https://www.kitea.com/lit-tapisse-new-marsilia-en-tissu-taupe.html,https://www.kitea.com/media/catalog/product/cache/c06d1bb5eedf825ac39d687cd7d5d37e/1/0/10067263287-swatch.jpg,kitea,Chambre Adulte,2026-06-11 17:45:22,False,Milieu (1500-4000),kitea_5848
Matelas Doremi Autograph - Blanc,3990.0,,0.0,https://www.kitea.com/matelas-doremi-autograph-blanc.html,https://www.kitea.com/media/catalog/product/cache/c06d1bb5eedf825ac39d687cd7d5d37e/a/u/autograph-ft.jpg,kitea,Chambre Adulte,2026-06-11 17:43:34,False,Milieu (1500-4000),kitea_5852
Table De Chevet Bali - Marron,2550.0,3390.0,24.8,https://www.kitea.com/table-de-chevet-bali-marron.html,https://www.kitea.com/media/catalog/product/cache/c06d1bb5eedf825ac39d687cd7d5d37e/1/0/10095325305-b1.jpg,kitea,Chambre Adulte,2026-06-11 17:43:13,True,Milieu (1500-4000),kitea_5858
Matelas Dorsopedic Serie 15 Ultra - Gris,4914.0,,0.0,https://www.kitea.com/matelas-dorsopedic-serie-15-ultra-gris.html,https://www.kitea.com/media/catalog/product/cache/c06d1bb5eedf825ac39d687cd7d5d37e/1/5/15ultra-ft.jpg,kitea,Chambre Adulte,2026-06-11 17:43:34,False,Premium (4000-10k),kitea_5884
Chiffonier 4 Tiroirs Bali - Marron,6190.0,8190.0,24.4,https://www.kitea.com/chiffonier-4-tiroirs-bali-marron.html,https://www.kitea.com/media/catalog/product/cache/c06d1bb5eedf825ac39d687cd7d5d37e/1/0/10095326305-b11.jpg,kitea,Chambre Adulte,2026-06-11 17:43:13,True,Premium (4000-10k),kitea_5897
Coiffeuse Glamour - Chêne & Blanc,2990.0,,0.0,https://www.kitea.com/coiffeuse-glamour-chene-blanc.html,https://www.kitea.com/media/catalog/product/cache/c06d1bb5eedf825ac39d687cd7d5d37e/_/g/_g_l_glamour_6.jpg,kitea,Chambre Adulte,2026-06-11 17:45:41,False,Milieu (1500-4000),kitea_5912
Matelas DOREMI BIOLUX,4550.0,,0.0,https://www.kitea.com/matelas-doremi-biolux.html,https://www.kitea.com/media/catalog/product/cache/c06d1bb5eedf825ac39d687cd7d5d37e/b/i/biolux-ft.jpg,kitea,Chambre Adulte,2026-06-11 18:55:13,False,Premium (4000-10k),kitea_5917
Sommier À Lattes 1 Place Matrimoules Avec Pieds - Noir,735.0,,0.0,https://www.kitea.com/sommier-a-lattes-1-place-matrimoules-avec-pieds-noir.html,https://www.kitea.com/media/catalog/product/cache/c06d1bb5eedf825ac39d687cd7d5d37e/_/1/_1_0_10041439234-11.jpg,kitea,Chambre Adulte,2026-06-11 17:44:18,False,Économique (500-1500),kitea_5918
Lit Vertigo Avec Led - Chêne Gris / Blanc,4790.0,,0.0,https://www.kitea.com/lit-vertigo-avec-led-chene-gris-blanc.html,https://www.kitea.com/media/catalog/product/cache/c06d1bb5eedf825ac39d687cd7d5d37e/_/l/_l_i_lit-vertigo-2.jpg,kitea,Chambre Adulte,2026-06-11 17:44:17,False,Premium (4000-10k),kitea_5951
Lit Azuka 140 x 190 cm avec sommier – Wengé,1995.0,,0.0,https://www.kitea.com/lit-azuka-140-x-190-cm-avec-sommier-wenge.html,https://www.kitea.com/media/catalog/product/cache/c06d1bb5eedf825ac39d687cd7d5d37e/1/0/10116644305q.png,kitea,Chambre Adulte,2026-06-11 18:54:58,False,Milieu (1500-4000),kitea_5963
Coiffeuse Mayfair 2 Tiroirs+Miroir - Chêne/Blanc,1595.0,,0.0,https://www.kitea.com/coiffeuse-mayfair-2-tiroirs-miroir-chene-blanc.html,https://www.kitea.com/media/catalog/product/cache/c06d1bb5eedf825ac39d687cd7d5d37e/m/a/mayfair-coiff.jpg,kitea,Chambre Adulte,2026-06-11 17:45:00,False,Milieu (1500-4000),kitea_5966
Matelas Dorsopedic Serie 15 - Gris,3624.0,,0.0,https://www.kitea.com/matelas-dorsopedic-serie-15-gris.html,https://www.kitea.com/media/catalog/product/cache/c06d1bb5eedf825ac39d687cd7d5d37e/s/e/serie15-ft_3.jpg,kitea,Chambre Adulte,2026-06-11 17:43:34,False,Milieu (1500-4000),kitea_5970
Table De Chevet Gauche Lyon 1 Tiroir Et 1 Niche - Blanc,990.0,,0.0,https://www.kitea.com/table-de-chevet-gauche-lyon-tiroir-1-niche-blanc.html,https://www.kitea.com/media/catalog/product/cache/c06d1bb5eedf825ac39d687cd7d5d37e/y/h/yh2410cb011-90x120_1184-h-54063_35.jpg,kitea,Chambre Adulte,2026-06-11 17:43:13,False,Économique (500-1500),kitea_5976
Coiffeuse Precious Avec Miroir + 2 Étagères + Tiroir - Chêne / Blanc,1190.0,,0.0,https://www.kitea.com/coiffeuse-precious-avec-miroir-2-etageres-tiroir-chene-blanc.html,https://www.kitea.com/media/catalog/product/cache/c06d1bb5eedf825ac39d687cd7d5d37e/1/0/10101451541-2.png,kitea,Chambre Adulte,2026-06-11 17:43:13,False,Économique (500-1500),kitea_5985
Armoire Holten - Chêne / Blanc,9290.0,,0.0,https://www.kitea.com/armoire-holten-chene-blanc.html,https://www.kitea.com/media/catalog/product/cache/c06d1bb5eedf825ac39d687cd7d5d37e/1/0/10091133922-2.png,kitea,Chambre Adulte,2026-06-11 18:54:58,False,Premium (4000-10k),kitea_5994
Lit Cottage 160X200Cm Sans Sommier 2 Tiroirs Et 2 Niches -  Blanc / Chêne,2795.0,3990.0,29.9,https://www.kitea.com/lit-cottage-160x200cm-sans-sommier-2-tiroirs-et-2-niches-blanc-chene.html,https://www.kitea.com/media/catalog/product/cache/c06d1bb5eedf825ac39d687cd7d5d37e/1/0/10105191784-10.png,kitea,Chambre Adulte,2026-06-11 17:45:01,True,Milieu (1500-4000),kitea_6000
Matelas Doremi Pilote - Gris,2450.0,,0.0,https://www.kitea.com/matelas-doremi-pilote-gris.html,https://www.kitea.com/media/catalog/product/cache/c06d1bb5eedf825ac39d687cd7d5d37e/g/e/gemini_generated_image_h42j8dh42j8dh42j-photoroom.png,kitea,Chambre Adulte,2026-06-11 17:43:24,False,Milieu (1500-4000),kitea_6004
Coffre Pied De Lit Bellevue 165*54 - Marron,1795.0,2290.0,21.6,https://www.kitea.com/coffre-pied-de-lit-bellevue-165-54-marron.html,https://www.kitea.com/media/catalog/product/cache/c06d1bb5eedf825ac39d687cd7d5d37e/_/1/_1_0_10011319285_2.jpg,kitea,Chambre Adulte,2026-06-11 17:44:18,True,Milieu (1500-4000),kitea_6006
"Armoire Monissa 200,1x59x205,9 cm - 4 Portes + 4 Tiroirs - Chêne Artisan / Noir",4495.0,6295.0,28.6,https://www.kitea.com/armoire-monissa-200-1x59x205-9-cm-4-portes-4-tiroirs-chene-artisan-noir.html,https://www.kitea.com/media/catalog/product/cache/c06d1bb5eedf825ac39d687cd7d5d37e/1/0/10116804907_8_.png,kitea,Chambre Adulte,2026-06-11 18:54:41,True,Premium (4000-10k),kitea_6024
Lit Malaga Avec Planche Sommier -  Marron,4890.0,,0.0,https://www.kitea.com/lit-malaga-avec-planche-sommier-marron.html,https://www.kitea.com/media/catalog/product/cache/c06d1bb5eedf825ac39d687cd7d5d37e/1/0/10094578305-basew1.jpg,kitea,Chambre Adulte,2026-06-11 17:43:24,False,Premium (4000-10k),kitea_6029
Étagère Linate - Blanc / Chêne Beige,550.0,750.0,26.7,https://www.kitea.com/etagere-linate-blanc-chene-beige.html,https://www.kitea.com/media/catalog/product/cache/c06d1bb5eedf825ac39d687cd7d5d37e/_/1/_1_0_10029899597.jpg,kitea,Chambre Adulte,2026-06-11 17:45:00,True,Économique (500-1500),kitea_6052
Lit Flexi 120 X 200 Avec Tiroir Et Sommier - Blanc / Gris Clair,5990.0,,0.0,https://www.kitea.com/lit-flexi-120-x-200-avec-tiroir-et-sommier-blanc-gris-clair.html,https://www.kitea.com/media/catalog/product/cache/c06d1bb5eedf825ac39d687cd7d5d37e/1/0/10063320970.jpg,kitea,Chambre Adulte,2026-06-11 17:43:58,False,Premium (4000-10k),kitea_6058
Set Lit Kieran Avec Sommier + 2 Chevets  -  Chêne/Noir,5590.0,,0.0,https://www.kitea.com/set-lit-kieran-avec-sommier-2-chevets-ch-ne-noir.html,https://www.kitea.com/media/catalog/product/cache/c06d1bb5eedf825ac39d687cd7d5d37e/k/i/kieran_3525_l240_ches_style_c_1_1.jpg,kitea,Chambre Adulte,2026-06-11 18:55:13,False,Premium (4000-10k),kitea_6067
Commode Bellevue + 1 Tiroir + 2 Portes - Noir / Marron Foncé,795.0,990.0,19.7,https://www.kitea.com/commode-bellevue-1-tiroir-2-portes-noir-marron-fonce.html,https://www.kitea.com/media/catalog/product/cache/c06d1bb5eedf825ac39d687cd7d5d37e/_/1/_1_0_10041708285-1.jpg,kitea,Chambre Adulte,2026-06-11 17:44:40,True,Économique (500-1500),kitea_6072
Matelas Richbond R Tonic - Blanc,1990.0,,0.0,https://www.kitea.com/matelas-richbond-r-tonic-blanc.html,https://www.kitea.com/media/catalog/product/cache/c06d1bb5eedf825ac39d687cd7d5d37e/r/t/rtonic-ft.jpg,kitea,Chambre Adulte,2026-06-11 17:43:34,False,Milieu (1500-4000),kitea_6083
Armoire Dalate 2 Portes Ouvrantes + 2 Portes Coulissantes - Chêne/Noir,5395.0,,0.0,https://www.kitea.com/armoire-dalate-2-portes-ouvrantes-2-portes-coulissantes-chene-noir.html,https://www.kitea.com/media/catalog/product/cache/c06d1bb5eedf825ac39d687cd7d5d37e/d/e/design_sans_titre_-_2026-04-07t141851.886.jpg,kitea,Chambre Adulte,2026-06-11 18:54:41,False,Premium (4000-10k),kitea_6087
Table De Chevet Kenyatta  - Marron / Doré,750.0,1590.0,52.8,https://www.kitea.com/table-de-chevet-kenyatta-marron-dore.html,https://www.kitea.com/media/catalog/product/cache/c06d1bb5eedf825ac39d687cd7d5d37e/1/0/10091072246-5.png,kitea,Chambre Adulte,2026-06-11 17:45:22,True,Économique (500-1500),kitea_6088
Commode Clara - Noyer,2690.0,4290.0,37.3,https://www.kitea.com/commode-clara-noyer.html,https://www.kitea.com/media/catalog/product/cache/c06d1bb5eedf825ac39d687cd7d5d37e/d/e/design_sans_titre_-_2026-04-10t150007.844.jpg,kitea,Chambre Adulte,2026-06-11 17:43:58,True,Milieu (1500-4000),kitea_6100
Armoire Chelsea - 2 portes ouvrantes + 2 portes coulissantes - chêne/sable,4995.0,,0.0,https://www.kitea.com/armoire-chelsea-2-portes-ouvrantes-2-portes-coulissantes-chene-blanc.html,https://www.kitea.com/media/catalog/product/cache/c06d1bb5eedf825ac39d687cd7d5d37e/1/_/1_184_1.jpg,kitea,Chambre Adulte,2026-06-11 18:54:41,False,Premium (4000-10k),kitea_6104
Matelas Simmons Roule S Mousse Junior - Blanc / Jaune,1950.0,,0.0,https://www.kitea.com/matelas-simmons-roule-s-mousse-junior-blanc-jaune.html,https://www.kitea.com/media/catalog/product/cache/c06d1bb5eedf825ac39d687cd7d5d37e/_/s/_s_i_simmonsmousejunior_3_1_1_1_1_1.jpg,kitea,Chambre Adulte,2026-06-11 17:44:18,False,Milieu (1500-4000),kitea_6108
Lit Tapissé New Marsilia En Tissu - Gris Foncé,3590.0,,0.0,https://www.kitea.com/lit-tapisse-new-marsilia-en-tissu-gris-fonce.html,https://www.kitea.com/media/catalog/product/cache/c06d1bb5eedf825ac39d687cd7d5d37e/1/0/10067261420-swatch.jpg,kitea,Chambre Adulte,2026-06-11 17:45:22,False,Milieu (1500-4000),kitea_6118
Miroir Linate 109X69Cm - Blanc,690.0,850.0,18.8,https://www.kitea.com/miroir-linate-109x69cm-blanc.html,https://www.kitea.com/media/catalog/product/cache/c06d1bb5eedf825ac39d687cd7d5d37e/_/1/_1_0_10037660597_2_1.jpg,kitea,Chambre Adulte,2026-06-11 17:45:41,True,Économique (500-1500),kitea_6137
Lit Tapissé New Marsilia En Tissu - Rose,3590.0,,0.0,https://www.kitea.com/lit-tapisse-new-marsilia-en-tissu-rose.html,https://www.kitea.com/media/catalog/product/cache/c06d1bb5eedf825ac39d687cd7d5d37e/1/0/10067256269-swatch.jpg,kitea,Chambre Adulte,2026-06-11 17:45:22,False,Milieu (1500-4000),kitea_6141
Armoire Aalborg 3 Portes +2 Tiroirs Blanc / Chêne,3590.0,4990.0,28.1,https://www.kitea.com/armoire-aalborg-3-portes-2-tiroirs-blanc-chene.html,https://www.kitea.com/media/catalog/product/cache/c06d1bb5eedf825ac39d687cd7d5d37e/1/0/10064231922_1.jpg,kitea,Chambre Adulte,2026-06-11 17:43:45,True,Milieu (1500-4000),kitea_6161
Armoire Prime 5 Portes Et 2 Tiroirs – Marron /Beige,10990.0,,0.0,https://www.kitea.com/armoire-prime-5-portes-et-2-tiroirs-marron-beige.html,https://www.kitea.com/media/catalog/product/cache/c06d1bb5eedf825ac39d687cd7d5d37e/1/0/10102620372-7.png,kitea,Chambre Adulte,2026-06-11 17:43:13,False,Luxe (>10k),kitea_6167
Armoire Vodol Avec 3 Portes - Blanc / Noir,4995.0,7990.0,37.5,https://www.kitea.com/armoire-vodol-3portes-ouvrantes-blanc-noir.html,https://www.kitea.com/media/catalog/product/cache/c06d1bb5eedf825ac39d687cd7d5d37e/1/0/10108221315-12.png,kitea,Chambre Adulte,2026-06-11 17:45:00,True,Premium (4000-10k),kitea_6209
Lit Clara 160 X 200 Avec Sommier - Taupe / Noyer,4590.0,6990.0,34.3,https://www.kitea.com/lit-clara-160-x-200-avec-sommier-taupe-noyer.html,https://www.kitea.com/media/catalog/product/cache/c06d1bb5eedf825ac39d687cd7d5d37e/d/e/design_sans_titre_-_2026-04-10t103824.443_1.jpg,kitea,Chambre Adulte,2026-06-11 17:43:58,True,Premium (4000-10k),kitea_6212
Lit Coffre Merkur - 160x200 - Blanc / Chêne,6995.0,9995.0,30.0,https://www.kitea.com/lit-coffre-merkur-blanc-chene.html,https://www.kitea.com/media/catalog/product/cache/c06d1bb5eedf825ac39d687cd7d5d37e/y/h/yh2410cb011-90x120_1184-h-54063_21.jpg,kitea,Chambre Adulte,2026-06-11 17:43:13,True,Premium (4000-10k),kitea_6214
Coiffeuse Wish Avec Miroir + 5 Tiroirs + Etagère Et Led - Blanc,2990.0,,0.0,https://www.kitea.com/coiffeuse-wish-avec-miroir-5-tiroirs-etagere-et-led-blanc.html,https://www.kitea.com/media/catalog/product/cache/c06d1bb5eedf825ac39d687cd7d5d37e/1/0/10067184315_8__1.jpg,kitea,Chambre Adulte,2026-06-11 17:45:41,False,Milieu (1500-4000),kitea_6230
Lit Chelsea 160x200 avec sommier coffre et éclairage LED  – chêne/sable,6495.0,,0.0,https://www.kitea.com/lit-chelsea-160-200-cm-avec-sommier-coffre-chene-blanc.html,https://www.kitea.com/media/catalog/product/cache/c06d1bb5eedf825ac39d687cd7d5d37e/d/e/design_sans_titre_-_2026-04-23t163458.388.jpg,kitea,Chambre Adulte,2026-06-11 18:54:41,False,Premium (4000-10k),kitea_6234
Set Lit Mayfair 160x200 Sans Sommier +2 Chevets + Led  -Chêne,6495.0,,0.0,https://www.kitea.com/set-lit-mayfair-160-200-sans-sommier-2-chevets-led-chene.html,https://www.kitea.com/media/catalog/product/cache/c06d1bb5eedf825ac39d687cd7d5d37e/1/m/1mayfair-set.jpg,kitea,Chambre Adulte,2026-06-11 18:54:41,False,Premium (4000-10k),kitea_6241
Set Lit Daily 2 Tiroirs Et 1 Niche 140X190Cm Avec Sommier + 2 Chevets - Chêne,2990.0,,0.0,https://www.kitea.com/set-lit-daily-2-tiroirs-et-1-niche-140x190cm-avec-sommier-2-chevets-chene.html,https://www.kitea.com/media/catalog/product/cache/c06d1bb5eedf825ac39d687cd7d5d37e/1/0/10103849541-89.png,kitea,Chambre Adulte,2026-06-11 18:54:58,False,Milieu (1500-4000),kitea_6247
Commode Venus 3 Tiroirs - Blanc/Chêne,2190.0,,0.0,https://www.kitea.com/commode-venus-3-tiroirs-blanc-chene.html,https://www.kitea.com/media/catalog/product/cache/c06d1bb5eedf825ac39d687cd7d5d37e/1/0/10108173784-b1.png,kitea,Chambre Adulte,2026-06-11 18:55:13,False,Milieu (1500-4000),kitea_6274
Table De Chevet Nia - Blanc / Noir / Marbre,795.0,1490.0,46.6,https://www.kitea.com/table-de-chevet-nia-blanc-noir-marbre.html,https://www.kitea.com/media/catalog/product/cache/c06d1bb5eedf825ac39d687cd7d5d37e/1/0/10087187319_1_.png,kitea,Chambre Adulte,2026-06-11 17:43:34,True,Économique (500-1500),kitea_6291
Table De Chevet Ikast  - Blanc / Chêne,790.0,,0.0,https://www.kitea.com/table-de-chevet-ikast-1tiroir-1niche-blanc-chene.html,https://www.kitea.com/media/catalog/product/cache/c06d1bb5eedf825ac39d687cd7d5d37e/y/h/yh2410cb011-90x120_1184-h-54063__3.jpg,kitea,Chambre Adulte,2026-06-11 17:43:13,False,Économique (500-1500),kitea_6302
Lit Dalate 160x200 Avec Sommier Coffre - Chêne/Noir,4995.0,,0.0,https://www.kitea.com/lit-dalate-160-200-avec-sommier-coffre-chene-noir.html,https://www.kitea.com/media/catalog/product/cache/c06d1bb5eedf825ac39d687cd7d5d37e/6/_/6_12_1.jpg,kitea,Chambre Adulte,2026-06-11 17:45:00,False,Premium (4000-10k),kitea_6308
Armoire Lenybelardo - Chêne / Blanc,5590.0,7490.0,25.4,https://www.kitea.com/armoire-lenybelardo-chene-blanc.html,https://www.kitea.com/media/catalog/product/cache/c06d1bb5eedf825ac39d687cd7d5d37e/1/0/10091070316-4.png,kitea,Chambre Adulte,2026-06-11 18:54:58,True,Premium (4000-10k),kitea_6318
Matelas Richbond R Optimum 180X200Cm - Blanc / Taupe,5750.0,,0.0,https://www.kitea.com/matelas-richbond-r-optimum-180x200cm-blanc-taupe.html,https://www.kitea.com/media/catalog/product/cache/c06d1bb5eedf825ac39d687cd7d5d37e/r/-/r-optimum_1_1_5.jpg,kitea,Chambre Adulte,2026-06-11 18:55:13,False,Premium (4000-10k),kitea_6330
Armoire Merkur 4 Portes Avec 2 Miroirs  - Blanc / Chêne,7995.0,11990.0,33.3,https://www.kitea.com/armoire-merkur-4-portes-avec-2-miroirs-blanc-chene.html,https://www.kitea.com/media/catalog/product/cache/c06d1bb5eedf825ac39d687cd7d5d37e/1/0/10106349784-4p.png,kitea,Chambre Adulte,2026-06-11 17:43:13,True,Premium (4000-10k),kitea_6341
Matelas Igador Ecosleep - Blanc,690.0,,0.0,https://www.kitea.com/matelas-igador-ecosleep-blanc.html,https://www.kitea.com/media/catalog/product/cache/c06d1bb5eedf825ac39d687cd7d5d37e/i/g/igador-base1.png,kitea,Chambre Adulte,2026-06-11 18:55:13,False,Économique (500-1500),kitea_6357
Table De Chevet Clara - Noyer,1190.0,1990.0,40.2,https://www.kitea.com/table-de-chevet-clara-noyer.html,https://www.kitea.com/media/catalog/product/cache/c06d1bb5eedf825ac39d687cd7d5d37e/d/e/design_sans_titre_-_2026-04-10t145940.724.jpg,kitea,Chambre Adulte,2026-06-11 17:43:58,True,Économique (500-1500),kitea_6386
Pack Lit Anis 140X190 Sommier + Matelas + 2 Tablettes Suspendues - Chêne / Blanc,5990.0,,0.0,https://www.kitea.com/pack-lit-anis-140x190-sommier-matelas-2-tablettes-suspendues-chene-blanc.html,https://www.kitea.com/media/catalog/product/cache/c06d1bb5eedf825ac39d687cd7d5d37e/y/h/yh2410cb011-90x120_1184-h-54063_30_1.jpg,kitea,Chambre Adulte,2026-06-11 18:54:41,False,Premium (4000-10k),kitea_6392
Lit Holten- Blanc / Chêne,3190.0,,0.0,https://www.kitea.com/lit-holten-blanc-chene.html,https://www.kitea.com/media/catalog/product/cache/c06d1bb5eedf825ac39d687cd7d5d37e/1/0/10091119922-2_1.png,kitea,Chambre Adulte,2026-06-11 18:54:58,False,Milieu (1500-4000),kitea_6393
Coffre Pied De Lit Malavia 144X46X39Cm - Rose,2990.0,,0.0,https://www.kitea.com/coffre-pied-de-lit-malavia-144x46x39cm-rose.html,https://www.kitea.com/media/catalog/product/cache/c06d1bb5eedf825ac39d687cd7d5d37e/1/0/10056649269-2_1.jpg,kitea,Chambre Adulte,2026-06-11 17:45:22,False,Milieu (1500-4000),kitea_6409
Commode Kieran Avec 3 Tiroirs + 2 Niches -  Chêne/Noir,2590.0,,0.0,https://www.kitea.com/commode-kieran-avec-3tiroirs-2-niches-ch-ne-noir.html,https://www.kitea.com/media/catalog/product/cache/c06d1bb5eedf825ac39d687cd7d5d37e/k/i/kieran_3525_co3t_c.jpg,kitea,Chambre Adulte,2026-06-11 18:55:13,False,Milieu (1500-4000),kitea_6421
Armoire Lidya - Blanc / Beige,10890.0,13990.0,22.2,https://www.kitea.com/armoire-lidya-blanc-beige.html,https://www.kitea.com/media/catalog/product/cache/c06d1bb5eedf825ac39d687cd7d5d37e/1/0/10095349315-1.png,kitea,Chambre Adulte,2026-06-11 17:43:24,True,Luxe (>10k),kitea_6431
Commode Carpinus - Chêne Foncé,4290.0,5790.0,25.9,https://www.kitea.com/commode-carpinus-chene-fonce.html,https://www.kitea.com/media/catalog/product/cache/c06d1bb5eedf825ac39d687cd7d5d37e/1/0/10062144622-8rr005.png,kitea,Chambre Adulte,2026-06-11 17:43:58,True,Premium (4000-10k),kitea_6468
Commode Basalto - Blanc / Marron,1995.0,5790.0,65.5,https://www.kitea.com/commode-basalto-blanc-marron.html,https://www.kitea.com/media/catalog/product/cache/c06d1bb5eedf825ac39d687cd7d5d37e/1/0/10091084367-base1009.png,kitea,Chambre Adulte,2026-06-11 17:43:34,True,Milieu (1500-4000),kitea_6470
Commode  Selena  + 4 Tiroirs - Blanc / Chêne,1490.0,,0.0,https://www.kitea.com/commode-selena-4-tiroirs-blanc-chene.html,https://www.kitea.com/media/catalog/product/cache/c06d1bb5eedf825ac39d687cd7d5d37e/_/1/_1_0_10043043316-1.jpg,kitea,Chambre Adulte,2026-06-11 17:44:40,False,Économique (500-1500),kitea_6472
Sommier À Lattes Matrimoules 2 Places Avec Pieds 140X190X25Cm - Noir,1030.0,,0.0,https://www.kitea.com/sommier-a-lattes-matrimoules-2-places-avec-pieds-140x190x25cm-noir.html,https://www.kitea.com/media/catalog/product/cache/c06d1bb5eedf825ac39d687cd7d5d37e/_/1/_1_0_10041444234-11_1.jpg,kitea,Chambre Adulte,2026-06-11 17:45:41,False,Économique (500-1500),kitea_6488
Commode Vodol 3 Tiroirs - Blanc / Noir,2195.0,3590.0,38.9,https://www.kitea.com/commode-vodol-3-tiroirs-blanc-noir.html,https://www.kitea.com/media/catalog/product/cache/c06d1bb5eedf825ac39d687cd7d5d37e/1/0/10108220315-7.png,kitea,Chambre Adulte,2026-06-11 17:45:00,True,Milieu (1500-4000),kitea_6495
Matelas Simmons Riviera Plus - Blanc,2350.0,,0.0,https://www.kitea.com/matelas-simmons-riviera-plus-blanc.html,https://www.kitea.com/media/catalog/product/cache/c06d1bb5eedf825ac39d687cd7d5d37e/r/i/rivieraplus-ft.jpg,kitea,Chambre Adulte,2026-06-11 17:43:24,False,Milieu (1500-4000),kitea_6501
Matelas Richbond R Optimum - Blanc / Taupe,3550.0,,0.0,https://www.kitea.com/matelas-richbond-r-optimum-blanc-taupe.html,https://www.kitea.com/media/catalog/product/cache/c06d1bb5eedf825ac39d687cd7d5d37e/r/o/roptimum-ft.jpg,kitea,Chambre Adulte,2026-06-11 18:55:13,False,Milieu (1500-4000),kitea_6504
Commode Kenyatta  - Marron / Doré,1150.0,2390.0,51.9,https://www.kitea.com/commode-kenyatta-marron-dore.html,https://www.kitea.com/media/catalog/product/cache/c06d1bb5eedf825ac39d687cd7d5d37e/1/0/10091073246-1.png,kitea,Chambre Adulte,2026-06-11 17:45:22,True,Économique (500-1500),kitea_6510
Lit Lala 160X200Cm Avec Sommier Et Bois Massif - Oak,3690.0,,0.0,https://www.kitea.com/lit-lala-160x200cm-avec-sommier-et-bois-massif-oak.html,https://www.kitea.com/media/catalog/product/cache/c06d1bb5eedf825ac39d687cd7d5d37e/_/1/_1_0_10012616246_2.jpg,kitea,Chambre Adulte,2026-06-11 17:44:40,False,Milieu (1500-4000),kitea_6519
Armoire Jupiter - Oak / Blanc,4995.0,5795.0,13.8,https://www.kitea.com/armoire-jupiter-blanc.html,https://www.kitea.com/media/catalog/product/cache/c06d1bb5eedf825ac39d687cd7d5d37e/_/1/_1_0_10036268589-1.jpg,kitea,Chambre Adulte,2026-06-11 17:45:41,True,Premium (4000-10k),kitea_6529
Commode  Bellevue 2 Portes Et 4 Tiroirs Chêne Marron Foncé,1295.0,1890.0,31.5,https://www.kitea.com/commode-bellevue-2-portes-et-4-tiroirs-chene-marron-fonce.html,https://www.kitea.com/media/catalog/product/cache/c06d1bb5eedf825ac39d687cd7d5d37e/_/1/_1_0_10041709285_edited.jpg,kitea,Chambre Adulte,2026-06-11 17:44:40,True,Économique (500-1500),kitea_6532
Sommier Tapissé À Coffre - Gris,3090.0,,0.0,https://www.kitea.com/sommier-tapisse-a-coffre-gris.html,https://www.kitea.com/media/catalog/product/cache/c06d1bb5eedf825ac39d687cd7d5d37e/s/o/sommier_coffre_gris_resized_2_2.jpg,kitea,Chambre Adulte,2026-06-11 17:43:45,False,Milieu (1500-4000),kitea_6534
Commode Lenybelardo - Chêne / Blanc,1990.0,2990.0,33.4,https://www.kitea.com/commode-lenybelardo-chene-blanc.html,https://www.kitea.com/media/catalog/product/cache/c06d1bb5eedf825ac39d687cd7d5d37e/1/0/10091069316-3.png,kitea,Chambre Adulte,2026-06-11 18:54:58,True,Milieu (1500-4000),kitea_6537
Table De Chevet Lidya - Blanc / Beige,1590.0,2090.0,23.9,https://www.kitea.com/table-de-chevet-lidya-blanc-beige.html,https://www.kitea.com/media/catalog/product/cache/c06d1bb5eedf825ac39d687cd7d5d37e/1/0/10095345922-2.png,kitea,Chambre Adulte,2026-06-11 17:43:24,True,Milieu (1500-4000),kitea_6538
Matelas Doremi White Palace - Blanc,7350.0,,0.0,https://www.kitea.com/matelas-doremi-white-palace-blanc.html,https://www.kitea.com/media/catalog/product/cache/c06d1bb5eedf825ac39d687cd7d5d37e/w/h/whitepalace-ti_.png,kitea,Chambre Adulte,2026-06-11 18:55:13,False,Premium (4000-10k),kitea_6551
Lit Tapissé Malavia - Rose,3590.0,,0.0,https://www.kitea.com/lit-tapisse-malavia-rose.html,https://www.kitea.com/media/catalog/product/cache/c06d1bb5eedf825ac39d687cd7d5d37e/1/0/10056624269-swatch.jpg,kitea,Chambre Adulte,2026-06-11 17:45:22,False,Milieu (1500-4000),kitea_6552
Sommier Tapissé Cuvette - Gris,2250.0,,0.0,https://www.kitea.com/sommier-tapisse-cuvette-gris.html,https://www.kitea.com/media/catalog/product/cache/c06d1bb5eedf825ac39d687cd7d5d37e/s/o/sommier_cuvette_gris_resized_2.jpg,kitea,Chambre Adulte,2026-06-11 17:43:58,False,Milieu (1500-4000),kitea_6572
Commode Lidya - Blanc / Beige,2895.0,3890.0,25.6,https://www.kitea.com/commode-lidya-blanc-beige.html,https://www.kitea.com/media/catalog/product/cache/c06d1bb5eedf825ac39d687cd7d5d37e/1/0/10095346922-2.png,kitea,Chambre Adulte,2026-06-11 17:43:24,True,Milieu (1500-4000),kitea_6585
Commode  Jawa  Marron Foncé,2290.0,,0.0,https://www.kitea.com/commode-jawa-marron-fonce.html,https://www.kitea.com/media/catalog/product/cache/c06d1bb5eedf825ac39d687cd7d5d37e/_/1/_1_0_10043322709-1.jpg,kitea,Chambre Adulte,2026-06-11 17:45:00,False,Milieu (1500-4000),kitea_6595
Table de chevet suspendue droite Chelsea - 1 tiroir - chêne/sable,695.0,,0.0,https://www.kitea.com/table-de-chevet-suspendue-droite-chelsea-1-tiroir-chene-blanc.html,https://www.kitea.com/media/catalog/product/cache/c06d1bb5eedf825ac39d687cd7d5d37e/d/e/design_sans_titre_-_2026-04-24t111028.014_1.jpg,kitea,Chambre Adulte,2026-06-11 18:54:41,False,Économique (500-1500),kitea_6609
Lit Selena 140X190Cm - Blanc,1790.0,,0.0,https://www.kitea.com/lit-selena-140x190cm-blanc.html,https://www.kitea.com/media/catalog/product/cache/c06d1bb5eedf825ac39d687cd7d5d37e/_/1/_1_0_10043040316.jpg,kitea,Chambre Adulte,2026-06-11 17:44:40,False,Milieu (1500-4000),kitea_6652
Lit Kenyatta 160X200Cm -  Marron / Doré,1590.0,3390.0,53.1,https://www.kitea.com/lit-kenyatta-160x200cm-marron-dore.html,https://www.kitea.com/media/catalog/product/cache/c06d1bb5eedf825ac39d687cd7d5d37e/1/0/10091071246-base11.png,kitea,Chambre Adulte,2026-06-11 17:45:22,True,Milieu (1500-4000),kitea_6664
Lit Lidya Avec Planche Sommier - Blanc / Beige,4950.0,,0.0,https://www.kitea.com/lit-lidya-avec-planche-sommier-blanc-beige.html,https://www.kitea.com/media/catalog/product/cache/c06d1bb5eedf825ac39d687cd7d5d37e/1/0/10095343922-1_1_1.png,kitea,Chambre Adulte,2026-06-11 17:43:13,False,Premium (4000-10k),kitea_6668
Matelas Doremi Ultra Medical New - Gris / Blanc,3350.0,,0.0,https://www.kitea.com/matelas-doremi-ultra-medical-new-gris-blanc.html,https://www.kitea.com/media/catalog/product/cache/c06d1bb5eedf825ac39d687cd7d5d37e/u/l/ultra-medical-new-ft.jpg,kitea,Chambre Adulte,2026-06-11 17:43:45,False,Milieu (1500-4000),kitea_6683
Lit Ikast Blanc - 160x200 - 3 Niches Sans Sommier - Blanc / Chêne,2990.0,,0.0,https://www.kitea.com/lit-ikast-blanc-3-niches-sans-sommier-blanc-chene.html,https://www.kitea.com/media/catalog/product/cache/c06d1bb5eedf825ac39d687cd7d5d37e/y/h/yh2410cb011-90x120_1184-h-54063_98_1_1.jpg,kitea,Chambre Adulte,2026-06-11 18:54:58,False,Milieu (1500-4000),kitea_6693
Lit Tapissé New Marsilia En Tissu - Turquoise Foncé,3590.0,,0.0,https://www.kitea.com/lit-tapisse-new-marsilia-en-tissu-turquoise-fonce.html,https://www.kitea.com/media/catalog/product/cache/c06d1bb5eedf825ac39d687cd7d5d37e/1/0/10067262712-swatch_7.jpg,kitea,Chambre Adulte,2026-06-11 17:45:22,False,Milieu (1500-4000),kitea_6695
Table De Chevet Infinito -  Marron / Gris,1195.0,1290.0,7.4,https://www.kitea.com/table-de-chevet-infinito-marron-gris.html,https://www.kitea.com/media/catalog/product/cache/c06d1bb5eedf825ac39d687cd7d5d37e/2/_/2_5_4.png,kitea,Chambre Adulte,2026-06-11 17:43:34,True,Économique (500-1500),kitea_6698
Lit Lafabrica Avec Planche Sommier + Tiroir 120X200Cm - Beige / Gris,4290.0,4790.0,10.4,https://www.kitea.com/lit-lafabrica-avec-planche-sommier-tiroir-120x200cm-beige-gris.html,https://www.kitea.com/media/catalog/product/cache/c06d1bb5eedf825ac39d687cd7d5d37e/1/0/10053619705-baseswatch.jpg,kitea,Chambre Adulte,2026-06-11 17:44:18,True,Premium (4000-10k),kitea_6700
Table De Chevet Vertigo Avec 1 Tiroir - Chêne Gris / Blanc,1890.0,,0.0,https://www.kitea.com/table-de-chevet-vertigo-avec-1-tiroir-chene-gris-blanc.html,https://www.kitea.com/media/catalog/product/cache/c06d1bb5eedf825ac39d687cd7d5d37e/1/0/10056389883-1.jpg,kitea,Chambre Adulte,2026-06-11 17:44:17,False,Milieu (1500-4000),kitea_6713
Lit Lala Avec Sommier Et Bois Massif - Oak,1890.0,,0.0,https://www.kitea.com/lit-lala-avec-sommier-et-bois-massif-oak.html,https://www.kitea.com/media/catalog/product/cache/c06d1bb5eedf825ac39d687cd7d5d37e/_/1/_1_0_10012616246.jpg,kitea,Chambre Adulte,2026-06-11 17:44:40,False,Milieu (1500-4000),kitea_6742
Armoire Basalto - Blanc / Marron,5995.0,15450.0,61.2,https://www.kitea.com/armoire-basalto-blanc-marron.html,https://www.kitea.com/media/catalog/product/cache/c06d1bb5eedf825ac39d687cd7d5d37e/1/0/10091086367-15.png,kitea,Chambre Adulte,2026-06-11 17:43:34,True,Premium (4000-10k),kitea_6805
Coiffeuse Secret Avec Miroir + 2 Tiroirs Et Led - Blanc / Chêne,2990.0,,0.0,https://www.kitea.com/coiffeuse-secret-avec-miroir-2-tiroirs-et-led-blanc-chene.html,https://www.kitea.com/media/catalog/product/cache/c06d1bb5eedf825ac39d687cd7d5d37e/1/0/10067182922_5_.jpg,kitea,Chambre Adulte,2026-06-11 17:45:41,False,Milieu (1500-4000),kitea_6807
Armoire Bellevue Chêne Marron Et Noir,8595.0,9990.0,14.0,https://www.kitea.com/armoire-bellevue-chene-marron-et-noir.html,https://www.kitea.com/media/catalog/product/cache/c06d1bb5eedf825ac39d687cd7d5d37e/_/1/_1_0_10011317285-01.jpg,kitea,Chambre Adulte,2026-06-11 17:45:00,True,Premium (4000-10k),kitea_6815
Lit Sirius Crown Sans Sommier Avec Led - Chêne / Noir,8999.0,,0.0,https://www.kitea.com/lit-sirius-crown-sans-sommier-avec-led-chene-noir.html,https://www.kitea.com/media/catalog/product/cache/c06d1bb5eedf825ac39d687cd7d5d37e/1/0/10064027674_1.jpg,kitea,Chambre Adulte,2026-06-11 17:43:58,False,Premium (4000-10k),kitea_6833
Lit Vodol Sans Sommier + 2 Tables De Chevet - Blanc / Noir,3990.0,,0.0,https://www.kitea.com/lit-vodol-sans-sommier-2-tables-de-chevet-blanc-noir.html,https://www.kitea.com/media/catalog/product/cache/c06d1bb5eedf825ac39d687cd7d5d37e/1/0/10108219315-9_1.png,kitea,Chambre Adulte,2026-06-11 18:55:13,False,Milieu (1500-4000),kitea_6844
Lit Carpinus 160X200 Avec Sommier - Chêne Foncé / Bleu,7250.0,10490.0,30.9,https://www.kitea.com/lit-carpinus-160-200-avec-sommier-chene-fonce-bleu.html,https://www.kitea.com/media/catalog/product/cache/c06d1bb5eedf825ac39d687cd7d5d37e/1/0/10062141954-lit.png,kitea,Chambre Adulte,2026-06-11 17:43:58,True,Premium (4000-10k),kitea_6845
Armoire Maya 4 Portes - Blanc / Chêne,4990.0,7590.0,34.3,https://www.kitea.com/armoire-maya-4portes-ouvrantes-blanc-chene.html,https://www.kitea.com/media/catalog/product/cache/c06d1bb5eedf825ac39d687cd7d5d37e/1/0/10107935784-709.png,kitea,Chambre Adulte,2026-06-11 18:54:41,True,Premium (4000-10k),kitea_6855
Etagère Holten 106X22X24Cm - Chêne / Blanc,250.0,450.0,44.4,https://www.kitea.com/etagere-holten-106x22x24cm-chene-blanc.html,https://www.kitea.com/media/catalog/product/cache/c06d1bb5eedf825ac39d687cd7d5d37e/1/0/10091126922-2.png,kitea,Chambre Adulte,2026-06-11 17:45:22,True,Entrée (<500),kitea_6862
Chiffonnier Malaga 4 Tiroirs - Marron,3390.0,5590.0,39.4,https://www.kitea.com/chiffonnier-malaga-4-tiroirs-marron.html,https://www.kitea.com/media/catalog/product/cache/c06d1bb5eedf825ac39d687cd7d5d37e/1/0/10094581305-5.png,kitea,Chambre Adulte,2026-06-11 17:43:24,True,Milieu (1500-4000),kitea_6874
Lit Aden - Marron / Gris,4250.0,,0.0,https://www.kitea.com/lit-aden-marron-gris.html,https://www.kitea.com/media/catalog/product/cache/c06d1bb5eedf825ac39d687cd7d5d37e/1/0/10096065305-rec.png,kitea,Chambre Adulte,2026-06-11 17:43:24,False,Premium (4000-10k),kitea_6896
Lit Carpinus 180 X 200 Avec Sommier - Chêne Foncé / Bleu,7550.0,10790.0,30.0,https://www.kitea.com/lit-carpinus-180-x-200-avec-sommier-chene-fonce-bleu.html,https://www.kitea.com/media/catalog/product/cache/c06d1bb5eedf825ac39d687cd7d5d37e/1/0/10062141954-lit_1.png,kitea,Chambre Adulte,2026-06-11 17:45:41,True,Premium (4000-10k),kitea_6898
Sommier Tapissé Cuvette - Beige,2250.0,,0.0,https://www.kitea.com/sommier-tapisse-cuvette-beige.html,https://www.kitea.com/media/catalog/product/cache/c06d1bb5eedf825ac39d687cd7d5d37e/s/o/sommier_cuvette_beige_resized_2.jpg,kitea,Chambre Adulte,2026-06-11 17:43:58,False,Milieu (1500-4000),kitea_6902
Matelas Doremi Nature Cotton - Beige,6790.0,,0.0,https://www.kitea.com/matelas-doremi-nature-cotton-beige.html,https://www.kitea.com/media/catalog/product/cache/c06d1bb5eedf825ac39d687cd7d5d37e/n/a/nature_coton-ft.jpg,kitea,Chambre Adulte,2026-06-11 18:54:58,False,Premium (4000-10k),kitea_6917
Miroir Vertigo - Chêne Gris / Blanc,1390.0,,0.0,https://www.kitea.com/miroir-vertigo-chene-gris-blanc.html,https://www.kitea.com/media/catalog/product/cache/c06d1bb5eedf825ac39d687cd7d5d37e/1/0/10056392883.jpg,kitea,Chambre Adulte,2026-06-11 17:44:17,False,Économique (500-1500),kitea_6922
Table De Chevet Dalate 1 Tiroir + 1 Niche - Chêne/Noir,595.0,,0.0,https://www.kitea.com/table-de-chevet-dalate-1-tiroir-1-niche-chene-noir.html,https://www.kitea.com/media/catalog/product/cache/c06d1bb5eedf825ac39d687cd7d5d37e/1/d/1dalate-ch.jpg,kitea,Chambre Adulte,2026-06-11 17:45:00,False,Économique (500-1500),kitea_6938
Set Deux Tables De Chevet Venus 2 Tiroirs - Blanc / Chêne,2390.0,,0.0,https://www.kitea.com/set-deux-tables-de-chevet-venus-2-tiroirs-blanc-chene.html,https://www.kitea.com/media/catalog/product/cache/c06d1bb5eedf825ac39d687cd7d5d37e/2/9/29_1.png,kitea,Chambre Adulte,2026-06-11 18:55:13,False,Milieu (1500-4000),kitea_6952
Matelas Dorsopedic Serie 15 Plus - Gris,4095.0,,0.0,https://www.kitea.com/matelas-dorsopedic-serie-15-plus-gris.html,https://www.kitea.com/media/catalog/product/cache/c06d1bb5eedf825ac39d687cd7d5d37e/s/e/serie_15_plus2-ft.jpg,kitea,Chambre Adulte,2026-06-11 17:43:34,False,Premium (4000-10k),kitea_6957
Armoire Aden 4 Portes Avec Miroir - Blanc / Marron,9350.0,12250.0,23.7,https://www.kitea.com/armoire-aden-4-portes-avec-miroir-blanc-marron.html,https://www.kitea.com/media/catalog/product/cache/c06d1bb5eedf825ac39d687cd7d5d37e/1/0/10096070305-1.png,kitea,Chambre Adulte,2026-06-11 17:45:01,True,Premium (4000-10k),kitea_6961
Commode Nia  Avec 3 Tiroirs - Blanc / Noir / Marbre,1995.0,3490.0,42.8,https://www.kitea.com/commode-nia-avec-3-tiroirs-blanc-noir-marbre.html,https://www.kitea.com/media/catalog/product/cache/c06d1bb5eedf825ac39d687cd7d5d37e/1/0/10087189319_1_.png,kitea,Chambre Adulte,2026-06-11 17:43:34,True,Milieu (1500-4000),kitea_6963
Pack Modern Way : Lit Sans Sommier + 2 Tables De Chevet + Éclairage - Blanc,6495.0,,0.0,https://www.kitea.com/pack-modern-way-lit-sans-sommier-2-tables-de-chevet-eclairage-blanc.html,https://www.kitea.com/media/catalog/product/cache/c06d1bb5eedf825ac39d687cd7d5d37e/1/0/10049807316-p-base1.jpg,kitea,Chambre Adulte,2026-06-11 17:44:18,False,Premium (4000-10k),kitea_6967
Armoire Sposami Avec 4 Portes + 1 Miroir - Blanc / Chêne,6995.0,8990.0,22.2,https://www.kitea.com/armoire-sposami-avec-4-portes-1-miroir-blanc-chene.html,https://www.kitea.com/media/catalog/product/cache/c06d1bb5eedf825ac39d687cd7d5d37e/1/0/10104816922.jpg,kitea,Chambre Adulte,2026-06-11 18:55:13,True,Premium (4000-10k),kitea_6980
Sommier Tapissé Valkery Florida - Bleu Jean,2790.0,,0.0,https://www.kitea.com/sommier-tapisse-valkery-florida-bleu-jean.html,https://www.kitea.com/media/catalog/product/cache/c06d1bb5eedf825ac39d687cd7d5d37e/1/0/10059277515_-p.jpg,kitea,Chambre Adulte,2026-06-11 17:43:58,False,Milieu (1500-4000),kitea_6987
Double Commode Sposami - Blanc / Chêne,3295.0,4250.0,22.5,https://www.kitea.com/double-commode-sposami-blanc-chene.html,https://www.kitea.com/media/catalog/product/cache/c06d1bb5eedf825ac39d687cd7d5d37e/1/0/10104814922.jpg,kitea,Chambre Adulte,2026-06-11 18:55:13,True,Milieu (1500-4000),kitea_6994
Sommier Tapissé Valkery Florida - Gris,2790.0,,0.0,https://www.kitea.com/sommier-tapisse-valkery-florida-gris.html,https://www.kitea.com/media/catalog/product/cache/c06d1bb5eedf825ac39d687cd7d5d37e/f/l/florida_resized_2_1.jpg,kitea,Chambre Adulte,2026-06-11 17:43:58,False,Milieu (1500-4000),kitea_7010
Pack Matelas Eco 90X190Cm Avec Couette 160X200Cm Et Oreiller 70X45Cm - Blanc,589.0,,0.0,https://www.kitea.com/pack-matelas-eco-90x190cm-avec-couette-160x200cm-et-oreiller-70x45cm-blanc.html,https://www.kitea.com/media/catalog/product/cache/c06d1bb5eedf825ac39d687cd7d5d37e/1/0/10067996315-2_2.jpg,kitea,Chambre Adulte,2026-06-11 17:45:22,False,Économique (500-1500),kitea_7021
Armoire Lyon 3 Portes - Blanc,8990.0,,0.0,https://www.kitea.com/armoire-lyon-3-portes-ouvrantes-blanc.html,https://www.kitea.com/media/catalog/product/cache/c06d1bb5eedf825ac39d687cd7d5d37e/y/h/yh2410cb011-90x120_1184-h-54063_52.jpg,kitea,Chambre Adulte,2026-06-11 17:43:13,False,Premium (4000-10k),kitea_7027
Commode Dalate 3 Tiroirs - Chêne/Noir,1595.0,,0.0,https://www.kitea.com/commode-dalate-3-tiroirs-chene-noir.html,https://www.kitea.com/media/catalog/product/cache/c06d1bb5eedf825ac39d687cd7d5d37e/d/e/design_sans_titre_-_2026-04-07t134540.681.jpg,kitea,Chambre Adulte,2026-06-11 18:54:41,False,Milieu (1500-4000),kitea_7037
Matelas Doremi Capitaine - Bleu / Noir,2590.0,,0.0,https://www.kitea.com/matelas-doremi-capitaine-bleu.html,https://www.kitea.com/media/catalog/product/cache/c06d1bb5eedf825ac39d687cd7d5d37e/c/a/capitaine-ft.jpg,kitea,Chambre Adulte,2026-06-11 17:43:45,False,Milieu (1500-4000),kitea_7043
Double Commode Holten - Chêne / Blanc,3890.0,,0.0,https://www.kitea.com/double-commode-holten-chene-blanc.html,https://www.kitea.com/media/catalog/product/cache/c06d1bb5eedf825ac39d687cd7d5d37e/1/0/10091122922-2.png,kitea,Chambre Adulte,2026-06-11 18:54:58,False,Milieu (1500-4000),kitea_7070
Sommier Tapissé À Coffre - Beige,3090.0,,0.0,https://www.kitea.com/sommier-tapisse-a-coffre-beige.html,https://www.kitea.com/media/catalog/product/cache/c06d1bb5eedf825ac39d687cd7d5d37e/s/o/sommier_coffre_beige_resized_2_2.jpg,kitea,Chambre Adulte,2026-06-11 17:43:45,False,Milieu (1500-4000),kitea_7079
Armoire Kalixtus 2 portes battantes + 2 portes coulissantes - chêne/blanc,3995.0,,0.0,https://www.kitea.com/armoire-kalixtus-2-portes-battantes-2-portes-coulissantes-chene-blanc.html,https://www.kitea.com/media/catalog/product/cache/c06d1bb5eedf825ac39d687cd7d5d37e/d/e/design_sans_titre_-_2026-04-27t160608.306.jpg,kitea,Chambre Adulte,2026-06-11 18:54:41,False,Milieu (1500-4000),kitea_7087
Sommier Tapissé Valkery Florida - Taupe,2790.0,,0.0,https://www.kitea.com/sommier-tapisse-valkery-florida-taupe.html,https://www.kitea.com/media/catalog/product/cache/c06d1bb5eedf825ac39d687cd7d5d37e/f/l/florida_taupe_1.jpg,kitea,Chambre Adulte,2026-06-11 17:43:58,False,Milieu (1500-4000),kitea_7103
Commode Merkur 4Tiroirs - Blanc / Chêne,2795.0,4590.0,39.1,https://www.kitea.com/commode-merkur-4tiroirs-blanc-chene.html,https://www.kitea.com/media/catalog/product/cache/c06d1bb5eedf825ac39d687cd7d5d37e/1/0/10106347784-1.jpg,kitea,Chambre Adulte,2026-06-11 17:43:13,True,Milieu (1500-4000),kitea_7105
Matelas Kinedorsal Airform - Bleu / Blanc,2150.0,,0.0,https://www.kitea.com/matelas-kinedorsal-airform-gris-blanc.html,https://www.kitea.com/media/catalog/product/cache/c06d1bb5eedf825ac39d687cd7d5d37e/k/-/k-airform2_1_.jpg,kitea,Chambre Adulte,2026-06-11 17:43:45,False,Milieu (1500-4000),kitea_7110
Table de chevet suspendue gauche Chelsea - 1 tiroir - chêne/sable,695.0,,0.0,https://www.kitea.com/table-de-chevet-suspendue-gauche-chelsea-1-tiroir-chene-blanc.html,https://www.kitea.com/media/catalog/product/cache/c06d1bb5eedf825ac39d687cd7d5d37e/d/e/design_sans_titre_-_2026-04-23t174320.187.jpg,kitea,Chambre Adulte,2026-06-11 18:54:41,False,Économique (500-1500),kitea_7122
FLINTAN,1099.0,,0.0,https://www.ikea.com/ma/fr/p/flintan-chaise-de-bureau-beige-70492202/,https://www.ikea.com/ma/fr/images/products/flintan-chaise-de-bureau-beige__1007198_pe825954_s5.jpg?f=xxs,ikea,Mobilier Pro,2026-06-11 18:53:20,False,Économique (500-1500),ikea_8
LAGKAPTEN / ALEX,3339.0,,0.0,https://www.ikea.com/ma/fr/p/lagkapten-alex-bureau-blanc-s99431982/,https://www.ikea.com/ma/fr/images/products/lagkapten-alex-bureau-blanc__1022432_pe832720_s5.jpg?f=xxs,ikea,Mobilier Pro,2026-06-11 18:52:32,False,Milieu (1500-4000),ikea_37
LÅNGFJÄLL,3799.0,,0.0,https://www.ikea.com/ma/fr/p/langfjaell-chaise-conference-av-accoudoirs-gunnared-bleu-noir-s59178077/,https://www.ikea.com/ma/fr/images/products/langfjaell-chaise-conference-av-accoudoirs-gunnared-bleu-noir__0725490_pe734885_s5.jpg?f=xxs,ikea,Mobilier Pro,2026-06-11 18:53:20,False,Milieu (1500-4000),ikea_39
IDÅSEN,4899.0,,0.0,https://www.ikea.com/ma/fr/p/idasen-bureau-brun-gris-fonce-s99281039/,https://www.ikea.com/ma/fr/images/products/idasen-bureau-brun-gris-fonce__0736572_pe740626_s5.jpg?f=xxs,ikea,Mobilier Pro,2026-06-11 18:52:35,False,Premium (4000-10k),ikea_50
LAGKAPTEN / LINNMON,1678.0,,0.0,https://www.ikea.com/ma/fr/p/lagkapten-linnmon-bureau-en-l-blanc-s69627971/,https://www.ikea.com/ma/fr/images/products/lagkapten-linnmon-bureau-en-l-blanc__1551895_pe1023161_s5.jpg?f=xxs,ikea,Mobilier Pro,2026-06-11 18:52:30,False,Milieu (1500-4000),ikea_55
LAGKAPTEN / MITTBACK,2139.0,,0.0,https://www.ikea.com/ma/fr/p/lagkapten-mittback-bureau-blanc-bouleau-s19417193/,https://www.ikea.com/ma/fr/images/products/lagkapten-mittback-bureau-blanc-bouleau__0976099_pe813002_s5.jpg?f=xxs,ikea,Mobilier Pro,2026-06-11 18:52:30,False,Milieu (1500-4000),ikea_61
RODULF,499.0,,0.0,https://www.ikea.com/ma/fr/p/rodulf-plateau-blanc-00565503/,https://www.ikea.com/ma/fr/images/products/rodulf-plateau-blanc__1169889_pe892586_s5.jpg?f=xxs,ikea,Mobilier Pro,2026-06-11 18:52:35,False,Entrée (<500),ikea_73
SEGRARE,1499.0,,0.0,https://www.ikea.com/ma/fr/p/segrare-bureau-assis-debout-gris-fonce-40534703/,https://www.ikea.com/ma/fr/images/products/segrare-bureau-assis-debout-gris-fonce__1358982_pe954021_s5.jpg?f=xxs,ikea,Mobilier Pro,2026-06-11 18:52:32,False,Économique (500-1500),ikea_93
MICKE,2495.0,,0.0,https://www.ikea.com/ma/fr/p/micke-bureau-blanc-s09903014/,https://www.ikea.com/ma/fr/images/products/micke-bureau-blanc__0736576_pe740630_s5.jpg?f=xxs,ikea,Mobilier Pro,2026-06-11 18:52:32,False,Milieu (1500-4000),ikea_132
LOBERGET / SIBBEN,359.0,,0.0,https://www.ikea.com/ma/fr/p/loberget-sibben-chaise-de-bureau-enfant-blanc-s59337670/,https://www.ikea.com/ma/fr/images/products/loberget-sibben-chaise-de-bureau-enfant-blanc__0826517_pe776395_s5.jpg?f=xxs,ikea,Mobilier Pro,2026-06-11 18:53:20,False,Entrée (<500),ikea_172
KALLAX / LINNMON,2778.0,,0.0,https://www.ikea.com/ma/fr/p/kallax-linnmon-combinaison-bureau-blanc-effet-chene-blanchi-s79481690/,https://www.ikea.com/ma/fr/images/products/kallax-linnmon-combinaison-bureau-blanc-effet-chene-blanchi__1090553_pe862090_s5.jpg?f=xxs,ikea,Mobilier Pro,2026-06-11 18:52:30,False,Milieu (1500-4000),ikea_225
TROTTEN / FLINTAN,2697.0,,0.0,https://www.ikea.com/ma/fr/p/trotten-flintan-bureau-combinaison-de-rangement-avec-chaise-pivotante-blanc-beige-s59424945/,https://www.ikea.com/ma/fr/images/products/trotten-flintan-bureau-combinaison-de-rangement-avec-chaise-pivotante-blanc-beige__1030305_pe836201_s5.jpg?f=xxs,ikea,Mobilier Pro,2026-06-11 18:52:35,False,Milieu (1500-4000),ikea_240
LAGKAPTEN / SPÄND,1199.0,,0.0,https://www.ikea.com/ma/fr/p/lagkapten-spaend-bureau-blanc-s79563662/,https://www.ikea.com/ma/fr/images/products/lagkapten-spaend-bureau-blanc__1328517_pe944844_s5.jpg?f=xxs,ikea,Mobilier Pro,2026-06-11 18:52:32,False,Économique (500-1500),ikea_244
KRYLBO,1299.0,,0.0,https://www.ikea.com/ma/fr/p/krylbo-chaise-pivotante-tonerud-beige-fonce-30573587/,https://www.ikea.com/ma/fr/images/products/krylbo-chaise-pivotante-tonerud-beige-fonce__1429043_pe981757_s5.jpg?f=xxs,ikea,Mobilier Pro,2026-06-11 18:53:20,False,Économique (500-1500),ikea_248
TROTTEN,3099.0,,0.0,https://www.ikea.com/ma/fr/p/trotten-bureau-assis-debout-blanc-s99429578/,https://www.ikea.com/ma/fr/images/products/trotten-bureau-assis-debout-blanc__1020756_pe831984_s5.jpg?f=xxs,ikea,Mobilier Pro,2026-06-11 18:52:35,False,Milieu (1500-4000),ikea_269
PYNTEN,110.0,,0.0,https://www.ikea.com/ma/fr/p/pynten-coussin-mousse-gris-fonce-30473205/,https://www.ikea.com/ma/fr/images/products/pynten-coussin-mousse-gris-fonce__0805853_pe769702_s5.jpg?f=xxs,ikea,Mobilier Pro,2026-06-11 18:53:20,False,Entrée (<500),ikea_286
BALTSAR,2495.0,,0.0,https://www.ikea.com/ma/fr/p/baltsar-chaise-pivotante-noir-80521242/,https://www.ikea.com/ma/fr/images/products/baltsar-chaise-pivotante-noir__1118654_pe873197_s5.jpg?f=xxs,ikea,Mobilier Pro,2026-06-11 18:53:20,False,Milieu (1500-4000),ikea_322
MITTZON,6999.0,,0.0,https://www.ikea.com/ma/fr/p/mittzon-cloison-fermee-beige-blanc-70528183/,https://www.ikea.com/ma/fr/images/products/mittzon-cloison-fermee-beige-blanc__1294813_pe935539_s5.jpg?f=xxs,ikea,Mobilier Pro,2026-06-11 18:52:35,False,Premium (4000-10k),ikea_332
LINNMON / OLOV,989.0,,0.0,https://www.ikea.com/ma/fr/p/linnmon-olov-bureau-effet-chene-blanchi-noir-s19416358/,https://www.ikea.com/ma/fr/images/products/linnmon-olov-bureau-effet-chene-blanchi-noir__0977215_pe813460_s5.jpg?f=xxs,ikea,Mobilier Pro,2026-06-11 18:52:30,False,Économique (500-1500),ikea_349
KALLAX / LAGKAPTEN,1908.0,,0.0,https://www.ikea.com/ma/fr/p/kallax-lagkapten-combinaison-bureau-blanc-effet-chene-blanchi-s59481667/,https://www.ikea.com/ma/fr/images/products/kallax-lagkapten-combinaison-bureau-blanc-effet-chene-blanchi__1090549_pe862086_s5.jpg?f=xxs,ikea,Mobilier Pro,2026-06-11 18:52:30,False,Milieu (1500-4000),ikea_359
BÄSTBOLL,4999.0,,0.0,https://www.ikea.com/ma/fr/p/baestboll-fauteuil-gamer-bleu-mjuk-gris-clair-80585960/,https://www.ikea.com/ma/fr/images/products/baestboll-fauteuil-gamer-bleu-mjuk-gris-clair__1457820_pe992810_s5.jpg?f=xxs,ikea,Mobilier Pro,2026-06-11 18:53:20,False,Premium (4000-10k),ikea_395
TORALD,325.0,,0.0,https://www.ikea.com/ma/fr/p/torald-bureau-blanc-90493955/,https://www.ikea.com/ma/fr/images/products/torald-bureau-blanc__1055403_pe847976_s5.jpg?f=xxs,ikea,Mobilier Pro,2026-06-11 18:52:32,False,Entrée (<500),ikea_433
STYRSPEL,3499.0,,0.0,https://www.ikea.com/ma/fr/p/styrspel-fauteuil-gamer-gris-fonce-gris-20522032/,https://www.ikea.com/ma/fr/images/products/styrspel-fauteuil-gamer-gris-fonce-gris__1115362_pe872046_s5.jpg?f=xxs,ikea,Mobilier Pro,2026-06-11 18:53:20,False,Milieu (1500-4000),ikea_441
ÖRFJÄLL,1299.0,,0.0,https://www.ikea.com/ma/fr/p/oerfjaell-chaise-pivotante-blanc-vissle-gris-clair-s49416012/,https://www.ikea.com/ma/fr/images/products/oerfjaell-chaise-pivotante-blanc-vissle-gris-clair__0978008_pe813981_s5.jpg?f=xxs,ikea,Mobilier Pro,2026-06-11 18:53:20,False,Économique (500-1500),ikea_484
UTESPELARE,2499.0,,0.0,https://www.ikea.com/ma/fr/p/utespelare-bureau-gamer-decor-frene-gris-10571532/,https://www.ikea.com/ma/fr/images/products/utespelare-bureau-gamer-decor-frene-gris__1238416_pe918475_s5.jpg?f=xxs,ikea,Mobilier Pro,2026-06-11 18:52:32,False,Milieu (1500-4000),ikea_485
LÖPARBANA,1999.0,,0.0,https://www.ikea.com/ma/fr/p/loeparbana-fauteuil-gamer-vissle-gris-fonce-60586324/,https://www.ikea.com/ma/fr/images/products/loeparbana-fauteuil-gamer-vissle-gris-fonce__1368691_pe957864_s5.jpg?f=xxs,ikea,Mobilier Pro,2026-06-11 18:53:20,False,Milieu (1500-4000),ikea_497
MARKUS,3648.0,,0.0,https://www.ikea.com/ma/fr/p/markus-chaise-de-bureau-av-accoudoirs-avec-protection-de-sol-gris-fonce-s99628035/,https://www.ikea.com/ma/fr/images/products/markus-chaise-de-bureau-av-accoudoirs-avec-protection-de-sol-gris-fonce__1531312_pe1015577_s5.jpg?f=xxs,ikea,Mobilier Pro,2026-06-11 18:53:20,False,Milieu (1500-4000),ikea_508
LINNMON/ADILS / HELMER,1748.0,,0.0,https://www.ikea.com/ma/fr/p/linnmon-adils-helmer-bureau-combinaison-de-rangement-blanc-s89620742/,https://www.ikea.com/ma/fr/images/products/linnmon-adils-helmer-bureau-combinaison-de-rangement-blanc__1486139_pe1002311_s5.jpg?f=xxs,ikea,Mobilier Pro,2026-06-11 18:52:30,False,Milieu (1500-4000),ikea_532
HUVUDSPELARE,1099.0,,0.0,https://www.ikea.com/ma/fr/p/huvudspelare-fauteuil-gamer-noir-90507603/,https://www.ikea.com/ma/fr/images/products/huvudspelare-fauteuil-gamer-noir__1039672_pe840417_s5.jpg?f=xxs,ikea,Mobilier Pro,2026-06-11 18:53:20,False,Économique (500-1500),ikea_537
MULLSJÖ,2999.0,,0.0,https://www.ikea.com/ma/fr/p/mullsjoe-bureau-plaque-chene-30553240/,https://www.ikea.com/ma/fr/images/products/mullsjoe-bureau-plaque-chene__1351177_pe951915_s5.jpg?f=xxs,ikea,Mobilier Pro,2026-06-11 18:52:32,False,Milieu (1500-4000),ikea_540
ALEFJÄLL,4999.0,,0.0,https://www.ikea.com/ma/fr/p/alefjaell-chaise-de-bureau-glose-noir-70367458/,https://www.ikea.com/ma/fr/images/products/alefjaell-chaise-de-bureau-glose-noir__0724715_pe734598_s5.jpg?f=xxs,ikea,Mobilier Pro,2026-06-11 18:53:20,False,Premium (4000-10k),ikea_581
MILLBERGET,1999.0,,0.0,https://www.ikea.com/ma/fr/p/millberget-chaise-pivotante-murum-noir-70489394/,https://www.ikea.com/ma/fr/images/products/millberget-chaise-pivotante-murum-noir__1020142_pe831799_s5.jpg?f=xxs,ikea,Mobilier Pro,2026-06-11 18:53:20,False,Milieu (1500-4000),ikea_633
LINNMON / SPÄND,749.0,,0.0,https://www.ikea.com/ma/fr/p/linnmon-spaend-bureau-blanc-s69563865/,https://www.ikea.com/ma/fr/images/products/linnmon-spaend-bureau-blanc__1328492_pe944819_s5.jpg?f=xxs,ikea,Mobilier Pro,2026-06-11 18:52:32,False,Économique (500-1500),ikea_641
BOLLPOJKE,1499.0,,0.0,https://www.ikea.com/ma/fr/p/bollpojke-bureau-pin-blanc-00591366/,https://www.ikea.com/ma/fr/images/products/bollpojke-bureau-pin-blanc__1437160_pe984393_s5.jpg?f=xxs,ikea,Mobilier Pro,2026-06-11 18:52:32,False,Économique (500-1500),ikea_683
KJELLARNE,1499.0,,0.0,https://www.ikea.com/ma/fr/p/kjellarne-bureau-dangle-blanc-40613677/,https://www.ikea.com/ma/fr/images/products/kjellarne-bureau-dangle-blanc__1433273_pe983192_s5.jpg?f=xxs,ikea,Mobilier Pro,2026-06-11 18:52:32,False,Économique (500-1500),ikea_722
BLECKBERGET,1099.0,,0.0,https://www.ikea.com/ma/fr/p/bleckberget-chaise-pivotante-klovsta-blanc-gris-80573269/,https://www.ikea.com/ma/fr/images/products/bleckberget-chaise-pivotante-klovsta-blanc-gris__1305680_pe939572_s5.jpg?f=xxs,ikea,Mobilier Pro,2026-06-11 18:53:20,False,Économique (500-1500),ikea_770
RENBERGET,999.0,,0.0,https://www.ikea.com/ma/fr/p/renberget-chaise-pivotante-bomstad-noir-60493546/,https://www.ikea.com/ma/fr/images/products/renberget-chaise-pivotante-bomstad-noir__1020135_pe831794_s5.jpg?f=xxs,ikea,Mobilier Pro,2026-06-11 18:53:20,False,Économique (500-1500),ikea_786
LAGKAPTEN / OLOV,1219.0,,0.0,https://www.ikea.com/ma/fr/p/lagkapten-olov-bureau-blanc-s99417170/,https://www.ikea.com/ma/fr/images/products/lagkapten-olov-bureau-blanc__0976090_pe812988_s5.jpg?f=xxs,ikea,Mobilier Pro,2026-06-11 18:52:30,False,Économique (500-1500),ikea_800
LAGKAPTEN / ADILS,979.0,,0.0,https://www.ikea.com/ma/fr/p/lagkapten-adils-bureau-effet-chene-blanchi-blanc-s99417207/,https://www.ikea.com/ma/fr/images/products/lagkapten-adils-bureau-effet-chene-blanchi-blanc__0976096_pe812994_s5.jpg?f=xxs,ikea,Mobilier Pro,2026-06-11 18:52:30,False,Économique (500-1500),ikea_814
MATCHSPEL,2299.0,,0.0,https://www.ikea.com/ma/fr/p/matchspel-fauteuil-gamer-bomstad-noir-80507608/,https://www.ikea.com/ma/fr/images/products/matchspel-fauteuil-gamer-bomstad-noir__0985645_pe816716_s5.jpg?f=xxs,ikea,Mobilier Pro,2026-06-11 18:53:20,False,Milieu (1500-4000),ikea_816
LINNMON / ADILS,749.0,,0.0,https://www.ikea.com/ma/fr/p/linnmon-adils-table-blanc-s29932181/,https://www.ikea.com/ma/fr/images/products/linnmon-adils-table-blanc__0737165_pe740925_s5.jpg?f=xxs,ikea,Mobilier Pro,2026-06-11 18:52:32,False,Économique (500-1500),ikea_819
KOLON,349.0,,0.0,https://www.ikea.com/ma/fr/p/kolon-protection-pour-sol-44881100/,https://www.ikea.com/ma/fr/images/products/kolon-protection-pour-sol__0292207_pe425129_s5.jpg?f=xxs,ikea,Mobilier Pro,2026-06-11 18:53:20,False,Entrée (<500),ikea_822
JÄRVFJÄLLET,3999.0,,0.0,https://www.ikea.com/ma/fr/p/jaervfjaellet-chaise-de-bureau-av-accoudoirs-grann-blanc-40521852/,https://www.ikea.com/ma/fr/images/products/jaervfjaellet-chaise-de-bureau-av-accoudoirs-grann-blanc__1078845_pe857303_s5.jpg?f=xxs,ikea,Mobilier Pro,2026-06-11 18:53:20,False,Milieu (1500-4000),ikea_875
Kitea Bureau LAFABRICA - Beige / Gris,2390.0,2690.0,11.0,https://www.jumia.ma/kitea-bureau-lafabrica-beige-gris-63343647.html,https://ma.jumia.is/unsafe/fit-in/300x300/filters:fill(white)/product/74/634336/1.jpg?9759,jumia,Mobilier Pro,2026-06-11 18:51:24,True,Milieu (1500-4000),jumia_1017
Table d'Appoint Design en Forme de C - Petite Table Basse Ronde pour Salon et Chambre - Style Industriel et Moderne,916.83,,0.0,https://www.jumia.ma/table-dappoint-design-en-forme-de-c-petite-table-basse-ronde-pour-salon-et-chambre-style-industriel-et-moderne-generic-mpg1602390.html,https://ma.jumia.is/unsafe/fit-in/300x300/filters:fill(white)/product/55/249776/1.jpg?5381,jumia,Mobilier Pro,2026-06-11 18:51:31,False,Économique (500-1500),jumia_1019
Bureau gaming Seis 136cm - noir/bleu,1499.0,2199.0,32.0,https://www.jumia.ma/generic-bureau-gaming-seis-136cm-noirbleu-65301238.html,https://ma.jumia.is/unsafe/fit-in/300x300/filters:fill(white)/product/83/210356/1.jpg?3591,jumia,Mobilier Pro,2026-06-11 18:51:01,True,Économique (500-1500),jumia_1029
Kitea Bureau OSIRIS - Blanc,795.0,,0.0,https://www.jumia.ma/kitea-bureau-osiris-blanc-63343591.html,https://ma.jumia.is/unsafe/fit-in/300x300/filters:fill(white)/product/19/534336/1.jpg?9770,jumia,Mobilier Pro,2026-06-11 18:50:42,False,Économique (500-1500),jumia_1032
"Multifonctions Table Lux Et Moderne avec roulettes Anti-chute,",229.0,400.0,43.0,https://www.jumia.ma/generic-multifonctions-table-lux-et-moderne-avec-roulettes-anti-chute-67916984.html,https://ma.jumia.is/unsafe/fit-in/300x300/filters:fill(white)/product/48/961976/1.jpg?4767,jumia,Mobilier Pro,2026-06-11 18:51:01,True,Entrée (<500),jumia_1035
Afer VASAGLE Bibliothèque à 6 niveau,1499.0,,0.0,https://www.jumia.ma/afer-vasagle-bibliotheque-a-6-niveau-40801583.html,https://ma.jumia.is/unsafe/fit-in/300x300/filters:fill(white)/product/38/510804/1.jpg?5633,jumia,Mobilier Pro,2026-06-11 18:51:24,False,Économique (500-1500),jumia_1064
"Déplacez, rangez, profitez : tout devient facile",230.51,299.0,23.0,https://www.jumia.ma/generic-deplacez-rangez-profitez-tout-devient-facile-67882026.html,https://ma.jumia.is/unsafe/fit-in/300x300/filters:fill(white)/product/62/028876/1.jpg?3678,jumia,Mobilier Pro,2026-06-11 18:51:14,True,Entrée (<500),jumia_1069
Algo Classeur à Levier A4 Papier Nuageux,40.0,,0.0,https://www.jumia.ma/algo-classeur-a-levier-a4-papier-nuageux-67844522.html,https://ma.jumia.is/unsafe/fit-in/300x300/filters:fill(white)/product/22/544876/1.jpg?8817,jumia,Mobilier Pro,2026-06-11 18:51:24,False,Entrée (<500),jumia_1071
"Table à thé / Chevet taille moderne Table basse coin,table à thé mobile moderne et simple pour le salon et la chambre,Table d’Appoint Moderne en Forme de C – Petite Table Basse en Bois et Métal pour Salon ou Chambre, Design Élégant et Compact",169.0,260.0,35.0,https://www.jumia.ma/table-a-the-chevet-taille-moderne-table-basse-cointable-a-the-mobile-moderne-et-simple-pour-le-salon-et-la-chambretable-dappoint-moderne-en-forme-de-c-petite-table-basse-en-bois-et-metal-pour-salon-ou-chambre-design-elegant-et-compact-generic-mpg1568149.h-mpg1568149.html,https://ma.jumia.is/unsafe/fit-in/300x300/filters:fill(white)/product/53/289476/1.jpg?5528,jumia,Mobilier Pro,2026-06-11 18:50:51,True,Entrée (<500),jumia_1076
Bibliothèque Voira chêne / noir,1649.0,1899.0,13.0,https://www.jumia.ma/bibliotheque-voira-chene-noir-generic-mpg1465274.html,https://ma.jumia.is/unsafe/fit-in/300x300/filters:fill(white)/product/27/862646/1.jpg?0247,jumia,Mobilier Pro,2026-06-11 18:50:51,True,Milieu (1500-4000),jumia_1078
Bibliothèque à 5 niveaux,359.1,470.0,24.0,https://www.jumia.ma/generic-bibliotheque-a-5-niveaux-63791416.html,https://ma.jumia.is/unsafe/fit-in/300x300/filters:fill(white)/product/61/419736/1.jpg?3303,jumia,Mobilier Pro,2026-06-11 18:50:51,True,Entrée (<500),jumia_1118
Kitea Bibliothèque FLEXI Avec 5 Niches - Blanc / Gris Clair,1990.0,,0.0,https://www.jumia.ma/kitea-bibliotheque-flexi-avec-5-niches-blanc-gris-clair-63343930.html,https://ma.jumia.is/unsafe/fit-in/300x300/filters:fill(white)/product/03/934336/1.jpg?9826,jumia,Mobilier Pro,2026-06-11 18:50:51,False,Milieu (1500-4000),jumia_1131
Kitea Bibliothèque ACCESS 10 niches – Blanc/Chêne,1495.0,,0.0,https://www.jumia.ma/kitea-bibliotheque-access-10-niches-blancchene-67225615.html,https://ma.jumia.is/unsafe/fit-in/300x300/filters:fill(white)/product/51/652276/1.jpg?3599,jumia,Mobilier Pro,2026-06-11 18:51:14,False,Économique (500-1500),jumia_1135
"Kitea Élément De Rangement DISEGNO ART 6 NICHES 81,6cm - Beige",2495.0,,0.0,https://www.jumia.ma/kitea-element-de-rangement-disegno-art-6-niches-816cm-beige-66173032.html,https://ma.jumia.is/unsafe/fit-in/300x300/filters:fill(white)/product/23/037166/1.jpg?6626,jumia,Mobilier Pro,2026-06-11 18:51:14,False,Milieu (1500-4000),jumia_1143
Dansmamaison.ma MAXIM Bureau Assis-Debout électrique - Blanc,2138.0,3600.0,41.0,https://www.jumia.ma/dansmamaison.ma-maxim-bureau-assis-debout-electrique-blanc-67281058.html,https://ma.jumia.is/unsafe/fit-in/300x300/filters:fill(white)/product/85/018276/1.jpg?9123,jumia,Mobilier Pro,2026-06-11 18:50:42,True,Milieu (1500-4000),jumia_1156
"Table de Lit & Canapé Premium – 2en1 Inclinable et Ajustable, Design Élégant 40*30cm",169.0,260.0,35.0,https://www.jumia.ma/generic-table-de-lit-canape-premium-2en1-inclinable-et-ajustable-design-elegant-4030cm-67868061.html,https://ma.jumia.is/unsafe/fit-in/300x300/filters:fill(white)/product/16/086876/1.jpg?1525,jumia,Mobilier Pro,2026-06-11 18:50:42,True,Entrée (<500),jumia_1158
"Lot de 8 Patins Antidérapants et Antivibrations – Supports pour Machine à Laver, Canapé et Meubles",86.4,144.0,40.0,https://www.jumia.ma/generic-lot-de-8-patins-antiderapants-et-antivibrations-supports-pour-machine-a-laver-canape-et-meubles-67242780.html,https://ma.jumia.is/unsafe/fit-in/300x300/filters:fill(white)/product/08/724276/1.jpg?8677,jumia,Mobilier Pro,2026-06-11 18:51:24,True,Entrée (<500),jumia_1165
Bureau Limber avec Étagères,1499.0,,0.0,https://www.jumia.ma/generic-bureau-limber-avec-etageres-41747275.html,https://ma.jumia.is/unsafe/fit-in/300x300/filters:fill(white)/product/57/274714/1.jpg?1247,jumia,Mobilier Pro,2026-06-11 18:51:01,False,Économique (500-1500),jumia_1171
Bibliothèque verrouillable Sakena blanc,1499.0,1899.0,21.0,https://www.jumia.ma/bibliotheque-verrouillable-sakena-blanc-generic-mpg1474924.html,https://ma.jumia.is/unsafe/fit-in/300x300/filters:fill(white)/product/17/862646/1.jpg?0249,jumia,Mobilier Pro,2026-06-11 18:51:14,True,Économique (500-1500),jumia_1202
"Bibliothèque en bois à 5 niveaux en forme d'arbre, étagère de rangement",389.0,450.0,14.0,https://www.jumia.ma/generic-bibliotheque-en-bois-a-5-niveaux-en-forme-darbre-etagere-de-rangement-65453344.html,https://ma.jumia.is/unsafe/fit-in/300x300/filters:fill(white)/product/44/335456/1.jpg?0435,jumia,Mobilier Pro,2026-06-11 18:50:51,True,Entrée (<500),jumia_1205
Bibliothèque moderne en bois mdf 75x45x24cm,549.0,650.0,16.0,https://www.jumia.ma/generic-bibliotheque-moderne-en-bois-mdf-75x45x24cm-65589020.html,https://ma.jumia.is/unsafe/fit-in/300x300/filters:fill(white)/product/02/098556/1.jpg?4686,jumia,Mobilier Pro,2026-06-11 18:51:14,True,Économique (500-1500),jumia_1211
"Accord Porte badge 90*60 horizontal, 50 pcs.",299.0,369.0,19.0,https://www.jumia.ma/accord-porte-badge-9060-horizontal-50-pcs.-67295852.html,https://ma.jumia.is/unsafe/fit-in/300x300/filters:fill(white)/product/25/859276/1.jpg?9320,jumia,Mobilier Pro,2026-06-11 18:51:24,True,Entrée (<500),jumia_1228
Bureau d'Ordinateur Moderne - Table de Travail et d'Étude Ergonomique - Design Élégant et Robuste - 120 x 60 x 80 cm - Noir,2129.63,2981.48,29.0,https://www.jumia.ma/generic-bureau-dordinateur-moderne-table-de-travail-et-detude-ergonomique-design-elegant-et-robuste-120-x-60-x-80-cm-noir-67733418.html,https://ma.jumia.is/unsafe/fit-in/300x300/filters:fill(white)/product/81/433776/1.jpg?2568,jumia,Mobilier Pro,2026-06-11 18:51:24,True,Milieu (1500-4000),jumia_1240
Bureau gaming Yannick 160x60x80cm SANS LED,1899.0,3399.0,44.0,https://www.jumia.ma/generic-bureau-gaming-yannick-160x60x80cm-sans-led-65301221.html,https://ma.jumia.is/unsafe/fit-in/300x300/filters:fill(white)/product/12/210356/1.jpg?3600,jumia,Mobilier Pro,2026-06-11 18:51:01,True,Milieu (1500-4000),jumia_1280
"Etagère de rangement pour bibliothèque, 2 niveaux",339.0,499.0,32.0,https://www.jumia.ma/generic-etagere-de-rangement-pour-bibliotheque-2-niveaux-63361709.html,https://ma.jumia.is/unsafe/fit-in/300x300/filters:fill(white)/product/90/716336/1.jpg?5926,jumia,Mobilier Pro,2026-06-11 18:50:42,True,Entrée (<500),jumia_1292
Kitea Bureau BEACH - Blanc,1790.0,,0.0,https://www.jumia.ma/kitea-bureau-beach-blanc-63343322.html,https://ma.jumia.is/unsafe/fit-in/300x300/filters:fill(white)/product/22/334336/1.jpg?9728,jumia,Mobilier Pro,2026-06-11 18:50:42,False,Milieu (1500-4000),jumia_1293
bureau informatique,1799.0,,0.0,https://www.jumia.ma/generic-bureau-informatique-62977286.html,https://ma.jumia.is/unsafe/fit-in/300x300/filters:fill(white)/product/68/277926/1.jpg?0251,jumia,Mobilier Pro,2026-06-11 18:51:14,False,Milieu (1500-4000),jumia_1297
"Un meuble en bois avec trois étagères, pouvant servir de bibliothèque et de meuble d'appoint",449.0,550.0,19.0,https://www.jumia.ma/generic-un-meuble-en-bois-avec-trois-etageres-pouvant-servir-de-bibliotheque-et-de-meuble-dappoint-65641378.html,https://ma.jumia.is/unsafe/fit-in/300x300/filters:fill(white)/product/87/314656/1.jpg?5185,jumia,Mobilier Pro,2026-06-11 18:51:14,True,Entrée (<500),jumia_1316
Table d'appoint moderne en bois,179.0,,0.0,https://www.jumia.ma/generic-table-dappoint-moderne-en-bois-67336443.html,https://ma.jumia.is/unsafe/fit-in/300x300/filters:fill(white)/product/34/463376/1.jpg?9703,jumia,Mobilier Pro,2026-06-11 18:51:24,False,Entrée (<500),jumia_1333
"Rallonge de support de bras d'ordinateur coudé réglable, support d'assistant ergonomique, rallonge de bureau Bibliothèques",119.0,260.0,54.0,https://www.jumia.ma/generic-rallonge-de-support-de-bras-dordinateur-coude-reglable-support-dassistant-ergonomique-rallonge-de-bureau-bibliotheques-66093031.html,https://ma.jumia.is/unsafe/fit-in/300x300/filters:fill(white)/product/13/039066/1.jpg?3891,jumia,Mobilier Pro,2026-06-11 18:51:14,True,Entrée (<500),jumia_1348
2 Étagère de bureau en bois Organisateur de rangement compact et élégant,289.0,599.0,52.0,https://www.jumia.ma/generic-2-etagere-de-bureau-en-bois-organisateur-de-rangement-compact-et-elegant-67583938.html,https://ma.jumia.is/unsafe/fit-in/300x300/filters:fill(white)/product/83/938576/1.jpg?0621,jumia,Mobilier Pro,2026-06-11 18:51:14,True,Entrée (<500),jumia_1354
Kitea Bureau D'angle CORNER Avec 4 Niches - Chêne Shannon,1190.0,1790.0,34.0,https://www.jumia.ma/kitea-bureau-dangle-corner-avec-4-niches-chene-shannon-62688469.html,https://ma.jumia.is/unsafe/fit-in/300x300/filters:fill(white)/product/96/488626/1.jpg?8887,jumia,Mobilier Pro,2026-06-11 18:50:42,True,Économique (500-1500),jumia_1357
Ensemble Bureau,215.0,,0.0,https://www.jumia.ma/bureautique-ensemble-bureau-67721289.html,https://ma.jumia.is/unsafe/fit-in/300x300/filters:fill(white)/product/98/212776/1.jpg?9309,jumia,Mobilier Pro,2026-06-11 18:50:51,False,Entrée (<500),jumia_1358
Étagère de rangement de bibliothèque,1099.0,,0.0,https://www.jumia.ma/generic-etagere-de-rangement-de-bibliotheque-40356246.html,https://ma.jumia.is/unsafe/fit-in/300x300/filters:fill(white)/product/64/265304/1.jpg?9300,jumia,Mobilier Pro,2026-06-11 18:51:01,False,Économique (500-1500),jumia_1381
Table Pliante Polyvalente – Bureau de Lit en Bois MDF - Bureau d'enfant,109.0,150.0,27.0,https://www.jumia.ma/generic-table-pliante-polyvalente-bureau-de-lit-en-bois-mdf-bureau-denfant-67878698.html,https://ma.jumia.is/unsafe/fit-in/300x300/filters:fill(white)/product/89/687876/1.jpg?8291,jumia,Mobilier Pro,2026-06-11 18:50:42,True,Entrée (<500),jumia_1398
"étagère à livres de bureau, bibliothèque de conception créative, armoire en bois MDF",278.1,450.0,38.0,https://www.jumia.ma/generic-etagere-a-livres-de-bureau-bibliotheque-de-conception-creative-armoire-en-bois-mdf-67911189.html,https://ma.jumia.is/unsafe/fit-in/300x300/filters:fill(white)/product/98/111976/1.jpg?9714,jumia,Mobilier Pro,2026-06-11 18:51:24,True,Entrée (<500),jumia_1414
Kitea Bibliothèque GLOBO - Chêne Marron / Blanc,2495.0,2990.0,17.0,https://www.jumia.ma/kitea-bibliotheque-globo-chene-marron-blanc-63343943.html,https://ma.jumia.is/unsafe/fit-in/300x300/filters:fill(white)/product/34/934336/1.jpg?9824,jumia,Mobilier Pro,2026-06-11 18:50:42,True,Milieu (1500-4000),jumia_1421
Bibliothèque ouverte Sezie avec pieds blancs décoratifs,1999.0,,0.0,https://www.jumia.ma/generic-bibliotheque-ouverte-sezie-avec-pieds-blancs-decoratifs-62320889.html,https://ma.jumia.is/unsafe/fit-in/300x300/filters:fill(white)/product/98/802326/1.jpg?6506,jumia,Mobilier Pro,2026-06-11 18:51:14,False,Milieu (1500-4000),jumia_1426
BUREAU AVEC ÉTAGÈRE DE RANGEMENT,2499.0,,0.0,https://www.jumia.ma/generic-bureau-avec-etagere-de-rangement-62977290.html,https://ma.jumia.is/unsafe/fit-in/300x300/filters:fill(white)/product/09/277926/1.jpg?0250,jumia,Mobilier Pro,2026-06-11 18:51:14,False,Milieu (1500-4000),jumia_1437
"Étagère de rangement ouverte à 2 niveaux chambre d'enfant et salle de bain, noir",399.0,499.0,20.0,https://www.jumia.ma/generic-etagere-de-rangement-ouverte-a-2-niveaux-chambre-denfant-et-salle-de-bain-noir-63361708.html,https://ma.jumia.is/unsafe/fit-in/300x300/filters:fill(white)/product/80/716336/1.jpg?5925,jumia,Mobilier Pro,2026-06-11 18:50:51,True,Entrée (<500),jumia_1453
Bibliothèque pour livres en forme,389.0,600.0,35.0,https://www.jumia.ma/generic-bibliotheque-pour-livres-en-forme-58206689.html,https://ma.jumia.is/unsafe/fit-in/300x300/filters:fill(white)/product/98/660285/1.jpg?8768,jumia,Mobilier Pro,2026-06-11 18:51:24,True,Entrée (<500),jumia_1473
Bureau gaming Seis 136cm - noir/rouge,1499.0,2199.0,32.0,https://www.jumia.ma/generic-bureau-gaming-seis-136cm-noirrouge-65301222.html,https://ma.jumia.is/unsafe/fit-in/300x300/filters:fill(white)/product/22/210356/1.jpg?3599,jumia,Mobilier Pro,2026-06-11 18:51:01,True,Économique (500-1500),jumia_1545
Tapis de Chaise Bureau Moquette Transparent 90x119cm Protection Sol Durable Anti-rayures Facile à Nettoyer,465.0,604.5,23.0,https://www.jumia.ma/generic-tapis-de-chaise-bureau-moquette-transparent-90x119cm-protection-sol-durable-anti-rayures-facile-a-nettoyer-67641873.html,https://ma.jumia.is/unsafe/fit-in/300x300/filters:fill(white)/product/37/814676/1.jpg?6381,jumia,Mobilier Pro,2026-06-11 18:51:24,True,Entrée (<500),jumia_1548
Table d'appoint en forme C Table basse mobile petit table Table de canapé,169.0,198.0,15.0,https://www.jumia.ma/generic-table-dappoint-en-forme-c-table-basse-mobile-petit-table-table-de-canape-66094902.html,https://ma.jumia.is/unsafe/fit-in/300x300/filters:fill(white)/product/20/949066/1.jpg?3200,jumia,Mobilier Pro,2026-06-11 18:50:51,True,Entrée (<500),jumia_1562
Kitea Bibliothèque BOLZANO AVEC LED Chêne Béton,3995.0,6495.0,39.0,https://www.jumia.ma/kitea-bibliotheque-bolzano-avec-led-chene-beton-65974073.html,https://ma.jumia.is/unsafe/fit-in/300x300/filters:fill(white)/product/37/047956/1.jpg?9246,jumia,Mobilier Pro,2026-06-11 18:51:24,True,Milieu (1500-4000),jumia_1566
BUREAU FILIBERTO - BLANC,1899.0,,0.0,https://www.jumia.ma/generic-bureau-filiberto-blanc-62977302.html,https://ma.jumia.is/unsafe/fit-in/300x300/filters:fill(white)/product/20/377926/1.jpg?0247,jumia,Mobilier Pro,2026-06-11 18:51:24,False,Milieu (1500-4000),jumia_1581
"Table d'appoint de canapé, table d'appoint rotative à 180° en forme de C, table d'appoint portable pour ordinateur portable, table de chevet pour petits espaces, salon, chambre.",169.0,299.0,44.0,https://www.jumia.ma/table-dappoint-de-canape-table-dappoint-rotative-a-180-en-forme-de-c-table-dappoint-portable-pour-ordinateur-portable-table-de-chevet-pour-petits-espaces-salon-chambre.-generic-mpg1606751.html,https://ma.jumia.is/unsafe/fit-in/300x300/filters:fill(white)/product/31/262576/1.jpg?9248,jumia,Mobilier Pro,2026-06-11 18:50:42,True,Entrée (<500),jumia_1672
Bureau Design Compact 48x95cm Chêne et Blanc avec Tiroir et Étagère Rangement Optimal Style Moderne Durable,1439.0,1870.7,23.0,https://www.jumia.ma/generic-bureau-design-compact-48x95cm-chene-et-blanc-avec-tiroir-et-etagere-rangement-optimal-style-moderne-durable-67640804.html,https://ma.jumia.is/unsafe/fit-in/300x300/filters:fill(white)/product/40/804676/1.jpg?0754,jumia,Mobilier Pro,2026-06-11 18:51:24,True,Économique (500-1500),jumia_1707
"Chaise Pliable Pliante, Tabouret Chaise Réglable pour Voyage, Plage, Camping",407.12,,0.0,https://www.jumia.ma/generic-chaise-pliable-pliante-tabouret-chaise-reglable-pour-voyage-plage-camping-67822665.html,https://ma.jumia.is/unsafe/fit-in/300x300/filters:fill(white)/product/56/622876/1.jpg?6266,jumia,Mobilier Pro,2026-06-11 18:51:24,False,Entrée (<500),jumia_1773
"Étagère à 3 Niveaux - Bibliothèque, pour Salon, Chambre, Bureau",467.1,600.0,22.0,https://www.jumia.ma/generic-etagere-a-3-niveaux-bibliotheque-pour-salon-chambre-bureau-65596806.html,https://ma.jumia.is/unsafe/fit-in/300x300/filters:fill(white)/product/60/869556/1.jpg?8645,jumia,Mobilier Pro,2026-06-11 18:50:42,True,Entrée (<500),jumia_1786
Kitea Bureau AMBRE - Blanc,1790.0,,0.0,https://www.jumia.ma/kitea-bureau-ambre-blanc-62842357.html,https://ma.jumia.is/unsafe/fit-in/300x300/filters:fill(white)/product/75/324826/1.jpg?2199,jumia,Mobilier Pro,2026-06-11 18:50:51,False,Milieu (1500-4000),jumia_1787
"Étagère d'angle à 4 niveaux, bibliothèque de plantes, bois MDF, blanc",593.1,1000.0,41.0,https://www.jumia.ma/generic-etagere-dangle-a-4-niveaux-bibliotheque-de-plantes-bois-mdf-blanc-67231223.html,https://ma.jumia.is/unsafe/fit-in/300x300/filters:fill(white)/product/32/213276/1.jpg?7749,jumia,Mobilier Pro,2026-06-11 18:50:42,True,Économique (500-1500),jumia_1819
Bureau gaming Yannick 150x70x85cm SANS LED,1499.0,3399.0,56.0,https://www.jumia.ma/generic-bureau-gaming-yannick-150x70x85cm-sans-led-65108374.html,https://ma.jumia.is/unsafe/fit-in/300x300/filters:fill(white)/product/47/380156/1.jpg?3870,jumia,Mobilier Pro,2026-06-11 18:51:01,True,Économique (500-1500),jumia_1821
Kitea Bibliothèque PEGGY 5 Niveaux - Blanc,995.0,1495.0,33.0,https://www.jumia.ma/kitea-bibliotheque-peggy-5-niveaux-blanc-66194400.html,https://ma.jumia.is/unsafe/fit-in/300x300/filters:fill(white)/product/00/449166/1.jpg?2945,jumia,Mobilier Pro,2026-06-11 18:51:01,True,Économique (500-1500),jumia_1850
Kitea Bureau De Direction DISEGNO GLOSS - Blanc,4995.0,,0.0,https://www.jumia.ma/kitea-bureau-de-direction-disegno-gloss-blanc-63343353.html,https://ma.jumia.is/unsafe/fit-in/300x300/filters:fill(white)/product/35/334336/1.jpg?9722,jumia,Mobilier Pro,2026-06-11 18:51:01,False,Premium (4000-10k),jumia_1852
Bibliothèque moderne en bois mdf 55x45x20cm,422.1,650.0,35.0,https://www.jumia.ma/generic-bibliotheque-moderne-en-bois-mdf-55x45x20cm-65589023.html,https://ma.jumia.is/unsafe/fit-in/300x300/filters:fill(white)/product/32/098556/1.jpg?4684,jumia,Mobilier Pro,2026-06-11 18:51:24,True,Entrée (<500),jumia_1860
Table de chevet Blanc brillant 35x35x55 cm,323.0,600.0,46.0,https://www.jumia.ma/generic-table-de-chevet-blanc-brillant-35x35x55-cm-67393644.html,https://ma.jumia.is/unsafe/fit-in/300x300/filters:fill(white)/product/44/639376/1.jpg?1754,jumia,Mobilier Pro,2026-06-11 18:50:51,True,Entrée (<500),jumia_1877
Kitea Bureau MALICIA - Blanc,2190.0,2990.0,27.0,https://www.jumia.ma/kitea-bureau-malicia-blanc-63343551.html,https://ma.jumia.is/unsafe/fit-in/300x300/filters:fill(white)/product/15/534336/1.jpg?9669,jumia,Mobilier Pro,2026-06-11 18:51:01,True,Milieu (1500-4000),jumia_1890
bibliotheque avec etagere en bois mdf elegant,799.0,999.0,20.0,https://www.jumia.ma/generic-bibliotheque-avec-etagere-en-bois-mdf-elegant-66967127.html,https://ma.jumia.is/unsafe/fit-in/300x300/filters:fill(white)/product/72/176966/1.jpg?6863,jumia,Mobilier Pro,2026-06-11 18:51:01,True,Économique (500-1500),jumia_1941
Kitea Bureau RIO Office Avec Retour – Marron,2499.0,,0.0,https://www.jumia.ma/kitea-bureau-rio-office-avec-retour-marron-64689916.html,https://ma.jumia.is/unsafe/fit-in/300x300/filters:fill(white)/product/61/998646/1.jpg?6766,jumia,Mobilier Pro,2026-06-11 18:50:42,False,Milieu (1500-4000),jumia_1981
Kitea Bureau SELENE - Blanc,1990.0,,0.0,https://www.jumia.ma/kitea-bureau-selene-blanc-62688466.html,https://ma.jumia.is/unsafe/fit-in/300x300/filters:fill(white)/product/66/488626/1.jpg?8889,jumia,Mobilier Pro,2026-06-11 18:51:14,False,Milieu (1500-4000),jumia_1995
Kitea Élément De Rangement DISEGNO ART 6 NICHES 44cm - Beige,2195.0,,0.0,https://www.jumia.ma/kitea-element-de-rangement-disegno-art-6-niches-44cm-beige-66304375.html,https://ma.jumia.is/unsafe/fit-in/300x300/filters:fill(white)/product/57/340366/1.jpg?4165,jumia,Mobilier Pro,2026-06-11 18:51:01,False,Milieu (1500-4000),jumia_2012
Bibliothèque Unfoolic 140 cm,1799.0,,0.0,https://www.jumia.ma/generic-bibliotheque-unfoolic-140-cm-62300945.html,https://ma.jumia.is/unsafe/fit-in/300x300/filters:fill(white)/product/54/900326/1.jpg?5308,jumia,Mobilier Pro,2026-06-11 18:51:14,False,Milieu (1500-4000),jumia_2025
Kitea Chaise LIF - Noir,1390.0,2500.0,44.0,https://www.jumia.ma/kitea-chaise-lif-noir-67347676.html,https://ma.jumia.is/unsafe/fit-in/300x300/filters:fill(white)/product/67/674376/1.jpg?5928,jumia,Mobilier Pro,2026-06-11 18:51:01,True,Économique (500-1500),jumia_2028
"Bureau Omega, Couleur: Blanc/Noix",999.0,,0.0,https://www.jumia.ma/generic-bureau-omega-couleur-blancnoix-39264359.html,https://ma.jumia.is/unsafe/fit-in/300x300/filters:fill(white)/product/95/346293/1.jpg?2946,jumia,Mobilier Pro,2026-06-11 18:51:01,False,Économique (500-1500),jumia_2035
"Armoires Meubles de Rangement, Boîte de Rangement de vinyles Chêne Sonoma 71x34x36 cm",431.1,700.0,38.0,https://www.jumia.ma/generic-armoires-meubles-de-rangement-boite-de-rangement-de-vinyles-chene-sonoma-71x34x36-cm-67231313.html,https://ma.jumia.is/unsafe/fit-in/300x300/filters:fill(white)/product/31/313276/1.jpg?4502,jumia,Mobilier Pro,2026-06-11 18:50:51,True,Entrée (<500),jumia_2068
General Table d’Appoint Moderne Gain de Place – Plateau en Bois & Structure Métallique – Disponible en Plusieurs Couleurs,159.0,259.0,39.0,https://www.jumia.ma/table-dappoint-moderne-gain-de-place-plateau-en-bois-structure-metallique-disponible-en-plusieurs-couleurs-general-mpg1584526.html,https://ma.jumia.is/unsafe/fit-in/300x300/filters:fill(white)/product/65/610776/1.jpg?4567,jumia,Mobilier Pro,2026-06-11 18:51:31,True,Entrée (<500),jumia_2116
EZEGMER Bibliothèque ouverte blanc,1799.0,,0.0,https://www.jumia.ma/generic-ezegmer-bibliotheque-ouverte-blanc-62300950.html,https://ma.jumia.is/unsafe/fit-in/300x300/filters:fill(white)/product/05/900326/1.jpg?5307,jumia,Mobilier Pro,2026-06-11 18:51:14,False,Milieu (1500-4000),jumia_2120
Kitea Bureau GAMER 180*67*92 - Gris,3590.0,,0.0,https://www.jumia.ma/kitea-bureau-gamer-1806792-gris-63343915.html,https://ma.jumia.is/unsafe/fit-in/300x300/filters:fill(white)/product/51/934336/1.jpg?9830,jumia,Mobilier Pro,2026-06-11 18:50:51,False,Milieu (1500-4000),jumia_2125
"Bureau Vicco Ben, bureau informatique, extensible, table de travail, bureau",3399.0,,0.0,https://www.jumia.ma/generic-bureau-vicco-ben-bureau-informatique-extensible-table-de-travail-bureau-62977285.html,https://ma.jumia.is/unsafe/fit-in/300x300/filters:fill(white)/product/58/277926/1.jpg?0250,jumia,Mobilier Pro,2026-06-11 18:51:01,False,Milieu (1500-4000),jumia_2201
Étagère de bureau créative en forme d'arbre,289.0,450.0,36.0,https://www.jumia.ma/generic-etagere-de-bureau-creative-en-forme-darbre-61136811.html,https://ma.jumia.is/unsafe/fit-in/300x300/filters:fill(white)/product/11/863116/1.jpg?1092,jumia,Mobilier Pro,2026-06-11 18:51:01,True,Entrée (<500),jumia_2204
Kitea Bureau COMBINO - Chêne Marron,1390.0,,0.0,https://www.jumia.ma/kitea-bureau-combino-chene-marron-62688481.html,https://ma.jumia.is/unsafe/fit-in/300x300/filters:fill(white)/product/18/488626/1.jpg?8886,jumia,Mobilier Pro,2026-06-11 18:50:51,False,Économique (500-1500),jumia_2245
"Un meuble en bois avec 2 étagères, pouvant servir de bibliothèque et de meuble d'appoint",450.0,650.0,31.0,https://www.jumia.ma/generic-un-meuble-en-bois-avec-2-etageres-pouvant-servir-de-bibliotheque-et-de-meuble-dappoint-65657674.html,https://ma.jumia.is/unsafe/fit-in/300x300/filters:fill(white)/product/47/675656/1.jpg?3726,jumia,Mobilier Pro,2026-06-11 18:50:51,True,Entrée (<500),jumia_2335
Étagère de Rangement Murale Rustique Autoportantes à Plusieurs Emplacements,339.0,389.0,13.0,https://www.jumia.ma/generic-etagere-de-rangement-murale-rustique-autoportantes-a-plusieurs-emplacements-61895654.html,https://ma.jumia.is/unsafe/fit-in/300x300/filters:fill(white)/product/45/659816/1.jpg?8821,jumia,Mobilier Pro,2026-06-11 18:51:01,True,Entrée (<500),jumia_2344
Bureau mobile réglable en hauteur avec roulettes – Table d’appoint ordinateur portable multifonction – Table canapé & lit avec étagères de rangement – Bureau compact gain de place pour maison et bureau,450.0,560.0,20.0,https://www.jumia.ma/generic-bureau-mobile-reglable-en-hauteur-avec-roulettes-table-dappoint-ordinateur-portable-multifonction-table-canape-lit-avec-etageres-de-rangement-bureau-compact-gain-de-place-pour-maison-et-bureau-67894430.html,https://ma.jumia.is/unsafe/fit-in/300x300/filters:fill(white)/product/03/449876/1.jpg?2191,jumia,Mobilier Pro,2026-06-11 18:50:51,True,Entrée (<500),jumia_2366
Kitea Bureau STELLA + 1 Porte + 1 Niche - Rose / Blanc / Gris,1690.0,,0.0,https://www.jumia.ma/kitea-bureau-stella-1-porte-1-niche-rose-blanc-gris-63343484.html,https://ma.jumia.is/unsafe/fit-in/300x300/filters:fill(white)/product/48/434336/1.jpg?9686,jumia,Mobilier Pro,2026-06-11 18:50:51,False,Milieu (1500-4000),jumia_2387
Meuble de rangement 3 cube MDF,449.0,599.0,25.0,https://www.jumia.ma/generic-meuble-de-rangement-3-cube-mdf-64687271.html,https://ma.jumia.is/unsafe/fit-in/300x300/filters:fill(white)/product/17/278646/1.jpg?0976,jumia,Mobilier Pro,2026-06-11 18:51:24,True,Entrée (<500),jumia_2393
"Table d’appoint moderne forme C, table basse mobile salon chambre, table chevet élégante bois et métal",149.0,270.0,45.0,https://www.jumia.ma/generic-table-dappoint-moderne-forme-c-table-basse-mobile-salon-chambre-table-chevet-elegante-bois-et-metal-67958535.html,https://ma.jumia.is/unsafe/fit-in/300x300/filters:fill(white)/product/53/585976/1.jpg?0633,jumia,Mobilier Pro,2026-06-11 18:50:51,True,Entrée (<500),jumia_2421
Kitea Caisson DISEGNO - Oak Foncé,1595.0,,0.0,https://www.jumia.ma/kitea-caisson-disegno-oak-fonce-63343558.html,https://ma.jumia.is/unsafe/fit-in/300x300/filters:fill(white)/product/85/534336/1.jpg?9668,jumia,Mobilier Pro,2026-06-11 18:50:51,False,Milieu (1500-4000),jumia_2452
"Etagère bureau et organisateur de maiso, bibliothèque multicouche Simple",349.0,499.0,30.0,https://www.jumia.ma/generic-etagere-bureau-et-organisateur-de-maiso-bibliotheque-multicouche-simple-63371244.html,https://ma.jumia.is/unsafe/fit-in/300x300/filters:fill(white)/product/44/217336/1.jpg?7013,jumia,Mobilier Pro,2026-06-11 18:51:01,True,Entrée (<500),jumia_2471
Kitea Bureau GLOBO - Chêne Marron / Blanc,1995.0,2290.0,13.0,https://www.jumia.ma/kitea-bureau-globo-chene-marron-blanc-63343305.html,https://ma.jumia.is/unsafe/fit-in/300x300/filters:fill(white)/product/50/334336/1.jpg?9732,jumia,Mobilier Pro,2026-06-11 18:51:14,True,Milieu (1500-4000),jumia_2483
"bibliothèque, étagères des livres professionnels",339.0,499.0,32.0,https://www.jumia.ma/generic-bibliotheque-etageres-des-livres-professionnels-61895660.html,https://ma.jumia.is/unsafe/fit-in/300x300/filters:fill(white)/product/06/659816/1.jpg?8823,jumia,Mobilier Pro,2026-06-11 18:50:51,True,Entrée (<500),jumia_2493
"Mdf Meuble tv murale, 110/ 20/20",269.0,270.0,1.0,https://www.jumia.ma/mdf-meuble-tv-murale-110-2020-67984372.html,https://ma.jumia.is/unsafe/fit-in/300x300/filters:fill(white)/product/27/348976/1.jpg?3458,jumia,Mobilier Pro,2026-06-11 18:51:14,True,Entrée (<500),jumia_2498
Kitea Bureau INFINITY - Blanc,1290.0,,0.0,https://www.jumia.ma/kitea-bureau-infinity-blanc-63343527.html,https://ma.jumia.is/unsafe/fit-in/300x300/filters:fill(white)/product/72/534336/1.jpg?9675,jumia,Mobilier Pro,2026-06-11 18:50:42,False,Économique (500-1500),jumia_2501
Table d’étude Portable pour Enfant et Adultes,180.0,,0.0,https://www.jumia.ma/generic-table-detude-portable-pour-enfant-et-adultes-65380156.html,https://ma.jumia.is/unsafe/fit-in/300x300/filters:fill(white)/product/65/108356/1.jpg?3155,jumia,Mobilier Pro,2026-06-11 18:51:24,False,Entrée (<500),jumia_2512
Fores DUPLO Bureau et Bibliothèque Blanc 120 cm (Sans chaise),1136.0,1650.0,31.0,https://www.jumia.ma/fores-duplo-bureau-et-bibliotheque-blanc-120-cm-sans-chaise-64863205.html,https://ma.jumia.is/unsafe/fit-in/300x300/filters:fill(white)/product/50/236846/1.jpg?0345,jumia,Mobilier Pro,2026-06-11 18:50:42,True,Économique (500-1500),jumia_2515
"Lot de 4 Patins Antidérapants et Antivibrations – Supports pour Machine à Laver, Canapé et Meubles",52.2,87.0,40.0,https://www.jumia.ma/lot-de-4-patins-antiderapants-et-antivibrations-supports-pour-machine-a-laver-canape-et-meubles-generic-mpg1536307.html,https://ma.jumia.is/unsafe/fit-in/300x300/filters:fill(white)/product/80/904276/1.jpg?3777,jumia,Mobilier Pro,2026-06-11 18:51:31,True,Entrée (<500),jumia_2542
"Organisateur d'étagère à 2 cubes, étagère ouverte à 2 niveaux",399.0,499.0,20.0,https://www.jumia.ma/generic-organisateur-detagere-a-2-cubes-etagere-ouverte-a-2-niveaux-63384902.html,https://ma.jumia.is/unsafe/fit-in/300x300/filters:fill(white)/product/20/948336/1.jpg?3446,jumia,Mobilier Pro,2026-06-11 18:51:14,True,Entrée (<500),jumia_2546
Afer VASAGLE Bibliothèque Meuble de rangement rustique à 3 niveaux,1499.0,,0.0,https://www.jumia.ma/afer-vasagle-bibliotheque-meuble-de-rangement-rustique-a-3-niveaux-40801578.html,https://ma.jumia.is/unsafe/fit-in/300x300/filters:fill(white)/product/87/510804/1.jpg?5633,jumia,Mobilier Pro,2026-06-11 18:51:24,False,Économique (500-1500),jumia_2574
Kitea Caisson RIO OFFICE - Blanc,1399.0,,0.0,https://www.jumia.ma/kitea-caisson-rio-office-blanc-64766632.html,https://ma.jumia.is/unsafe/fit-in/300x300/filters:fill(white)/product/23/666746/1.jpg?2135,jumia,Mobilier Pro,2026-06-11 18:51:01,False,Économique (500-1500),jumia_2595
"Chaise Bureau President Fauteuil de Luxe avec Repose-Pieds, inclinable",1890.0,2400.0,21.0,https://www.jumia.ma/generic-chaise-bureau-president-fauteuil-de-luxe-avec-repose-pieds-inclinable-65290387.html,https://ma.jumia.is/unsafe/fit-in/300x300/filters:fill(white)/product/78/309256/1.jpg?4030,jumia,Mobilier Pro,2026-06-11 18:50:42,True,Milieu (1500-4000),jumia_2597
"Table à thé moderne en forme de C, chevet et table basse compacte, table d’appoint mobile pour salon et chambre, bois et métal élégant",165.0,299.0,45.0,https://www.jumia.ma/generic-table-a-the-moderne-en-forme-de-c-chevet-et-table-basse-compacte-table-dappoint-mobile-pour-salon-et-chambre-bois-et-metal-elegant-67598317.html,https://ma.jumia.is/unsafe/fit-in/300x300/filters:fill(white)/product/71/389576/1.jpg?0753,jumia,Mobilier Pro,2026-06-11 18:50:42,True,Entrée (<500),jumia_2603
"Étagère bureau et organisateur de maison, bibliothèque multicouche simple",350.1,500.0,30.0,https://www.jumia.ma/generic-etagere-bureau-et-organisateur-de-maison-bibliotheque-multicouche-simple-67200453.html,https://ma.jumia.is/unsafe/fit-in/300x300/filters:fill(white)/product/35/400276/1.jpg?6522,jumia,Mobilier Pro,2026-06-11 18:50:42,True,Entrée (<500),jumia_2612
"Table d’Appoint Rotative à 180° en Forme de C – Table de Canapé Portable pour Ordinateur, Table de Chevet Compacte pour Petits Espaces",169.0,299.0,44.0,https://www.jumia.ma/generic-table-dappoint-rotative-a-180-en-forme-de-c-table-de-canape-portable-pour-ordinateur-table-de-chevet-compacte-pour-petits-espaces-67613158.html,https://ma.jumia.is/unsafe/fit-in/300x300/filters:fill(white)/product/85/131676/1.jpg?9328,jumia,Mobilier Pro,2026-06-11 18:50:51,True,Entrée (<500),jumia_2615
Kitea Bureau SETY - Chêne /Marron Clair,499.0,599.0,17.0,https://www.jumia.ma/kitea-bureau-sety-chene-marron-clair-63344094.html,https://ma.jumia.is/unsafe/fit-in/300x300/filters:fill(white)/product/49/044336/1.jpg?9152,jumia,Mobilier Pro,2026-06-11 18:50:42,True,Entrée (<500),jumia_2649
"Chaise Toilette Pour Enfants,Siège De Toilette Avec Echelle,Pot Bébé Chaises Réglables",199.0,400.0,50.0,https://www.jumia.ma/generic-chaise-toilette-pour-enfantssiege-de-toilette-avec-echellepot-bebe-chaises-reglables-67576556.html,https://ma.jumia.is/unsafe/fit-in/300x300/filters:fill(white)/product/65/567576/1.jpg?8955,jumia,Mobilier Pro,2026-06-11 18:51:14,True,Entrée (<500),jumia_2670
BUREAU AVEC ÉTAGÈRES DE RANGEMENT - CAMBRIA- BLANC,1499.0,,0.0,https://www.jumia.ma/generic-bureau-avec-etageres-de-rangement-cambria-blanc-62977297.html,https://ma.jumia.is/unsafe/fit-in/300x300/filters:fill(white)/product/79/277926/1.jpg?0248,jumia,Mobilier Pro,2026-06-11 18:51:14,False,Économique (500-1500),jumia_2732
Bureau Compact Design 95x48cm Chêne Chaud et Noir avec Tiroir et Étagère Rangement Gain de Place,1439.0,1870.7,23.0,https://www.jumia.ma/generic-bureau-compact-design-95x48cm-chene-chaud-et-noir-avec-tiroir-et-etagere-rangement-gain-de-place-67640801.html,https://ma.jumia.is/unsafe/fit-in/300x300/filters:fill(white)/product/10/804676/1.jpg?0752,jumia,Mobilier Pro,2026-06-11 18:51:01,True,Économique (500-1500),jumia_2748
Kitea Bureau Gaming TEAZUR 160x72x91cm - Noir,2990.0,,0.0,https://www.jumia.ma/kitea-bureau-gaming-teazur-160x72x91cm-noir-63959339.html,https://ma.jumia.is/unsafe/fit-in/300x300/filters:fill(white)/product/93/395936/1.jpg?2835,jumia,Mobilier Pro,2026-06-11 18:50:51,False,Milieu (1500-4000),jumia_2841
"Bibliothèque, étagère de rangement, Organisateur",579.0,879.0,34.0,https://www.jumia.ma/generic-bibliotheque-etagere-de-rangement-organisateur-63361714.html,https://ma.jumia.is/unsafe/fit-in/300x300/filters:fill(white)/product/41/716336/1.jpg?9287,jumia,Mobilier Pro,2026-06-11 18:51:24,True,Économique (500-1500),jumia_2860
Bureau Scandinave Design 50x100cm Blanc et Bois Naturel avec Tiroir Rangement Bureau Chambre Style Moderne,1655.0,2151.5,23.0,https://www.jumia.ma/generic-bureau-scandinave-design-50x100cm-blanc-et-bois-naturel-avec-tiroir-rangement-bureau-chambre-style-moderne-67640803.html,https://ma.jumia.is/unsafe/fit-in/300x300/filters:fill(white)/product/30/804676/1.jpg?0754,jumia,Mobilier Pro,2026-06-11 18:50:51,True,Milieu (1500-4000),jumia_2894
"Etagère bureau et organisateur, bibliothèque 45*28* 17 cm",233.1,300.0,22.0,https://www.jumia.ma/generic-etagere-bureau-et-organisateur-bibliotheque-4528-17-cm-67649305.html,https://ma.jumia.is/unsafe/fit-in/300x300/filters:fill(white)/product/50/394676/1.jpg?6062,jumia,Mobilier Pro,2026-06-11 18:51:01,True,Entrée (<500),jumia_2906
"Étagère bureau et organisateur, bibliothèque 50x50x17 cm",289.0,500.0,42.0,https://www.jumia.ma/generic-etagere-bureau-et-organisateur-bibliotheque-50x50x17-cm-67203061.html,https://ma.jumia.is/unsafe/fit-in/300x300/filters:fill(white)/product/16/030276/1.jpg?8567,jumia,Mobilier Pro,2026-06-11 18:50:51,True,Entrée (<500),jumia_2911
Kitea Bureau NET - Noir,1790.0,,0.0,https://www.jumia.ma/kitea-bureau-net-noir-63343544.html,https://ma.jumia.is/unsafe/fit-in/300x300/filters:fill(white)/product/44/534336/1.jpg?9672,jumia,Mobilier Pro,2026-06-11 18:50:42,False,Milieu (1500-4000),jumia_2914
Kitea Bibliothèque MI PIACE - Blanc,2490.0,2690.0,7.0,https://www.jumia.ma/kitea-bibliotheque-mi-piace-blanc-63344426.html,https://ma.jumia.is/unsafe/fit-in/300x300/filters:fill(white)/product/62/444336/1.jpg?9906,jumia,Mobilier Pro,2026-06-11 18:50:51,True,Milieu (1500-4000),jumia_2940
Afer Bibliothèque scandinave,1799.0,,0.0,https://www.jumia.ma/afer-bibliotheque-scandinave-40801579.html,https://ma.jumia.is/unsafe/fit-in/300x300/filters:fill(white)/product/97/510804/1.jpg?5633,jumia,Mobilier Pro,2026-06-11 18:51:14,False,Milieu (1500-4000),jumia_2944
"organisateur de bureau en bois, cahier,dossier",189.0,,0.0,https://www.jumia.ma/generic-organisateur-de-bureau-en-bois-cahierdossier-67149242.html,https://ma.jumia.is/unsafe/fit-in/300x300/filters:fill(white)/product/24/294176/1.jpg?0688,jumia,Mobilier Pro,2026-06-11 18:50:51,False,Entrée (<500),jumia_2948
Bureau d'études pour enfants,449.0,,0.0,https://www.jumia.ma/generic-bureau-detudes-pour-enfants-67184385.html,https://ma.jumia.is/unsafe/fit-in/300x300/filters:fill(white)/product/58/348176/1.jpg?9107,jumia,Mobilier Pro,2026-06-11 18:50:51,False,Entrée (<500),jumia_2964
Meuble de rangement 3 cube MDF beige 75*35*25 cm,503.1,700.0,28.0,https://www.jumia.ma/generic-meuble-de-rangement-3-cube-mdf-beige-753525-cm-67403836.html,https://ma.jumia.is/unsafe/fit-in/300x300/filters:fill(white)/product/63/830476/1.jpg?1645,jumia,Mobilier Pro,2026-06-11 18:51:14,True,Économique (500-1500),jumia_2995
Bureau de Travail Moderne au Design Épuré – Style Scandinave & Montage Facile,1425.66,,0.0,https://www.jumia.ma/bureau-de-travail-moderne-au-design-epure-style-scandinave-montage-facile-generic-mpg1603665.html,https://ma.jumia.is/unsafe/fit-in/300x300/filters:fill(white)/product/88/819776/1.jpg?3912,jumia,Mobilier Pro,2026-06-11 18:51:24,False,Économique (500-1500),jumia_3014
"Étagère de rangement pour bibliothèque, bibliothèque à 3 niveaux",440.1,750.0,41.0,https://www.jumia.ma/generic-etagere-de-rangement-pour-bibliotheque-bibliotheque-a-3-niveaux-67534183.html,https://ma.jumia.is/unsafe/fit-in/300x300/filters:fill(white)/product/38/143576/1.jpg?8814,jumia,Mobilier Pro,2026-06-11 18:50:42,True,Entrée (<500),jumia_3064
Kitea Bibliothèque CULGOA – Chêne / Blanc,1450.0,,0.0,https://www.jumia.ma/kitea-bibliotheque-culgoa-chene-blanc-66194647.html,https://ma.jumia.is/unsafe/fit-in/300x300/filters:fill(white)/product/74/649166/1.jpg?1225,jumia,Mobilier Pro,2026-06-11 18:50:51,False,Économique (500-1500),jumia_3080
"Rallonge de support de bras d'ordinateur coudé réglable, support d'assistant ergonomique, rallonge de bureau",119.0,220.0,46.0,https://www.jumia.ma/generic-rallonge-de-support-de-bras-dordinateur-coude-reglable-support-dassistant-ergonomique-rallonge-de-bureau-66093022.html,https://ma.jumia.is/unsafe/fit-in/300x300/filters:fill(white)/product/22/039066/1.jpg?3891,jumia,Mobilier Pro,2026-06-11 18:50:51,True,Entrée (<500),jumia_3133
Fores ATHENA Etagère basse chêne 110 cm,661.0,1200.0,45.0,https://www.jumia.ma/fores-athena-etagere-basse-chene-110-cm-64027672.html,https://ma.jumia.is/unsafe/fit-in/300x300/filters:fill(white)/product/27/672046/1.jpg?7978,jumia,Mobilier Pro,2026-06-11 18:50:42,True,Économique (500-1500),jumia_3138
Bibliothèque de bureau en bois - Organisateur de bureau - Étagère de rangement de table,499.0,700.0,29.0,https://www.jumia.ma/generic-bibliotheque-de-bureau-en-bois-organisateur-de-bureau-etagere-de-rangement-de-table-67207083.html,https://ma.jumia.is/unsafe/fit-in/300x300/filters:fill(white)/product/38/070276/1.jpg?9690,jumia,Mobilier Pro,2026-06-11 18:50:42,True,Entrée (<500),jumia_3160
Table d’Appoint en Forme de C – Table de Chevet Moderne et Mobile pour Salon et Chambre,199.0,299.0,33.0,https://www.jumia.ma/generic-table-dappoint-en-forme-de-c-table-de-chevet-moderne-et-mobile-pour-salon-et-chambre-67570945.html,https://ma.jumia.is/unsafe/fit-in/300x300/filters:fill(white)/product/54/907576/1.jpg?5967,jumia,Mobilier Pro,2026-06-11 18:51:01,True,Entrée (<500),jumia_3170
"Étagère d'angle à 4 niveaux, bibliothèque de plantes, bois MDF, NOIR",593.1,1000.0,41.0,https://www.jumia.ma/generic-etagere-dangle-a-4-niveaux-bibliotheque-de-plantes-bois-mdf-noir-67231288.html,https://ma.jumia.is/unsafe/fit-in/300x300/filters:fill(white)/product/88/213276/1.jpg?2812,jumia,Mobilier Pro,2026-06-11 18:50:42,True,Économique (500-1500),jumia_3172
Kitea Bibliothèque BRAVO - Blanc / Chêne,2590.0,,0.0,https://www.jumia.ma/kitea-bibliotheque-bravo-blanc-chene-66402777.html,https://ma.jumia.is/unsafe/fit-in/300x300/filters:fill(white)/product/77/720466/1.jpg?7914,jumia,Mobilier Pro,2026-06-11 18:51:24,False,Milieu (1500-4000),jumia_3185
Petite Table d’Appoint Moderne en Forme de C – Table Basse Design en Bois et Métal pour Salon et Chambre,214.0,,0.0,https://www.jumia.ma/generic-petite-table-dappoint-moderne-en-forme-de-c-table-basse-design-en-bois-et-metal-pour-salon-et-chambre-67844952.html,https://ma.jumia.is/unsafe/fit-in/300x300/filters:fill(white)/product/25/944876/1.jpg?2461,jumia,Mobilier Pro,2026-06-11 18:51:24,False,Entrée (<500),jumia_3225
Bureau gaming Yannick 150x70x85cm panneaux de particules - anthracite,1499.0,3399.0,56.0,https://www.jumia.ma/bureau-gaming-yannick-150x70x85cm-panneaux-de-particules-anthracite-generic-mpg1512800.html,https://ma.jumia.is/unsafe/fit-in/300x300/filters:fill(white)/product/37/380156/1.jpg?3867,jumia,Mobilier Pro,2026-06-11 18:50:42,True,Économique (500-1500),jumia_3247
"Meuble de Rangement à tiroirs for Bureau, et chambres",499.0,599.0,17.0,https://www.jumia.ma/generic-meuble-de-rangement-a-tiroirs-for-bureau-et-chambres-65699918.html,https://ma.jumia.is/unsafe/fit-in/300x300/filters:fill(white)/product/81/999656/1.jpg?7427,jumia,Mobilier Pro,2026-06-11 18:50:42,True,Entrée (<500),jumia_3278
Kitea Bibliothèque ESPRESSO 5 Niveau - Blanc,995.0,,0.0,https://www.jumia.ma/kitea-bibliotheque-espresso-5-niveau-blanc-65971886.html,https://ma.jumia.is/unsafe/fit-in/300x300/filters:fill(white)/product/68/817956/1.jpg?0926,jumia,Mobilier Pro,2026-06-11 18:50:42,False,Économique (500-1500),jumia_3302
"Etagère de rangement pour bibliothèque, 3 niveaux",503.1,800.0,37.0,https://www.jumia.ma/generic-etagere-de-rangement-pour-bibliotheque-3-niveaux-67594584.html,https://ma.jumia.is/unsafe/fit-in/300x300/filters:fill(white)/product/48/549576/1.jpg?4470,jumia,Mobilier Pro,2026-06-11 18:51:01,True,Économique (500-1500),jumia_3359
Kitea Bureau DAVINCI BRERA - Noyer,3999.0,,0.0,https://www.jumia.ma/kitea-bureau-davinci-brera-noyer-63343991.html,https://ma.jumia.is/unsafe/fit-in/300x300/filters:fill(white)/product/19/934336/1.jpg?9818,jumia,Mobilier Pro,2026-06-11 18:50:51,False,Milieu (1500-4000),jumia_3388
Table d’Ordinateur Mobile Réglable avec Plateau Latéral,695.0,895.0,22.0,https://www.jumia.ma/generic-table-dordinateur-mobile-reglable-avec-plateau-lateral-68001696.html,https://ma.jumia.is/unsafe/fit-in/300x300/filters:fill(white)/product/69/610086/1.jpg?1713,jumia,Mobilier Pro,2026-06-11 18:51:31,True,Économique (500-1500),jumia_3392
"Bureau à domicile – élégance scandinave, Grand espace de travail 100 cm avec tiroir intégré",1655.0,2151.5,23.0,https://www.jumia.ma/generic-bureau-a-domicile-elegance-scandinave-grand-espace-de-travail-100-cm-avec-tiroir-integre-67123366.html,https://ma.jumia.is/unsafe/fit-in/300x300/filters:fill(white)/product/66/332176/1.jpg?9424,jumia,Mobilier Pro,2026-06-11 18:51:01,True,Milieu (1500-4000),jumia_3394
Rallonge // Multi-prises avec interrupteur // 5 prises 2p+terre - 1.5m - blanc // ingelec,89.0,,0.0,https://www.jumia.ma/rallonge-multi-prises-avec-interrupteur-5-prises-2pterre-1.5m-blanc-ingelec-generic-mpg1526131.html,https://ma.jumia.is/unsafe/fit-in/300x300/filters:fill(white)/product/99/244176/1.jpg?3983,jumia,Mobilier Pro,2026-06-11 18:51:31,False,Entrée (<500),jumia_3413
Bureau d'ordinateur,1299.0,,0.0,https://www.jumia.ma/generic-bureau-dordinateur-41747266.html,https://ma.jumia.is/unsafe/fit-in/300x300/filters:fill(white)/product/66/274714/1.jpg?1248,jumia,Mobilier Pro,2026-06-11 18:51:01,False,Économique (500-1500),jumia_3427
"Etagère bureau et organisateur, bibliothèque 50 50 17 cm",260.1,489.0,47.0,https://www.jumia.ma/generic-etagere-bureau-et-organisateur-bibliotheque-50-50-17-cm-67199232.html,https://ma.jumia.is/unsafe/fit-in/300x300/filters:fill(white)/product/23/299176/1.jpg?9514,jumia,Mobilier Pro,2026-06-11 18:50:42,True,Entrée (<500),jumia_3430
"Etagère Murale 9 formats différents, bibliothèques en bois naturelle",349.0,389.0,10.0,https://www.jumia.ma/generic-etagere-murale-9-formats-differents-bibliotheques-en-bois-naturelle-61902500.html,https://ma.jumia.is/unsafe/fit-in/300x300/filters:fill(white)/product/00/520916/1.jpg?4192,jumia,Mobilier Pro,2026-06-11 18:50:51,True,Entrée (<500),jumia_3447
"Table d’Appoint en Forme de C – Table de Chevet Moderne et Mobile, Design Compact et Gain de Place pour Salon et Chambre",199.0,299.0,33.0,https://www.jumia.ma/generic-table-dappoint-en-forme-de-c-table-de-chevet-moderne-et-mobile-design-compact-et-gain-de-place-pour-salon-et-chambre-67613143.html,https://ma.jumia.is/unsafe/fit-in/300x300/filters:fill(white)/product/34/131676/1.jpg?7723,jumia,Mobilier Pro,2026-06-11 18:51:24,True,Entrée (<500),jumia_3575
"Table d'appoint en forme de C, table basse mobile, petite table de canapé.",420.0,,0.0,https://www.jumia.ma/generic-table-dappoint-en-forme-de-c-table-basse-mobile-petite-table-de-canape.-66155972.html,https://ma.jumia.is/unsafe/fit-in/300x300/filters:fill(white)/product/27/955166/1.jpg?4045,jumia,Mobilier Pro,2026-06-11 18:51:24,False,Entrée (<500),jumia_3579
Kitea Bureau LARA Avec 1 Porte + 1 Tiroir - Chêne,1999.0,2190.0,9.0,https://www.jumia.ma/kitea-bureau-lara-avec-1-porte-1-tiroir-chene-63344497.html,https://ma.jumia.is/unsafe/fit-in/300x300/filters:fill(white)/product/79/444336/1.jpg?9888,jumia,Mobilier Pro,2026-06-11 18:51:14,True,Milieu (1500-4000),jumia_3591
EZEGMER Bibliothèque ouverte blanc / noyer,1799.0,,0.0,https://www.jumia.ma/generic-ezegmer-bibliotheque-ouverte-blanc-noyer-62300947.html,https://ma.jumia.is/unsafe/fit-in/300x300/filters:fill(white)/product/74/900326/1.jpg?5308,jumia,Mobilier Pro,2026-06-11 18:51:14,False,Milieu (1500-4000),jumia_3669
Bibliothèque Voira blanc,1999.0,,0.0,https://www.jumia.ma/generic-bibliotheque-voira-blanc-62320890.html,https://ma.jumia.is/unsafe/fit-in/300x300/filters:fill(white)/product/09/802326/1.jpg?6505,jumia,Mobilier Pro,2026-06-11 18:51:24,False,Milieu (1500-4000),jumia_3671
Kitea Bureau MINISTER - Chêne Beige,2990.0,,0.0,https://www.jumia.ma/kitea-bureau-minister-chene-beige-63344072.html,https://ma.jumia.is/unsafe/fit-in/300x300/filters:fill(white)/product/27/044336/1.jpg?9148,jumia,Mobilier Pro,2026-06-11 18:51:14,False,Milieu (1500-4000),jumia_3679
Bureau avec bibliothèque étagères,1649.0,,0.0,https://www.jumia.ma/generic-bureau-avec-bibliotheque-etageres-41747262.html,https://ma.jumia.is/unsafe/fit-in/300x300/filters:fill(white)/product/26/274714/1.jpg?1249,jumia,Mobilier Pro,2026-06-11 18:51:14,False,Milieu (1500-4000),jumia_3682
Kitea Bureau SELENE 158*76 - Blanc,2490.0,,0.0,https://www.jumia.ma/kitea-bureau-selene-15876-blanc-63343894.html,https://ma.jumia.is/unsafe/fit-in/300x300/filters:fill(white)/product/49/834336/1.jpg?9835,jumia,Mobilier Pro,2026-06-11 18:50:51,False,Milieu (1500-4000),jumia_3684
Tabouret médical avec roulettes,575.0,850.0,32.0,https://www.jumia.ma/generic-tabouret-medical-avec-roulettes-39173129.html,https://ma.jumia.is/unsafe/fit-in/300x300/filters:fill(white)/product/92/137193/1.jpg?5392,jumia,Mobilier Pro,2026-06-11 18:50:42,True,Économique (500-1500),jumia_3712
Table de Lit Pliable pour Ordinateur Portable – Bureau Polyvalent et Ergonomique – Support pour Tablette et Gobelet,359.0,700.0,49.0,https://www.jumia.ma/generic-table-de-lit-pliable-pour-ordinateur-portable-bureau-polyvalent-et-ergonomique-support-pour-tablette-et-gobelet-67613305.html,https://ma.jumia.is/unsafe/fit-in/300x300/filters:fill(white)/product/50/331676/1.jpg?7293,jumia,Mobilier Pro,2026-06-11 18:51:24,True,Entrée (<500),jumia_3724
Armoire murale noire avec étagère ouverte 60x27x62 cm,750.0,899.0,17.0,https://www.jumia.ma/generic-armoire-murale-noire-avec-etagere-ouverte-60x27x62-cm-67266350.html,https://ma.jumia.is/unsafe/fit-in/300x300/filters:fill(white)/product/05/366276/1.jpg?2703,jumia,Mobilier Pro,2026-06-11 18:50:51,True,Économique (500-1500),jumia_3779
Bureau gaming Seis 136cm - noir/blanc,1499.0,2199.0,32.0,https://www.jumia.ma/generic-bureau-gaming-seis-136cm-noirblanc-65301225.html,https://ma.jumia.is/unsafe/fit-in/300x300/filters:fill(white)/product/52/210356/1.jpg?3598,jumia,Mobilier Pro,2026-06-11 18:51:01,True,Économique (500-1500),jumia_3795
Fores DUPLO Bureau avec Bibliothèque Blanc et chêne 120 cm (Sans chaise),1136.0,1650.0,31.0,https://www.jumia.ma/fores-duplo-bureau-avec-bibliotheque-blanc-et-chene-120-cm-sans-chaise-64027678.html,https://ma.jumia.is/unsafe/fit-in/300x300/filters:fill(white)/product/87/672046/1.jpg?7977,jumia,Mobilier Pro,2026-06-11 18:50:42,True,Économique (500-1500),jumia_3798
"Étagère d'angle à 3 niveaux, bibliothèque de plantes, bois MDF, blanc",459.0,700.0,34.0,https://www.jumia.ma/generic-etagere-dangle-a-3-niveaux-bibliotheque-de-plantes-bois-mdf-blanc-67232709.html,https://ma.jumia.is/unsafe/fit-in/300x300/filters:fill(white)/product/90/723276/1.jpg?2848,jumia,Mobilier Pro,2026-06-11 18:51:24,True,Entrée (<500),jumia_3810
"Petite table basse design moderne, table d’appoint mobile pour canapé et chambre, meuble élégant bois métal",149.0,299.0,50.0,https://www.jumia.ma/generic-petite-table-basse-design-moderne-table-dappoint-mobile-pour-canape-et-chambre-meuble-elegant-bois-metal-67958539.html,https://ma.jumia.is/unsafe/fit-in/300x300/filters:fill(white)/product/93/585976/1.jpg?0766,jumia,Mobilier Pro,2026-06-11 18:51:14,True,Entrée (<500),jumia_3822
"Table D’appoint, Table D'Appoint en Bois pour Canapé, Table D'Appoint en Forme De C, Petite Table pour Ordinateur Portable, pour Salon, Chambre, Balcon, Marron Rustique",169.0,250.0,32.0,https://www.jumia.ma/generic-table-dappoint-table-dappoint-en-bois-pour-canape-table-dappoint-en-forme-de-c-petite-table-pour-ordinateur-portable-pour-salon-chambre-balcon-marron-rustique-67654537.html,https://ma.jumia.is/unsafe/fit-in/300x300/filters:fill(white)/product/73/545676/1.jpg?7152,jumia,Mobilier Pro,2026-06-11 18:50:51,True,Entrée (<500),jumia_3864
Afer VASAGLE Bibliothèque à 6 niveau blanc sonoma,1499.0,,0.0,https://www.jumia.ma/afer-vasagle-bibliotheque-a-6-niveau-blanc-sonoma-40801584.html,https://ma.jumia.is/unsafe/fit-in/300x300/filters:fill(white)/product/48/510804/1.jpg?5633,jumia,Mobilier Pro,2026-06-11 18:51:01,False,Économique (500-1500),jumia_3880
Kitea Étagère DISEGNO 6 Niches - Blanc,2295.0,,0.0,https://www.jumia.ma/kitea-etagere-disegno-6-niches-blanc-63343567.html,https://ma.jumia.is/unsafe/fit-in/300x300/filters:fill(white)/product/76/534336/1.jpg?9666,jumia,Mobilier Pro,2026-06-11 18:51:14,False,Milieu (1500-4000),jumia_3936
Tapis de Chaise Transparent 90x119cm Protection Sol Dur Bureau Maison Antidérapant Durable Facile à Nettoyer,435.0,565.5,23.0,https://www.jumia.ma/generic-tapis-de-chaise-transparent-90x119cm-protection-sol-dur-bureau-maison-antiderapant-durable-facile-a-nettoyer-67641872.html,https://ma.jumia.is/unsafe/fit-in/300x300/filters:fill(white)/product/27/814676/1.jpg?6380,jumia,Mobilier Pro,2026-06-11 18:51:14,True,Entrée (<500),jumia_3955
Kitea Bureau DISEGNO Simple 140x69x75cm - Oak Foncé,1495.0,,0.0,https://www.jumia.ma/kitea-bureau-disegno-simple-140x69x75cm-oak-fonce-63343599.html,https://ma.jumia.is/unsafe/fit-in/300x300/filters:fill(white)/product/99/534336/1.jpg?9767,jumia,Mobilier Pro,2026-06-11 18:50:42,False,Économique (500-1500),jumia_4013
Bureau avec chaise pour enfant,440.0,700.0,37.0,https://www.jumia.ma/generic-bureau-avec-chaise-pour-enfant-67361959.html,https://ma.jumia.is/unsafe/fit-in/300x300/filters:fill(white)/product/95/916376/1.jpg?0820,jumia,Mobilier Pro,2026-06-11 18:51:24,True,Entrée (<500),jumia_4060
Kitea Caisson Mobile DISEGNO - Blanc,1795.0,,0.0,https://www.jumia.ma/kitea-caisson-mobile-disegno-blanc-62104041.html,https://ma.jumia.is/unsafe/fit-in/300x300/filters:fill(white)/product/14/040126/1.jpg?1750,jumia,Mobilier Pro,2026-06-11 18:51:24,False,Milieu (1500-4000),jumia_4063
Kitea Bureau MALICIA + 1 Porte + 1 Tiroir - Chêne Anthracite,2190.0,2990.0,27.0,https://www.jumia.ma/kitea-bureau-malicia-1-porte-1-tiroir-chene-anthracite-62688473.html,https://ma.jumia.is/unsafe/fit-in/300x300/filters:fill(white)/product/37/488626/1.jpg?8229,jumia,Mobilier Pro,2026-06-11 18:50:42,True,Milieu (1500-4000),jumia_4066
Kitea Bureau FLEXI - Blanc / Gris Clair,1990.0,,0.0,https://www.jumia.ma/kitea-bureau-flexi-blanc-gris-clair-63344039.html,https://ma.jumia.is/unsafe/fit-in/300x300/filters:fill(white)/product/93/044336/1.jpg?0120,jumia,Mobilier Pro,2026-06-11 18:50:51,False,Milieu (1500-4000),jumia_4086
Bibliothèque d'arbre Étagère à Livres 75x45x24cm,404.1,650.0,38.0,https://www.jumia.ma/generic-bibliotheque-darbre-etagere-a-livres-75x45x24cm-65557410.html,https://ma.jumia.is/unsafe/fit-in/300x300/filters:fill(white)/product/01/475556/1.jpg?3006,jumia,Mobilier Pro,2026-06-11 18:51:24,True,Entrée (<500),jumia_4088
Etagère de bureau polyvalente en bois,242.1,400.0,40.0,https://www.jumia.ma/generic-etagere-de-bureau-polyvalente-en-bois-67198806.html,https://ma.jumia.is/unsafe/fit-in/300x300/filters:fill(white)/product/60/889176/1.jpg?9454,jumia,Mobilier Pro,2026-06-11 18:51:14,True,Entrée (<500),jumia_4105
Bibliothèque pour livres en forme d'arbre,349.0,450.0,22.0,https://www.jumia.ma/generic-bibliotheque-pour-livres-en-forme-darbre-67223109.html,https://ma.jumia.is/unsafe/fit-in/300x300/filters:fill(white)/product/90/132276/1.jpg?0646,jumia,Mobilier Pro,2026-06-11 18:50:51,True,Entrée (<500),jumia_4112
Dansmamaison.ma GAMING Fauteuil de bureau - Rouge / Noir,1990.0,,0.0,https://www.jumia.ma/dansmamaison.ma-gaming-fauteuil-de-bureau-rouge-noir-67675220.html,https://ma.jumia.is/unsafe/fit-in/300x300/filters:fill(white)/product/02/257676/1.jpg?0874,jumia,Mobilier Pro,2026-06-11 18:51:14,False,Milieu (1500-4000),jumia_4121
Bibliothèque moderne en bois avec motif d'arbre 72*20*30 cm,440.1,700.0,37.0,https://www.jumia.ma/generic-bibliotheque-moderne-en-bois-avec-motif-darbre-722030-cm-67289306.html,https://ma.jumia.is/unsafe/fit-in/300x300/filters:fill(white)/product/60/398276/1.jpg?1016,jumia,Mobilier Pro,2026-06-11 18:50:51,True,Entrée (<500),jumia_4136
"Bibliothèque Etagère bureau et organisateur, 40*40*17 cm",233.1,359.0,35.0,https://www.jumia.ma/generic-bibliotheque-etagere-bureau-et-organisateur-404017-cm-67651999.html,https://ma.jumia.is/unsafe/fit-in/300x300/filters:fill(white)/product/99/915676/1.jpg?5388,jumia,Mobilier Pro,2026-06-11 18:51:14,True,Entrée (<500),jumia_4180
Bibliothèque Voira MARRON / noir,1999.0,,0.0,https://www.jumia.ma/generic-bibliotheque-voira-marron-noir-62320891.html,https://ma.jumia.is/unsafe/fit-in/300x300/filters:fill(white)/product/19/802326/1.jpg?6505,jumia,Mobilier Pro,2026-06-11 18:51:24,False,Milieu (1500-4000),jumia_4210
Organisateur de stockage Multi-usages pour bureau 56*31*15 cm,259.0,350.0,26.0,https://www.jumia.ma/generic-organisateur-de-stockage-multi-usages-pour-bureau-563115-cm-65121158.html,https://ma.jumia.is/unsafe/fit-in/300x300/filters:fill(white)/product/85/112156/1.jpg?2424,jumia,Mobilier Pro,2026-06-11 18:51:14,True,Entrée (<500),jumia_4256
"Rallonge de support de bras d'ordinateur, support de coussin de poignet réglable, coude ergonomique, rallonge de bureau",119.0,240.0,50.0,https://www.jumia.ma/generic-rallonge-de-support-de-bras-dordinateur-support-de-coussin-de-poignet-reglable-coude-ergonomique-rallonge-de-bureau-66093011.html,https://ma.jumia.is/unsafe/fit-in/300x300/filters:fill(white)/product/11/039066/1.jpg?3889,jumia,Mobilier Pro,2026-06-11 18:51:24,True,Entrée (<500),jumia_4260
Bibhā Bibliothèque ouverte blanc / noyer,1899.0,,0.0,https://www.jumia.ma/generic-bibha-bibliotheque-ouverte-blanc-noyer-62300956.html,https://ma.jumia.is/unsafe/fit-in/300x300/filters:fill(white)/product/65/900326/1.jpg?5307,jumia,Mobilier Pro,2026-06-11 18:51:14,False,Milieu (1500-4000),jumia_4261
Bibliothèque à 4 niveaux Beige,296.1,450.0,34.0,https://www.jumia.ma/generic-bibliotheque-a-4-niveaux-beige-67223512.html,https://ma.jumia.is/unsafe/fit-in/300x300/filters:fill(white)/product/21/532276/1.jpg?6591,jumia,Mobilier Pro,2026-06-11 18:51:14,True,Entrée (<500),jumia_4388
Kitea Bureau Gaming TEAZUR 200x72x91cm - Noir,3490.0,,0.0,https://www.jumia.ma/kitea-bureau-gaming-teazur-200x72x91cm-noir-63344021.html,https://ma.jumia.is/unsafe/fit-in/300x300/filters:fill(white)/product/12/044336/1.jpg?9817,jumia,Mobilier Pro,2026-06-11 18:50:51,False,Milieu (1500-4000),jumia_4440
Kitea Bureau MI PIACE - Gris,2190.0,2390.0,8.0,https://www.jumia.ma/kitea-bureau-mi-piace-gris-63344108.html,https://ma.jumia.is/unsafe/fit-in/300x300/filters:fill(white)/product/80/144336/1.jpg?9159,jumia,Mobilier Pro,2026-06-11 18:51:01,True,Milieu (1500-4000),jumia_4485
Bureau gaming VICCO Joel,3399.0,,0.0,https://www.jumia.ma/generic-bureau-gaming-vicco-joel-62977284.html,https://ma.jumia.is/unsafe/fit-in/300x300/filters:fill(white)/product/48/277926/1.jpg?0251,jumia,Mobilier Pro,2026-06-11 18:51:14,False,Milieu (1500-4000),jumia_4522
"Bibliothèque Etagère bureau et organisateur, 50*50*17 cm",242.1,400.0,40.0,https://www.jumia.ma/generic-bibliotheque-etagere-bureau-et-organisateur-505017-cm-67597970.html,https://ma.jumia.is/unsafe/fit-in/300x300/filters:fill(white)/product/07/979576/1.jpg?7965,jumia,Mobilier Pro,2026-06-11 18:50:42,True,Entrée (<500),jumia_4556
Kitea Bureau DISEGNO Avec Retour 180x69x75cm - Oak Foncé,2795.0,,0.0,https://www.jumia.ma/kitea-bureau-disegno-avec-retour-180x69x75cm-oak-fonce-63343581.html,https://ma.jumia.is/unsafe/fit-in/300x300/filters:fill(white)/product/18/534336/1.jpg?9771,jumia,Mobilier Pro,2026-06-11 18:50:51,False,Milieu (1500-4000),jumia_4574
"bibliothèque à 4 niveaux, étagère échelle pour bureau et à domicile, salon, chambre à coucher, cuisine",1121.0,,0.0,https://www.jumia.ma/generic-bibliotheque-a-4-niveaux-etagere-echelle-pour-bureau-et-a-domicile-salon-chambre-a-coucher-cuisine-65726880.html,https://ma.jumia.is/unsafe/fit-in/300x300/filters:fill(white)/product/08/862756/1.jpg?4606,jumia,Mobilier Pro,2026-06-11 18:50:51,False,Économique (500-1500),jumia_4577
Kitea Bibliothèque FOLIO 5 niveaux – Blanc,829.0,,0.0,https://www.jumia.ma/kitea-bibliotheque-folio-5-niveaux-blanc-67225604.html,https://ma.jumia.is/unsafe/fit-in/300x300/filters:fill(white)/product/40/652276/1.jpg?2112,jumia,Mobilier Pro,2026-06-11 18:51:01,False,Économique (500-1500),jumia_4585
"Prolongateur de bras de bureau d'ordinateur, coussin de support de poignet réglable, coude ergonomique, support d'assistance, maison",119.0,200.0,41.0,https://www.jumia.ma/generic-prolongateur-de-bras-de-bureau-dordinateur-coussin-de-support-de-poignet-reglable-coude-ergonomique-support-dassistance-maison-66093038.html,https://ma.jumia.is/unsafe/fit-in/300x300/filters:fill(white)/product/83/039066/1.jpg?3895,jumia,Mobilier Pro,2026-06-11 18:51:31,True,Entrée (<500),jumia_4649
Chinese Style حامل الملفات والوثائق A3 Foldermate Attaché-case A3,130.0,170.0,24.0,https://www.jumia.ma/chinese-style-a3-foldermate-attache-case-a3-67288671.html,https://ma.jumia.is/unsafe/fit-in/300x300/filters:fill(white)/product/17/688276/1.jpg?0271,jumia,Mobilier Pro,2026-06-11 18:51:24,True,Entrée (<500),jumia_4655
"Bibliothèque Ikoze, cinq niveaux, noyer",1999.0,,0.0,https://www.jumia.ma/generic-bibliotheque-ikoze-cinq-niveaux-noyer-62350145.html,https://ma.jumia.is/unsafe/fit-in/300x300/filters:fill(white)/product/54/105326/1.jpg?8051,jumia,Mobilier Pro,2026-06-11 18:51:01,False,Milieu (1500-4000),jumia_4690
Chaise Bureau Ergonomique Chaise Président Siege Bureau Maison en Filet,1150.0,2000.0,43.0,https://www.jumia.ma/generic-chaise-bureau-ergonomique-chaise-president-siege-bureau-maison-en-filet-66154395.html,https://ma.jumia.is/unsafe/fit-in/300x300/filters:fill(white)/product/59/345166/1.jpg?1229,jumia,Mobilier Pro,2026-06-11 18:50:51,True,Économique (500-1500),jumia_4725
"Kitea Étagère DISEGNO 3 Niches 112x81x35,5cm - Oak Foncé",1495.0,,0.0,https://www.jumia.ma/kitea-etagere-disegno-3-niches-112x81x355cm-oak-fonce-63344446.html,https://ma.jumia.is/unsafe/fit-in/300x300/filters:fill(white)/product/64/444336/1.jpg?9899,jumia,Mobilier Pro,2026-06-11 18:51:01,False,Économique (500-1500),jumia_4735
"Étagère à 3 Niveaux - Bibliothèque,  pour Salon, Chambre, Bureau",499.0,599.0,17.0,https://www.jumia.ma/generic-etagere-a-3-niveaux-bibliotheque-pour-salon-chambre-bureau-63361716.html,https://ma.jumia.is/unsafe/fit-in/300x300/filters:fill(white)/product/61/716336/1.jpg?5928,jumia,Mobilier Pro,2026-06-11 18:51:14,True,Entrée (<500),jumia_4737
Kitea Caisson RIO - Marron,1399.0,,0.0,https://www.jumia.ma/kitea-caisson-rio-marron-64766628.html,https://ma.jumia.is/unsafe/fit-in/300x300/filters:fill(white)/product/82/666746/1.jpg?2141,jumia,Mobilier Pro,2026-06-11 18:51:01,False,Économique (500-1500),jumia_4759
BUREAU MAGNOLIA - BLANC,2499.0,,0.0,https://www.jumia.ma/generic-bureau-magnolia-blanc-62977300.html,https://ma.jumia.is/unsafe/fit-in/300x300/filters:fill(white)/product/00/377926/1.jpg?0247,jumia,Mobilier Pro,2026-06-11 18:51:24,False,Milieu (1500-4000),jumia_4770
Dansmamaison.ma GAMING Fauteuil de bureau - Bleu / Noir,1990.0,,0.0,https://www.jumia.ma/dansmamaison.ma-gaming-fauteuil-de-bureau-bleu-noir-67675230.html,https://ma.jumia.is/unsafe/fit-in/300x300/filters:fill(white)/product/03/257676/1.jpg?0880,jumia,Mobilier Pro,2026-06-11 18:50:42,False,Milieu (1500-4000),jumia_4782
Bureau Selene - Blanc,1990.0,,0.0,https://www.kitea.com/bureau-selene-blanc.html,https://www.kitea.com/media/catalog/product/cache/c06d1bb5eedf825ac39d687cd7d5d37e/_/1/_1_0_10045701605-111.jpg,kitea,Mobilier Pro,2026-06-11 17:44:06,False,Milieu (1500-4000),kitea_4801
Élément Bas Respect - Blanc,1999.0,2299.0,13.0,https://www.kitea.com/element-bas-respect-blanc.html,https://www.kitea.com/media/catalog/product/cache/c06d1bb5eedf825ac39d687cd7d5d37e/1/0/10093911315-4.png,kitea,Mobilier Pro,2026-06-11 17:43:30,True,Milieu (1500-4000),kitea_4807
Banc D'Acceuil Godot 3 Places -  Argenté,2199.0,,0.0,https://www.kitea.com/banc-d-acceuil-godot-3-places-argente.html,https://www.kitea.com/media/catalog/product/cache/c06d1bb5eedf825ac39d687cd7d5d37e/1/0/10102402283-9.jpg,kitea,Mobilier Pro,2026-06-11 17:43:30,False,Milieu (1500-4000),kitea_4809
Fauteuil Sénateur Ever Seat,2299.0,,0.0,https://www.kitea.com/fauteuil-senateur-ever-seat.html,https://www.kitea.com/media/catalog/product/cache/c06d1bb5eedf825ac39d687cd7d5d37e/e/v/everseat_0011_everseat_0008_5640mb_ever_seat_black_3__1.jpg,kitea,Mobilier Pro,2026-06-11 17:44:06,False,Milieu (1500-4000),kitea_4835
Bureau Disegno Art 140Cm  - Beige,1395.0,1495.0,6.7,https://www.kitea.com/bureau-disegno-art-140cm-beige.html,https://www.kitea.com/media/catalog/product/cache/c06d1bb5eedf825ac39d687cd7d5d37e/1/0/10094290824-1.jpg,kitea,Mobilier Pro,2026-06-11 17:43:19,True,Économique (500-1500),kitea_4843
Fauteuil Visiteur Phoenix Mesh - Noir,1199.0,,0.0,https://www.kitea.com/fauteuil-visiteur-phoenix-mesh-noir.html,https://www.kitea.com/media/catalog/product/cache/c06d1bb5eedf825ac39d687cd7d5d37e/p/h/phoenix_0000_phoenix_0004_ht-9071df-1.jpg,kitea,Mobilier Pro,2026-06-11 18:55:22,False,Économique (500-1500),kitea_4868
Bureau Directionnel Taskline - Marron  / Blanc,7999.0,,0.0,https://www.kitea.com/bureau-directionnel-taskline-marron-blanc.html,https://www.kitea.com/media/catalog/product/cache/c06d1bb5eedf825ac39d687cd7d5d37e/1/0/10113838243-2.png,kitea,Mobilier Pro,2026-06-11 17:43:19,False,Premium (4000-10k),kitea_4873
Étagère DISEGNO STD 3 niches – 81 × 35 × 112 cm - Oak Foncé,999.0,1495.0,33.2,https://www.kitea.com/etagere-disegno-3-niches-112x81x35-5cm-oak-fonce.html,https://www.kitea.com/media/catalog/product/cache/c06d1bb5eedf825ac39d687cd7d5d37e/1/0/10007698285-6.png,kitea,Mobilier Pro,2026-06-11 17:43:53,True,Économique (500-1500),kitea_4893
Bureau Mi Piace Gris,2190.0,2390.0,8.4,https://www.kitea.com/bureau-mi-piace-gris.html,https://www.kitea.com/media/catalog/product/cache/c06d1bb5eedf825ac39d687cd7d5d37e/_/1/_1_0_10018835316-1.jpg,kitea,Mobilier Pro,2026-06-11 17:44:06,True,Milieu (1500-4000),kitea_4902
Bureau Disegno Art Avec Credence Et 3 Tiroirs - Blanc Crème / Beige,4999.0,5995.0,16.6,https://www.kitea.com/bureau-disegno-art-avec-credence-et-3-tiroirs-blanc-creme-beige.html,https://www.kitea.com/media/catalog/product/cache/c06d1bb5eedf825ac39d687cd7d5d37e/1/0/10094300824-700_1_.png,kitea,Mobilier Pro,2026-06-11 17:43:19,True,Premium (4000-10k),kitea_4908
Table De Café Leader 140X70X45Cm - Marron / Gris,4799.0,7099.0,32.4,https://www.kitea.com/table-de-cafe-leader-140x70x45cm-marron-gris.html,https://www.kitea.com/media/catalog/product/cache/c06d1bb5eedf825ac39d687cd7d5d37e/1/0/10101557661-8.jpg,kitea,Mobilier Pro,2026-06-11 18:54:52,True,Premium (4000-10k),kitea_4912
Fauteuil Président Timeless,1999.0,,0.0,https://www.kitea.com/fauteuil-president-timeless.html,https://www.kitea.com/media/catalog/product/cache/c06d1bb5eedf825ac39d687cd7d5d37e/1/0/10102613313-pr_sident2.jpg,kitea,Mobilier Pro,2026-06-11 17:44:32,False,Milieu (1500-4000),kitea_4925
Comptoir De Réception Start Pro 140Cm - Noyer/Gris,3399.0,,0.0,https://www.kitea.com/comptoir-de-reception-start-pro-140cm-noyer-gris.html,https://www.kitea.com/media/catalog/product/cache/c06d1bb5eedf825ac39d687cd7d5d37e/s/t/startpro_0020_startpro_0007_98rdb001-140_1_.jpg,kitea,Mobilier Pro,2026-06-11 18:55:22,False,Milieu (1500-4000),kitea_4934
Table Café  Astoria - Marron,2299.0,,0.0,https://www.kitea.com/table-cafe-astoria-marron.html,https://www.kitea.com/media/catalog/product/cache/c06d1bb5eedf825ac39d687cd7d5d37e/1/0/10113837242-b12.png,kitea,Mobilier Pro,2026-06-11 17:43:19,False,Milieu (1500-4000),kitea_4939
Élément De Rangement Disegno 3 Étagères + 2 Portes - Blanc,2595.0,2995.0,13.4,https://www.kitea.com/element-de-rangement-disegno-3-etageres-2-portes-blanc.html,https://www.kitea.com/media/catalog/product/cache/c06d1bb5eedf825ac39d687cd7d5d37e/_/1/_1_0_10034090315-1k.jpg,kitea,Mobilier Pro,2026-06-11 17:43:53,True,Milieu (1500-4000),kitea_4952
Table De Réunion Polar Pro - Blanc,4399.0,,0.0,https://www.kitea.com/table-de-reunion-polar-pro-blanc.html,https://www.kitea.com/media/catalog/product/cache/c06d1bb5eedf825ac39d687cd7d5d37e/1/0/10113974315-t2_1_.png,kitea,Mobilier Pro,2026-06-11 18:55:07,False,Premium (4000-10k),kitea_4963
Bureau Disegno Art + Retour 180Cm -Blanc Crème / Beige,2695.0,2795.0,3.6,https://www.kitea.com/bureau-disegno-art-retour-180cm-blanc-creme-beige.html,https://www.kitea.com/media/catalog/product/cache/c06d1bb5eedf825ac39d687cd7d5d37e/1/0/10094291824-c1.png,kitea,Mobilier Pro,2026-06-11 17:43:19,True,Milieu (1500-4000),kitea_4966
Élément De Rangement Disegno Art 2 Portes + 2 Tiroirs -Blanc Crème / Beige,2599.0,3195.0,18.7,https://www.kitea.com/element-de-rangement-disegno-art-2-portes-2-tiroirs-blanc-creme-beige.html,https://www.kitea.com/media/catalog/product/cache/c06d1bb5eedf825ac39d687cd7d5d37e/1/0/10094292874-1.jpg,kitea,Mobilier Pro,2026-06-11 18:54:52,True,Milieu (1500-4000),kitea_4968
Chaise Visiteur Casual,499.0,,0.0,https://www.kitea.com/chaise-visiteur-casual.html,https://www.kitea.com/media/catalog/product/cache/c06d1bb5eedf825ac39d687cd7d5d37e/1/0/10096352234-800_2.png,kitea,Mobilier Pro,2026-06-11 17:44:32,False,Entrée (<500),kitea_4978
Bureau Presidentiel Leader Gauche Avec Eclairage Led 320Cm - Marron / Gris,12999.0,26999.0,51.9,https://www.kitea.com/bureau-presidentiel-leader-gauche-avec-eclairage-led-320cm-marron-gris.html,https://www.kitea.com/media/catalog/product/cache/c06d1bb5eedf825ac39d687cd7d5d37e/1/0/10101550661-b1.jpg,kitea,Mobilier Pro,2026-06-11 18:54:38,True,Luxe (>10k),kitea_5001
Élément De Rangement Disegno Art 3 Niches -Blanc Crème / Beige,1295.0,1495.0,13.4,https://www.kitea.com/element-de-rangement-disegno-art-3-niches-blanc-creme-beige.html,https://www.kitea.com/media/catalog/product/cache/c06d1bb5eedf825ac39d687cd7d5d37e/1/0/10094294824-1.png,kitea,Mobilier Pro,2026-06-11 17:43:30,True,Économique (500-1500),kitea_5008
Fauteuil Visiteur Timeless - Camel,1599.0,2599.0,38.5,https://www.kitea.com/fauteuil-visiteur-timeless-camel.html,https://www.kitea.com/media/catalog/product/cache/c06d1bb5eedf825ac39d687cd7d5d37e/1/0/10102612368-visiteur1.png,kitea,Mobilier Pro,2026-06-11 17:44:32,True,Milieu (1500-4000),kitea_5012
Élément Bas Majesty 2 Portes Et 3 Tiroirs - Marron / Beige,3799.0,4299.0,11.6,https://www.kitea.com/element-bas-majesty-2-portes-et-3-tiroirs-marron-beige.html,https://www.kitea.com/media/catalog/product/cache/c06d1bb5eedf825ac39d687cd7d5d37e/1/0/10101991332-7.jpg,kitea,Mobilier Pro,2026-06-11 18:54:37,True,Milieu (1500-4000),kitea_5022
Chaise Style Plus Mesh À Motifs Sans Accoudoirs,979.0,,0.0,https://www.kitea.com/chaise-style-plus-mesh-a-motifs-sans-accoudoirs.html,https://www.kitea.com/media/catalog/product/cache/c06d1bb5eedf825ac39d687cd7d5d37e/_/1/_1_0_10031835333-1_1.jpg,kitea,Mobilier Pro,2026-06-11 17:44:53,False,Économique (500-1500),kitea_5024
Table De Reunion Taskline - Marron / Blanc,4999.0,,0.0,https://www.kitea.com/table-de-reunion-taskline-marron-blanc.html,https://www.kitea.com/media/catalog/product/cache/c06d1bb5eedf825ac39d687cd7d5d37e/1/0/10113841243-___1.png,kitea,Mobilier Pro,2026-06-11 17:43:19,False,Premium (4000-10k),kitea_5043
Caisson Polar Pro - Blanc,999.0,,0.0,https://www.kitea.com/caisson-polar-pro-blanc.html,https://www.kitea.com/media/catalog/product/cache/c06d1bb5eedf825ac39d687cd7d5d37e/1/0/10113967315-v1.png,kitea,Mobilier Pro,2026-06-11 18:55:07,False,Économique (500-1500),kitea_5047
Élément Haut Majesty - Marron / Beige,5999.0,,0.0,https://www.kitea.com/element-haut-majesty-marron-beige.html,https://www.kitea.com/media/catalog/product/cache/c06d1bb5eedf825ac39d687cd7d5d37e/1/0/10101981332-7.png,kitea,Mobilier Pro,2026-06-11 18:54:37,False,Premium (4000-10k),kitea_5053
Fauteuil Visiteur Coach 2.0,2099.0,,0.0,https://www.kitea.com/fauteuil-visiteur-coach-2-0.html,https://www.kitea.com/media/catalog/product/cache/c06d1bb5eedf825ac39d687cd7d5d37e/1/0/10110390234-d_1.jpg,kitea,Mobilier Pro,2026-06-11 17:44:32,False,Milieu (1500-4000),kitea_5054
Bureau Presidentiel Droit Embassy Prime - Marron / Gris,9999.0,21999.0,54.5,https://www.kitea.com/bureau-presidentiel-droit-embassy-prime-marron-gris.html,https://www.kitea.com/media/catalog/product/cache/c06d1bb5eedf825ac39d687cd7d5d37e/1/0/10101900661-7.jpg,kitea,Mobilier Pro,2026-06-11 17:44:32,True,Premium (4000-10k),kitea_5080
Chaise Visiteur Overtime - Noir,479.0,,0.0,https://www.kitea.com/chaise-visiteur-overtime-noir.html,https://www.kitea.com/media/catalog/product/cache/c06d1bb5eedf825ac39d687cd7d5d37e/1/0/10101404234-7.jpg,kitea,Mobilier Pro,2026-06-11 17:43:30,False,Entrée (<500),kitea_5087
Fauteuil Président Legato,2899.0,,0.0,https://www.kitea.com/fauteuil-president-legato-pu-taupe-1.html,https://www.kitea.com/media/catalog/product/cache/c06d1bb5eedf825ac39d687cd7d5d37e/1/0/10114148234-c_1.png,kitea,Mobilier Pro,2026-06-11 17:44:06,False,Milieu (1500-4000),kitea_5089
Fauteuil Président Durarest PU,2199.0,,0.0,https://www.kitea.com/fauteuil-president-durarest-pu.html,https://www.kitea.com/media/catalog/product/cache/c06d1bb5eedf825ac39d687cd7d5d37e/d/u/durarrrist_0005_untitled-1_0012_sp-511a_270-09_2__1.jpg,kitea,Mobilier Pro,2026-06-11 17:44:06,False,Milieu (1500-4000),kitea_5108
Bureau Rio Office Avec Retour - Marron,1999.0,2499.0,20.0,https://www.kitea.com/bureau-rio-office-avec-retour-marron.html,https://www.kitea.com/media/catalog/product/cache/c06d1bb5eedf825ac39d687cd7d5d37e/1/0/10088293242-a77.png,kitea,Mobilier Pro,2026-06-11 17:43:30,True,Milieu (1500-4000),kitea_5110
Élément De Rangement Rio 1 Porte Et 5 Tiroirs - Blanc,1299.0,2999.0,56.7,https://www.kitea.com/element-de-rangement-rio-1-porte-et-5-tiroirs-blanc.html,https://www.kitea.com/media/catalog/product/cache/c06d1bb5eedf825ac39d687cd7d5d37e/1/0/10088285315-1.png,kitea,Mobilier Pro,2026-06-11 17:44:53,True,Économique (500-1500),kitea_5142
Élément De Rangement Respect - Blanc,1199.0,2999.0,60.0,https://www.kitea.com/element-de-rangement-respect-blanc.html,https://www.kitea.com/media/catalog/product/cache/c06d1bb5eedf825ac39d687cd7d5d37e/1/0/10093910315-1.png,kitea,Mobilier Pro,2026-06-11 17:44:53,True,Économique (500-1500),kitea_5155
Fauteuil Sénateur Bari,1399.0,,0.0,https://www.kitea.com/fauteuil-senateur-bari.html,https://www.kitea.com/media/catalog/product/cache/c06d1bb5eedf825ac39d687cd7d5d37e/1/0/10068980234-10_2.png,kitea,Mobilier Pro,2026-06-11 17:43:41,False,Économique (500-1500),kitea_5175
Chaise De Réception Bench - Rouge Clair,399.0,949.0,58.0,https://www.kitea.com/chaise-de-reception-bench-rouge-clair.html,https://www.kitea.com/media/catalog/product/cache/c06d1bb5eedf825ac39d687cd7d5d37e/1/0/10086928269-33.png,kitea,Mobilier Pro,2026-06-11 17:43:41,True,Entrée (<500),kitea_5190
Set De 5 Pièces D'Accessoires De Bureau - Gris,279.0,,0.0,https://www.kitea.com/set-de-5-pieces-d-accessoires-de-bureau-noir-1.html,https://www.kitea.com/media/catalog/product/cache/c06d1bb5eedf825ac39d687cd7d5d37e/4/5/45_-_2026-05-07t124011.799.png,kitea,Mobilier Pro,2026-06-11 18:54:52,False,Entrée (<500),kitea_5193
Élément De Rangement Disegno Avec 2 Portes - Blanc,1895.0,,0.0,https://www.kitea.com/element-de-rangement-disegno-avec-2-portes-blanc.html,https://www.kitea.com/media/catalog/product/cache/c06d1bb5eedf825ac39d687cd7d5d37e/_/w/_w_e_website_paysage_template_1_45.jpg,kitea,Mobilier Pro,2026-06-11 17:43:53,False,Milieu (1500-4000),kitea_5227
Bureau Directionnel Start Pro - Noyer/Gris,5999.0,,0.0,https://www.kitea.com/bureau-directionel-start-pro-noyer-gris.html,https://www.kitea.com/media/catalog/product/cache/c06d1bb5eedf825ac39d687cd7d5d37e/1/0/10113948661-b.png,kitea,Mobilier Pro,2026-06-11 17:44:32,False,Premium (4000-10k),kitea_5245
Élément Haut Start Pro 4 Portes – Noyer/Gris,5399.0,,0.0,https://www.kitea.com/element-haut-start-pro-4portess-noyer-gris.html,https://www.kitea.com/media/catalog/product/cache/c06d1bb5eedf825ac39d687cd7d5d37e/s/t/startpro_0002_startpro_0032_98bdb001.jpg,kitea,Mobilier Pro,2026-06-11 17:44:32,False,Premium (4000-10k),kitea_5252
Table Basse Respect - Noyer / Gris,1999.0,2499.0,20.0,https://www.kitea.com/table-basse-respect-noyer-gris.html,https://www.kitea.com/media/catalog/product/cache/c06d1bb5eedf825ac39d687cd7d5d37e/1/0/10076914661-1.jpg,kitea,Mobilier Pro,2026-06-11 17:43:53,True,Milieu (1500-4000),kitea_5254
Workstation Polar Pro 2 Places  - Blanc,3399.0,,0.0,https://www.kitea.com/workstation-polar-pro-2-places-blanc.html,https://www.kitea.com/media/catalog/product/cache/c06d1bb5eedf825ac39d687cd7d5d37e/1/0/10113965315-h-photoroom-i.png,kitea,Mobilier Pro,2026-06-11 18:55:22,False,Milieu (1500-4000),kitea_5257
Bureau Sety - Chêne /Marron Clair,499.0,,0.0,https://www.kitea.com/bureau-sety-chene-marron-clair.html,https://www.kitea.com/media/catalog/product/cache/c06d1bb5eedf825ac39d687cd7d5d37e/1/0/10061097234_4_.jpg,kitea,Mobilier Pro,2026-06-11 17:43:53,False,Entrée (<500),kitea_5270
Fauteuil President Huge,5999.0,,0.0,https://www.kitea.com/fauteuil-president-huge.html,https://www.kitea.com/media/catalog/product/cache/c06d1bb5eedf825ac39d687cd7d5d37e/1/0/10102444234_1.jpg,kitea,Mobilier Pro,2026-06-11 18:54:52,False,Premium (4000-10k),kitea_5274
Élément Haut Vega Pro 4 Portes - Chêne / Beige,13999.0,,0.0,https://www.kitea.com/element-haut-vega-4-portes-chene-beige.html,https://www.kitea.com/media/catalog/product/cache/c06d1bb5eedf825ac39d687cd7d5d37e/1/0/10101561332-9.png,kitea,Mobilier Pro,2026-06-11 18:54:38,False,Luxe (>10k),kitea_5292
Casier Solidis 2 Portes Avec Serrures - Blanc / Gris,2399.0,,0.0,https://www.kitea.com/casier-solidis-2-portes-avec-serrures-blanc-gris.html,https://www.kitea.com/media/catalog/product/cache/c06d1bb5eedf825ac39d687cd7d5d37e/1/0/10113920328-890.png,kitea,Mobilier Pro,2026-06-11 18:55:22,False,Milieu (1500-4000),kitea_5295
Élément Bas Start Pro - Noyer/Gris,1899.0,,0.0,https://www.kitea.com/element-bas-start-pro-noyer-gris.html,https://www.kitea.com/media/catalog/product/cache/c06d1bb5eedf825ac39d687cd7d5d37e/s/t/startpro_0011_startpro_0018_98udb001.jpg,kitea,Mobilier Pro,2026-06-11 17:44:32,False,Milieu (1500-4000),kitea_5296
Fauteuil Président Bari,1599.0,,0.0,https://www.kitea.com/fauteuil-president-bari.html,https://www.kitea.com/media/catalog/product/cache/c06d1bb5eedf825ac39d687cd7d5d37e/1/0/10068979234-7_1.png,kitea,Mobilier Pro,2026-06-11 17:43:41,False,Milieu (1500-4000),kitea_5361
Table De Café Leader 70X70X45Cm - Marron / Gris,2599.0,3699.0,29.7,https://www.kitea.com/table-de-cafe-leader-70x70x45cm-marron-gris.html,https://www.kitea.com/media/catalog/product/cache/c06d1bb5eedf825ac39d687cd7d5d37e/1/0/10101557661-1_1.jpg,kitea,Mobilier Pro,2026-06-11 17:43:30,True,Milieu (1500-4000),kitea_5375
Bureau Globo - Chêne Marron / Blanc,1995.0,2290.0,12.9,https://www.kitea.com/bureau-globo-chene-marron-blanc.html,https://www.kitea.com/media/catalog/product/cache/c06d1bb5eedf825ac39d687cd7d5d37e/1/0/10044878316-1.jpg,kitea,Mobilier Pro,2026-06-11 17:43:53,True,Milieu (1500-4000),kitea_5377
Bureau Gamer 180X67X92Cm - Gris,3590.0,,0.0,https://www.kitea.com/bureau-gamer-180x67x92cm-gris.html,https://www.kitea.com/media/catalog/product/cache/c06d1bb5eedf825ac39d687cd7d5d37e/_/s/_s_e_set_up.jpg,kitea,Mobilier Pro,2026-06-11 17:43:53,False,Milieu (1500-4000),kitea_5379
Élément De Rangement Respect - Marron  / Gris,2499.0,2999.0,16.7,https://www.kitea.com/element-de-rangement-respect-marron-gris.html,https://www.kitea.com/media/catalog/product/cache/c06d1bb5eedf825ac39d687cd7d5d37e/1/0/10088665661-1.png,kitea,Mobilier Pro,2026-06-11 17:43:41,True,Milieu (1500-4000),kitea_5381
Fauteuil Visiteur Overflowing - Noir,4299.0,4599.0,6.5,https://www.kitea.com/fauteuil-visiteur-overflowing-noir.html,https://www.kitea.com/media/catalog/product/cache/c06d1bb5eedf825ac39d687cd7d5d37e/1/0/10088823234-1.png,kitea,Mobilier Pro,2026-06-11 17:43:41,True,Premium (4000-10k),kitea_5409
Élément De Rangement Disegno Art 6 Niches Et 2 Portes - Blanc Crème / Beige,4299.0,4595.0,6.4,https://www.kitea.com/element-de-rangement-disegno-art-6-niches-et-2-portes-blanc-creme-beige.html,https://www.kitea.com/media/catalog/product/cache/c06d1bb5eedf825ac39d687cd7d5d37e/1/0/10094296824-1.png,kitea,Mobilier Pro,2026-06-11 18:54:52,True,Premium (4000-10k),kitea_5419
Bureau Directionnel Polar Pro - Blanc,5999.0,,0.0,https://www.kitea.com/bureau-directionel-polar-pro-blanc.html,https://www.kitea.com/media/catalog/product/cache/c06d1bb5eedf825ac39d687cd7d5d37e/1/0/10113972315-2_1_.png,kitea,Mobilier Pro,2026-06-11 18:55:07,False,Premium (4000-10k),kitea_5437
Table De Café New Apex  - Marron,1599.0,,0.0,https://www.kitea.com/table-de-cafe-new-apex-marron.html,https://www.kitea.com/media/catalog/product/cache/c06d1bb5eedf825ac39d687cd7d5d37e/1/0/10102740541-8.jpg,kitea,Mobilier Pro,2026-06-11 17:43:19,False,Milieu (1500-4000),kitea_5442
Fauteuil Président Phoenix,999.0,,0.0,https://www.kitea.com/fauteuil-president-phoenix.html,https://www.kitea.com/media/catalog/product/cache/c06d1bb5eedf825ac39d687cd7d5d37e/1/0/10088661234-2_1.png,kitea,Mobilier Pro,2026-06-11 17:43:30,False,Économique (500-1500),kitea_5450
Canapé De Bureau Essentiel 2 Places,2999.0,,0.0,https://www.kitea.com/canape-de-bureau-essentiel-2-places.html,https://www.kitea.com/media/catalog/product/cache/c06d1bb5eedf825ac39d687cd7d5d37e/1/0/10102424315-1_1.jpg,kitea,Mobilier Pro,2026-06-11 18:54:52,False,Milieu (1500-4000),kitea_5473
Bureau Polar Pro 140cm - Blanc,3499.0,,0.0,https://www.kitea.com/bureau-polar-pro-blanc.html,https://www.kitea.com/media/catalog/product/cache/c06d1bb5eedf825ac39d687cd7d5d37e/1/0/10113971315-t1.png,kitea,Mobilier Pro,2026-06-11 18:55:07,False,Milieu (1500-4000),kitea_5486
Colonne 5 Niches Pronto - Chêne,1295.0,,0.0,https://www.kitea.com/colonne-5-niches-pronto-chene.html,https://www.kitea.com/media/catalog/product/cache/c06d1bb5eedf825ac39d687cd7d5d37e/1/0/10115332541-1.png,kitea,Mobilier Pro,2026-06-11 18:55:07,False,Économique (500-1500),kitea_5500
Élément Haut Elegance Fashion - Beige / Gris Foncé,4999.0,12999.0,61.5,https://www.kitea.com/element-haut-elegance-fashion-beige-gris-fonce.html,https://www.kitea.com/media/catalog/product/cache/c06d1bb5eedf825ac39d687cd7d5d37e/_/m/_m_l_ml-9531.jpg,kitea,Mobilier Pro,2026-06-11 17:43:53,True,Premium (4000-10k),kitea_5544
Bureau Presidentiel Majesty Droit - Marron / Beige,12999.0,22999.0,43.5,https://www.kitea.com/bureau-presidentiel-majesty-droit-marron-beige.html,https://www.kitea.com/media/catalog/product/cache/c06d1bb5eedf825ac39d687cd7d5d37e/1/0/10101977332-1_1_1.png,kitea,Mobilier Pro,2026-06-11 18:54:37,True,Luxe (>10k),kitea_5559
Workstation Respect 3 Places + 3 Caissons Integrés - Marron / Gris,8999.0,,0.0,https://www.kitea.com/workstation-respect-3-places-3-caissons-integres-marron-gris.html,https://www.kitea.com/media/catalog/product/cache/c06d1bb5eedf825ac39d687cd7d5d37e/1/0/10101400661-66.jpg,kitea,Mobilier Pro,2026-06-11 17:43:30,False,Premium (4000-10k),kitea_5564
Bureau Présidentiel Vega Pro  - Chêne / Beige,10999.0,,0.0,https://www.kitea.com/bureau-presidentiel-vega-240x195x75cm-chene-beige.html,https://www.kitea.com/media/catalog/product/cache/c06d1bb5eedf825ac39d687cd7d5d37e/1/0/10101558332-1.jpg,kitea,Mobilier Pro,2026-06-11 18:54:38,False,Luxe (>10k),kitea_5567
Élément De Rangement 2 Portess Polar Pro - Blanc,3899.0,,0.0,https://www.kitea.com/element-de-rangement-2-portess-polar-pro-blanc.html,https://www.kitea.com/media/catalog/product/cache/c06d1bb5eedf825ac39d687cd7d5d37e/1/0/10113969315-b12_1_.png,kitea,Mobilier Pro,2026-06-11 18:55:07,False,Milieu (1500-4000),kitea_5571
Fauteuil Président 4Task - Noir,1799.0,,0.0,https://www.kitea.com/fauteuil-president-4task-noir.html,https://www.kitea.com/media/catalog/product/cache/c06d1bb5eedf825ac39d687cd7d5d37e/1/0/10076917234-4.jpg,kitea,Mobilier Pro,2026-06-11 17:43:41,False,Milieu (1500-4000),kitea_5585
Table De Conférence Start Pro  - Noyer/Gris,5499.0,,0.0,https://www.kitea.com/table-de-conference-start-pro-noyer-gris.html,https://www.kitea.com/media/catalog/product/cache/c06d1bb5eedf825ac39d687cd7d5d37e/s/t/startpro_0019_startpro_0008_98cdb003_2__1.jpg,kitea,Mobilier Pro,2026-06-11 18:55:22,False,Premium (4000-10k),kitea_5587
Bureau Directionnel New Apex - Marron / Noir,8999.0,,0.0,https://www.kitea.com/bureau-directionnel-new-apex-marron-noir.html,https://www.kitea.com/media/catalog/product/cache/c06d1bb5eedf825ac39d687cd7d5d37e/1/0/10102739541-2.jpg,kitea,Mobilier Pro,2026-06-11 17:43:30,False,Premium (4000-10k),kitea_5601
Élément De Rangement Disegno 2 Portes + 2 Tiroirs - Blanc,1995.0,2455.0,18.7,https://www.kitea.com/element-de-rangement-disegno-2-portes-2-tiroirs-blanc.html,https://www.kitea.com/media/catalog/product/cache/c06d1bb5eedf825ac39d687cd7d5d37e/1/0/10034096315.jpg,kitea,Mobilier Pro,2026-06-11 17:43:53,True,Milieu (1500-4000),kitea_5606
Fauteuil De Bureau Flex,1299.0,,0.0,https://www.kitea.com/fauteuil-de-bureau-flex.html,https://www.kitea.com/media/catalog/product/cache/c06d1bb5eedf825ac39d687cd7d5d37e/d/e/design_sans_titre_62__1.png,kitea,Mobilier Pro,2026-06-11 18:54:37,False,Économique (500-1500),kitea_5619
Bureau Respect Avec Crédence 160cm  – Blanc,4599.0,,0.0,https://www.kitea.com/bureau-respect-avec-credence-160cm-blanc.html,https://www.kitea.com/media/catalog/product/cache/c06d1bb5eedf825ac39d687cd7d5d37e/1/0/10113829315-tty.png,kitea,Mobilier Pro,2026-06-11 17:43:19,False,Premium (4000-10k),kitea_5647
Table De Réunion Davinci Brera - Noyer,4999.0,,0.0,https://www.kitea.com/table-de-reunion-davinci-brera-noyer.html,https://www.kitea.com/media/catalog/product/cache/c06d1bb5eedf825ac39d687cd7d5d37e/1/0/10062512244_2.jpg,kitea,Mobilier Pro,2026-06-11 17:43:53,False,Premium (4000-10k),kitea_5656
Fauteuil Président Respira En Mesh,1699.0,,0.0,https://www.kitea.com/fauteuil-president-respira-mesh.html,https://www.kitea.com/media/catalog/product/cache/c06d1bb5eedf825ac39d687cd7d5d37e/1/0/10113757234-7_1.jpg,kitea,Mobilier Pro,2026-06-11 17:44:32,False,Milieu (1500-4000),kitea_5665
Bureau Start Pro - Noyer/Gris,3499.0,,0.0,https://www.kitea.com/bureau-start-pro-noyer-gris.html,https://www.kitea.com/media/catalog/product/cache/c06d1bb5eedf825ac39d687cd7d5d37e/s/t/startpro_0008_startpro_0026_98fdb001_2_.jpg,kitea,Mobilier Pro,2026-06-11 17:44:32,False,Milieu (1500-4000),kitea_5687
Table De Café Vega Pro 60X60Cm - Chêne Beige,1999.0,,0.0,https://www.kitea.com/table-de-cafe-vega-60x60x45cm-chene-beige.html,https://www.kitea.com/media/catalog/product/cache/c06d1bb5eedf825ac39d687cd7d5d37e/1/0/10101563332-1_1_.png,kitea,Mobilier Pro,2026-06-11 18:54:38,False,Milieu (1500-4000),kitea_5705
Chaise Shirley-1661,499.0,,0.0,https://www.kitea.com/chaise-shirley-1661.html,https://www.kitea.com/media/catalog/product/cache/c06d1bb5eedf825ac39d687cd7d5d37e/1/0/10072298345-3_2.jpg,kitea,Mobilier Pro,2026-06-11 17:44:53,False,Entrée (<500),kitea_5706
Élément De Rangement 2 Portes Start Pro - Noyer/Gris,3899.0,,0.0,https://www.kitea.com/element-de-rangement-2-portes-start-pro-noyer-gris.html,https://www.kitea.com/media/catalog/product/cache/c06d1bb5eedf825ac39d687cd7d5d37e/s/t/startpro_0003_startpro_0031_98bdb008.jpg,kitea,Mobilier Pro,2026-06-11 17:44:32,False,Milieu (1500-4000),kitea_5711
Comptoir Réception Polar Pro - Blanc,3399.0,,0.0,https://www.kitea.com/comptoir-reception-polar-pro-blanc.html,https://www.kitea.com/media/catalog/product/cache/c06d1bb5eedf825ac39d687cd7d5d37e/1/0/10113975315-8.png,kitea,Mobilier Pro,2026-06-11 18:55:07,False,Milieu (1500-4000),kitea_5721
Bureau Respect Avec Crédence - Noyer/Gris,4599.0,,0.0,https://www.kitea.com/bureau-respect-avec-credence-noyer-gris.html,https://www.kitea.com/media/catalog/product/cache/c06d1bb5eedf825ac39d687cd7d5d37e/1/0/10113828661-i.png,kitea,Mobilier Pro,2026-06-11 17:43:19,False,Premium (4000-10k),kitea_5728
Bureau Presidentiel Leader Droit Avec Eclairage Led 320Cm - Marron / Gris,12999.0,26999.0,51.9,https://www.kitea.com/bureau-presidentiel-leader-droit-avec-eclairage-led-320cm-marron-gris.html,https://www.kitea.com/media/catalog/product/cache/c06d1bb5eedf825ac39d687cd7d5d37e/1/0/10101551661-77.png,kitea,Mobilier Pro,2026-06-11 18:54:52,True,Luxe (>10k),kitea_5730
Chaise Style Plus Avec Accoudoirs Mesh,999.0,,0.0,https://www.kitea.com/chaise-style-plus-avec-accoudoirs-mesh.html,https://www.kitea.com/media/catalog/product/cache/c06d1bb5eedf825ac39d687cd7d5d37e/_/1/_1_0_10031824333-1_1.jpg,kitea,Mobilier Pro,2026-06-11 17:44:53,False,Économique (500-1500),kitea_5743
Élément Haut Disegno - Oak Foncé,2195.0,3995.0,45.1,https://www.kitea.com/element-haut-disegno-oak-fonce.html,https://www.kitea.com/media/catalog/product/cache/c06d1bb5eedf825ac39d687cd7d5d37e/1/0/10012629285.jpg,kitea,Mobilier Pro,2026-06-11 17:44:53,True,Milieu (1500-4000),kitea_5756
Table De Café Polar Pro - Blanc,899.0,,0.0,https://www.kitea.com/table-de-cafe-polar-pro-blanc.html,https://www.kitea.com/media/catalog/product/cache/c06d1bb5eedf825ac39d687cd7d5d37e/1/0/10113973315-b11_1_.png,kitea,Mobilier Pro,2026-06-11 18:55:07,False,Économique (500-1500),kitea_5788
Fauteuil President Workwell,4999.0,,0.0,https://www.kitea.com/fauteuil-president-workwell.html,https://www.kitea.com/media/catalog/product/cache/c06d1bb5eedf825ac39d687cd7d5d37e/1/0/10102434234-1_1.jpg,kitea,Mobilier Pro,2026-06-11 18:54:52,False,Premium (4000-10k),kitea_5789
Bureau Osiris - Blanc,795.0,,0.0,https://www.kitea.com/bureau-osiris-blanc.html,https://www.kitea.com/media/catalog/product/cache/c06d1bb5eedf825ac39d687cd7d5d37e/_/1/_1_0_10011602315_edited.jpg,kitea,Mobilier Pro,2026-06-11 17:43:53,False,Économique (500-1500),kitea_5796
Élément De Rangement Astoria 100Cm - Marron,3999.0,,0.0,https://www.kitea.com/element-de-rangement-astoria-100cm-marron.html,https://www.kitea.com/media/catalog/product/cache/c06d1bb5eedf825ac39d687cd7d5d37e/1/0/10113836242.png,kitea,Mobilier Pro,2026-06-11 17:43:19,False,Milieu (1500-4000),kitea_5811
Fauteuil Ventura En Mesh,1599.0,,0.0,https://www.kitea.com/fauteuil-ventura-en-mesh.html,https://www.kitea.com/media/catalog/product/cache/c06d1bb5eedf825ac39d687cd7d5d37e/v/_/v_0005_ventura_0004_ht-921bg-1_2__1.jpg,kitea,Mobilier Pro,2026-06-11 17:44:06,False,Milieu (1500-4000),kitea_5813
Table De Café Vega Pro 120Cm - Chêne Beige,3999.0,,0.0,https://www.kitea.com/table-de-cafe-vega-120x60x45cm-chene-beige.html,https://www.kitea.com/media/catalog/product/cache/c06d1bb5eedf825ac39d687cd7d5d37e/1/0/10101564332-7_3_.png,kitea,Mobilier Pro,2026-06-11 18:54:38,False,Milieu (1500-4000),kitea_5822
Fauteuil Président Postura,3299.0,,0.0,https://www.kitea.com/fauteuil-president-postura.html,https://www.kitea.com/media/catalog/product/cache/c06d1bb5eedf825ac39d687cd7d5d37e/1/0/10113843234-b_1_2__1.png,kitea,Mobilier Pro,2026-06-11 18:55:07,False,Milieu (1500-4000),kitea_5833
Colonne 3 Niches Pronto - Chêne,795.0,,0.0,https://www.kitea.com/colonne-3-niches-pronto-chene.html,https://www.kitea.com/media/catalog/product/cache/c06d1bb5eedf825ac39d687cd7d5d37e/1/0/10115330541-1.png,kitea,Mobilier Pro,2026-06-11 18:55:07,False,Économique (500-1500),kitea_5860
Fauteuil Président Modway,1999.0,,0.0,https://www.kitea.com/fauteuil-president-modway.html,https://www.kitea.com/media/catalog/product/cache/c06d1bb5eedf825ac39d687cd7d5d37e/g/h/gh2a8621_1.png,kitea,Mobilier Pro,2026-06-11 18:54:52,False,Milieu (1500-4000),kitea_5869
Fauteuil Président Overflowing - Noir,5399.0,5999.0,10.0,https://www.kitea.com/fauteuil-president-overflowing-noir.html,https://www.kitea.com/media/catalog/product/cache/c06d1bb5eedf825ac39d687cd7d5d37e/1/0/10088822234-1.png,kitea,Mobilier Pro,2026-06-11 17:43:41,True,Premium (4000-10k),kitea_5874
Casier Solidis 9 Portes Avec Serrures - Blanc/Gris,6399.0,,0.0,https://www.kitea.com/casier-solidis-9-portess-avec-serrures-blanc-gris.html,https://www.kitea.com/media/catalog/product/cache/c06d1bb5eedf825ac39d687cd7d5d37e/1/0/10114048328-t.png,kitea,Mobilier Pro,2026-06-11 18:55:07,False,Premium (4000-10k),kitea_5877
Élément Bas Core 80X35X110Cm - Chêne,799.0,1959.0,59.2,https://www.kitea.com/element-bas-core-80x35x110cm-chene.html,https://www.kitea.com/media/catalog/product/cache/c06d1bb5eedf825ac39d687cd7d5d37e/1/0/10060142541-1.jpg,kitea,Mobilier Pro,2026-06-11 17:43:53,True,Économique (500-1500),kitea_5891
Élément De Rangement  Disegno Art 6 Niches 44Cm - Beige,2195.0,,0.0,https://www.kitea.com/element-de-rangement-disegno-art-6-niches-44cm-beige.html,https://www.kitea.com/media/catalog/product/cache/c06d1bb5eedf825ac39d687cd7d5d37e/1/0/10094298824-1.png,kitea,Mobilier Pro,2026-06-11 17:43:30,False,Milieu (1500-4000),kitea_5901
Table Café Respect - Noyer / Gris,1299.0,3299.0,60.6,https://www.kitea.com/table-cafe-respect-noyer-gris.html,https://www.kitea.com/media/catalog/product/cache/c06d1bb5eedf825ac39d687cd7d5d37e/1/0/10076913661-1.jpg,kitea,Mobilier Pro,2026-06-11 17:43:41,True,Économique (500-1500),kitea_5908
Chaise Style Plus Avec Accoudoirs Mesh À Motifs,1079.0,,0.0,https://www.kitea.com/chaise-style-plus-avec-accoudoirs-mesh-a-motifs.html,https://www.kitea.com/media/catalog/product/cache/c06d1bb5eedf825ac39d687cd7d5d37e/_/1/_1_0_10031833333-1_1.jpg,kitea,Mobilier Pro,2026-06-11 17:44:53,False,Économique (500-1500),kitea_5922
Bureau DISEGNO STD Avec Retour 180X69X75Cm - Chêne Foncé,2395.0,2795.0,14.3,https://www.kitea.com/bureau-disegno-avec-retour-180x69x75cm-chene-fonce.html,https://www.kitea.com/media/catalog/product/cache/c06d1bb5eedf825ac39d687cd7d5d37e/_/1/_1_0_10014403285.jpg,kitea,Mobilier Pro,2026-06-11 17:43:53,True,Milieu (1500-4000),kitea_5940
Fauteuil Président Coach 2.0,2599.0,,0.0,https://www.kitea.com/fauteuil-president-coach-2-0.html,https://www.kitea.com/media/catalog/product/cache/c06d1bb5eedf825ac39d687cd7d5d37e/1/0/10110388234-l_2.jpg,kitea,Mobilier Pro,2026-06-11 17:44:32,False,Milieu (1500-4000),kitea_5948
Fauteuil Sénateur Legato,2699.0,,0.0,https://www.kitea.com/fauteuil-senateur-legato.html,https://www.kitea.com/media/catalog/product/cache/c06d1bb5eedf825ac39d687cd7d5d37e/1/0/10114150234-i_1.png,kitea,Mobilier Pro,2026-06-11 17:44:06,False,Milieu (1500-4000),kitea_5953
Fauteuil Play Time,4099.0,,0.0,https://www.kitea.com/fauteuil-play-time.html,https://www.kitea.com/media/catalog/product/cache/c06d1bb5eedf825ac39d687cd7d5d37e/p/l/playtime_0006_playtime_0008_sf-3071_hc8802-33_2__1.jpg,kitea,Mobilier Pro,2026-06-11 17:44:06,False,Premium (4000-10k),kitea_5959
Bureau Présidentiel Cascade Veneer Gauche 320Cm - Marron / Taupe,12999.0,33999.0,61.8,https://www.kitea.com/bureau-presidentiel-cascade-veneer-gauche-320cm-marron-taupe.html,https://www.kitea.com/media/catalog/product/cache/c06d1bb5eedf825ac39d687cd7d5d37e/1/0/10102750216-8_1__1.png,kitea,Mobilier Pro,2026-06-11 18:54:52,True,Luxe (>10k),kitea_5984
Fauteuil Visiteur Durarest Pu,1599.0,,0.0,https://www.kitea.com/fauteuil-visiteur-durarest-pu.html,https://www.kitea.com/media/catalog/product/cache/c06d1bb5eedf825ac39d687cd7d5d37e/1/0/10113854368-y_1.png,kitea,Mobilier Pro,2026-06-11 17:44:06,False,Milieu (1500-4000),kitea_6009
Élément De Rangement 2 Portes et 1 Tiroir Pronto - Chêne,1495.0,,0.0,https://www.kitea.com/element-de-rangement-2-portes-pronto-chene.html,https://www.kitea.com/media/catalog/product/cache/c06d1bb5eedf825ac39d687cd7d5d37e/1/0/10115329541-1.png,kitea,Mobilier Pro,2026-06-11 18:55:07,False,Économique (500-1500),kitea_6011
Élément Bas Respect - Marron  / Gris,2299.0,,0.0,https://www.kitea.com/element-bas-respect-marron-gris.html,https://www.kitea.com/media/catalog/product/cache/c06d1bb5eedf825ac39d687cd7d5d37e/1/0/10088666661-2.png,kitea,Mobilier Pro,2026-06-11 17:43:41,False,Milieu (1500-4000),kitea_6018
Table Basse Uranus  En Verre  Noir,1595.0,2499.0,36.2,https://www.kitea.com/table-basse-uranus-en-verre-noir.html,https://www.kitea.com/media/catalog/product/cache/c06d1bb5eedf825ac39d687cd7d5d37e/_/t/_t_a_table_uranus_noir-123.jpg,kitea,Mobilier Pro,2026-06-11 17:44:53,True,Milieu (1500-4000),kitea_6025
Élément De Rangement  Disegno Art 6 Niches + 2 Portes - Blanc Crème / Beige,3899.0,3995.0,2.4,https://www.kitea.com/element-de-rangement-disegno-art-6-niches-2-portes-blanc-creme-beige.html,https://www.kitea.com/media/catalog/product/cache/c06d1bb5eedf825ac39d687cd7d5d37e/1/0/10094295824.png,kitea,Mobilier Pro,2026-06-11 18:54:52,True,Milieu (1500-4000),kitea_6038
Bureau Beach Blanc,1790.0,,0.0,https://www.kitea.com/bureau-beach-blanc.html,https://www.kitea.com/media/catalog/product/cache/c06d1bb5eedf825ac39d687cd7d5d37e/_/1/_1_0_10028140541-1k.jpg,kitea,Mobilier Pro,2026-06-11 17:44:06,False,Milieu (1500-4000),kitea_6056
Table De Reunion Respect - Blanc,5999.0,,0.0,https://www.kitea.com/table-de-reunion-respect-blanc.html,https://www.kitea.com/media/catalog/product/cache/c06d1bb5eedf825ac39d687cd7d5d37e/1/0/10113904315-rtt.png,kitea,Mobilier Pro,2026-06-11 17:43:19,False,Premium (4000-10k),kitea_6085
Bureau Disegno Art 180Cm - Beige,1795.0,1995.0,10.0,https://www.kitea.com/bureau-disegno-art-180cm-beige.html,https://www.kitea.com/media/catalog/product/cache/c06d1bb5eedf825ac39d687cd7d5d37e/1/0/10094289824-1.jpg,kitea,Mobilier Pro,2026-06-11 17:44:32,True,Milieu (1500-4000),kitea_6114
Fauteuil Sénateur Coach 2.0,2399.0,,0.0,https://www.kitea.com/fauteuil-senateur-coach-2-0.html,https://www.kitea.com/media/catalog/product/cache/c06d1bb5eedf825ac39d687cd7d5d37e/1/0/10110389234-t_1.jpg,kitea,Mobilier Pro,2026-06-11 17:44:32,False,Milieu (1500-4000),kitea_6116
Élément Bas Polar Pro - Blanc,1899.0,,0.0,https://www.kitea.com/element-bas-polar-pro-blanc.html,https://www.kitea.com/media/catalog/product/cache/c06d1bb5eedf825ac39d687cd7d5d37e/1/0/10113968315-c.png,kitea,Mobilier Pro,2026-06-11 18:55:07,False,Milieu (1500-4000),kitea_6145
Fauteuil Guest Line PU,2199.0,,0.0,https://www.kitea.com/fauteuil-guest-line-pu.html,https://www.kitea.com/media/catalog/product/cache/c06d1bb5eedf825ac39d687cd7d5d37e/g/u/guest_line_0001_guest_0013_8046_guest_line_black_3__1.jpg,kitea,Mobilier Pro,2026-06-11 17:44:06,False,Milieu (1500-4000),kitea_6178
Élément De Rangement 2 Portes/Vit Start Pro - Noyer/Gris,4799.0,,0.0,https://www.kitea.com/element-de-rangement-2-portes-vit-start-pro-noyer-gris.html,https://www.kitea.com/media/catalog/product/cache/c06d1bb5eedf825ac39d687cd7d5d37e/s/t/startpro_0004_startpro_0030_98bdb009.jpg,kitea,Mobilier Pro,2026-06-11 17:44:32,False,Premium (4000-10k),kitea_6187
Podium Start Pro - Noyer/Gris,2099.0,,0.0,https://www.kitea.com/podium-start-pro-noyer-gris.html,https://www.kitea.com/media/catalog/product/cache/c06d1bb5eedf825ac39d687cd7d5d37e/s/t/startpro_0000_startpro_0034_27ejs001_1_.jpg,kitea,Mobilier Pro,2026-06-11 18:55:22,False,Milieu (1500-4000),kitea_6199
Chaise Noteseat,1099.0,,0.0,https://www.kitea.com/chaise-noteseat.html,https://www.kitea.com/media/catalog/product/cache/c06d1bb5eedf825ac39d687cd7d5d37e/1/0/10108420274_1_1.jpg,kitea,Mobilier Pro,2026-06-11 17:43:19,False,Économique (500-1500),kitea_6204
Table Basse Majesty - Marron / Beige,2699.0,3199.0,15.6,https://www.kitea.com/table-basse-majesty-marron-beige.html,https://www.kitea.com/media/catalog/product/cache/c06d1bb5eedf825ac39d687cd7d5d37e/1/0/10101982332-7.png,kitea,Mobilier Pro,2026-06-11 18:54:37,True,Milieu (1500-4000),kitea_6211
Table De Réunion Astoria - Marron,12999.0,,0.0,https://www.kitea.com/table-de-reunion-astoria-marron.html,https://www.kitea.com/media/catalog/product/cache/c06d1bb5eedf825ac39d687cd7d5d37e/o/z/oz-3913.jpg,kitea,Mobilier Pro,2026-06-11 17:43:19,False,Luxe (>10k),kitea_6218
Élément Bas Majesty 120Cm  - Marron / Beige,1999.0,3299.0,39.4,https://www.kitea.com/element-bas-majesty-120cm-marron-beige.html,https://www.kitea.com/media/catalog/product/cache/c06d1bb5eedf825ac39d687cd7d5d37e/1/0/10101989332-33.jpg,kitea,Mobilier Pro,2026-06-11 18:54:37,True,Milieu (1500-4000),kitea_6222
Élément De Rangement 2 Portes Vitrées Polar Pro - Blanc,4799.0,,0.0,https://www.kitea.com/element-de-rangement-2-portes-vit-polar-pro-blanc.html,https://www.kitea.com/media/catalog/product/cache/c06d1bb5eedf825ac39d687cd7d5d37e/1/0/10113970315-b13.png,kitea,Mobilier Pro,2026-06-11 18:55:07,False,Premium (4000-10k),kitea_6224
Élément Haut Core 80X35X218Cm - Oak,1699.0,2999.0,43.3,https://www.kitea.com/element-haut-core-80x35x218cm-oak.html,https://www.kitea.com/media/catalog/product/cache/c06d1bb5eedf825ac39d687cd7d5d37e/_/1/_1_0_10060143541.jpg,kitea,Mobilier Pro,2026-06-11 17:43:53,True,Milieu (1500-4000),kitea_6239
Bureau Rio Office - Marron,999.0,1499.0,33.4,https://www.kitea.com/bureau-rio-office-marron.html,https://www.kitea.com/media/catalog/product/cache/c06d1bb5eedf825ac39d687cd7d5d37e/1/0/10088287242-5.png,kitea,Mobilier Pro,2026-06-11 17:43:30,True,Économique (500-1500),kitea_6242
Fauteuil Visiteur Timeless,1599.0,,0.0,https://www.kitea.com/fauteuil-visiteur-timeless.html,https://www.kitea.com/media/catalog/product/cache/c06d1bb5eedf825ac39d687cd7d5d37e/1/0/10102614313-visiteur1.png,kitea,Mobilier Pro,2026-06-11 17:44:32,False,Milieu (1500-4000),kitea_6278
Chaise Style Plus Sans Accoudoirs Mesh,899.0,,0.0,https://www.kitea.com/chaise-style-plus-sans-accoudoirs-mesh.html,https://www.kitea.com/media/catalog/product/cache/c06d1bb5eedf825ac39d687cd7d5d37e/_/1/_1_0_10031829234-11_1.jpg,kitea,Mobilier Pro,2026-06-11 17:44:53,False,Économique (500-1500),kitea_6280
Bureau Ambre Blanc,1790.0,,0.0,https://www.kitea.com/bureau-ambre-blanc.html,https://www.kitea.com/media/catalog/product/cache/c06d1bb5eedf825ac39d687cd7d5d37e/_/1/_1_0_10011656404_1.jpg,kitea,Mobilier Pro,2026-06-11 17:44:06,False,Milieu (1500-4000),kitea_6293
Élément Moyen New Apex  - Marron / Noir,7999.0,,0.0,https://www.kitea.com/element-moyen-new-apex-marron-noir.html,https://www.kitea.com/media/catalog/product/cache/c06d1bb5eedf825ac39d687cd7d5d37e/1/0/10102741541-1.jpg,kitea,Mobilier Pro,2026-06-11 17:43:30,False,Premium (4000-10k),kitea_6297
Casier Solidis 4 Portes Avec Serrures - Blanc / Gris,3599.0,,0.0,https://www.kitea.com/casier-solidis-4-portes-avec-serrures-blanc-gris.html,https://www.kitea.com/media/catalog/product/cache/c06d1bb5eedf825ac39d687cd7d5d37e/1/0/10113921328-2.png,kitea,Mobilier Pro,2026-06-11 18:55:22,False,Milieu (1500-4000),kitea_6299
Bureau Linate - Blanc,1890.0,,0.0,https://www.kitea.com/bureau-linate-blanc.html,https://www.kitea.com/media/catalog/product/cache/c06d1bb5eedf825ac39d687cd7d5d37e/_/1/_1_0_10037664597_1.jpg,kitea,Mobilier Pro,2026-06-11 17:44:06,False,Milieu (1500-4000),kitea_6300
Banc D'Acceuil Godot 3 Places -  Noir / Argenté,2899.0,,0.0,https://www.kitea.com/banc-d-acceuil-godot-3-places-noir-argente.html,https://www.kitea.com/media/catalog/product/cache/c06d1bb5eedf825ac39d687cd7d5d37e/1/0/10102403284-1.jpg,kitea,Mobilier Pro,2026-06-11 17:43:30,False,Milieu (1500-4000),kitea_6312
Élément De Rangement Taskline - Marron / Blanc,9999.0,,0.0,https://www.kitea.com/element-de-rangement-taskline-marron-blanc.html,https://www.kitea.com/media/catalog/product/cache/c06d1bb5eedf825ac39d687cd7d5d37e/1/0/10113839243-ttyh.png,kitea,Mobilier Pro,2026-06-11 17:43:19,False,Premium (4000-10k),kitea_6319
Bureau Présidentiel Cascade Veneer Droit 320Cm - Marron / Taupe,13999.0,33999.0,58.8,https://www.kitea.com/bureau-presidentiel-cascade-veneer-droit-320cm-marron-taupe.html,https://www.kitea.com/media/catalog/product/cache/c06d1bb5eedf825ac39d687cd7d5d37e/1/0/10102749216-1_1.jpg,kitea,Mobilier Pro,2026-06-11 18:54:52,True,Luxe (>10k),kitea_6337
Bureau Presidentiel Majesty Gauche - Marron / Beige,13999.0,22999.0,39.1,https://www.kitea.com/bureau-presidentiel-majesty-gauche-marron-beige.html,https://www.kitea.com/media/catalog/product/cache/c06d1bb5eedf825ac39d687cd7d5d37e/1/0/10101976332-1_1.png,kitea,Mobilier Pro,2026-06-11 18:54:37,True,Luxe (>10k),kitea_6340
Fauteuil De Bureau Essentiel,1999.0,,0.0,https://www.kitea.com/fauteuil-de-bureau-essentiel.html,https://www.kitea.com/media/catalog/product/cache/c06d1bb5eedf825ac39d687cd7d5d37e/1/0/10102419315-7_1.jpg,kitea,Mobilier Pro,2026-06-11 17:44:32,False,Milieu (1500-4000),kitea_6351
Élément Haut Embassy Prime - Marron / Gris,12999.0,19999.0,35.0,https://www.kitea.com/element-haut-embassy-prime-marron-gris.html,https://www.kitea.com/media/catalog/product/cache/c06d1bb5eedf825ac39d687cd7d5d37e/1/0/10101904661-7.png,kitea,Mobilier Pro,2026-06-11 17:44:53,True,Luxe (>10k),kitea_6374
Casier Solidis 6 Portes Avec Serrures - Blanc / Gris,3999.0,,0.0,https://www.kitea.com/casier-solidis-6-portes-avec-serrures-blanc-gris.html,https://www.kitea.com/media/catalog/product/cache/c06d1bb5eedf825ac39d687cd7d5d37e/1/0/10113922328-j.png,kitea,Mobilier Pro,2026-06-11 18:55:22,False,Milieu (1500-4000),kitea_6381
Élément Moyen Oscar Z - Chêne / Gris,6999.0,,0.0,https://www.kitea.com/element-moyen-oscar-z-chene-gris.html,https://www.kitea.com/media/catalog/product/cache/c06d1bb5eedf825ac39d687cd7d5d37e/1/0/10080354123-1.jpg,kitea,Mobilier Pro,2026-06-11 17:43:41,False,Premium (4000-10k),kitea_6382
Caisson Rio - Marron,999.0,1399.0,28.6,https://www.kitea.com/caisson-rio-marron.html,https://www.kitea.com/media/catalog/product/cache/c06d1bb5eedf825ac39d687cd7d5d37e/1/0/10088290242-1.png,kitea,Mobilier Pro,2026-06-11 17:43:30,True,Économique (500-1500),kitea_6390
Chaise Comptoir Elevate Mesh,2399.0,,0.0,https://www.kitea.com/chaise-comptoir-elevate-mesh.html,https://www.kitea.com/media/catalog/product/cache/c06d1bb5eedf825ac39d687cd7d5d37e/1/0/10113767294-t_1.jpg,kitea,Mobilier Pro,2026-06-11 17:44:32,False,Milieu (1500-4000),kitea_6411
Élément Bas Majesty 80Cm  - Marron / Beige,1999.0,2299.0,13.0,https://www.kitea.com/element-bas-majesty-80cm-marron-beige.html,https://www.kitea.com/media/catalog/product/cache/c06d1bb5eedf825ac39d687cd7d5d37e/1/0/10101987332-70.jpg,kitea,Mobilier Pro,2026-06-11 18:54:37,True,Milieu (1500-4000),kitea_6424
Table de réunion Start Pro – Format compact 120 × 75 cm,2599.0,,0.0,https://www.kitea.com/table-de-reunion-start-pro-format-compact-120-75-cm.html,https://www.kitea.com/media/catalog/product/cache/c06d1bb5eedf825ac39d687cd7d5d37e/d/e/design_sans_titre_52_.jpg,kitea,Mobilier Pro,2026-06-11 18:55:07,False,Milieu (1500-4000),kitea_6428
Table Basse Elegance Fashion - Beige / Gris Foncé,1999.0,4999.0,60.0,https://www.kitea.com/table-basse-elegance-fashion-beige-gris-fonce.html,https://www.kitea.com/media/catalog/product/cache/c06d1bb5eedf825ac39d687cd7d5d37e/1/0/10055852880-1.jpg,kitea,Mobilier Pro,2026-06-11 17:44:53,True,Milieu (1500-4000),kitea_6442
Élément De Rangement Rio  2 Portes - Marron,1699.0,1999.0,15.0,https://www.kitea.com/element-de-rangement-rio-2-portes-marron.html,https://www.kitea.com/media/catalog/product/cache/c06d1bb5eedf825ac39d687cd7d5d37e/1/0/10088292242-1.png,kitea,Mobilier Pro,2026-06-11 17:43:41,True,Milieu (1500-4000),kitea_6447
Chaise Noteseat Avec Écritoire,1299.0,,0.0,https://www.kitea.com/chaise-noteseat-avec-ecritoire.html,https://www.kitea.com/media/catalog/product/cache/c06d1bb5eedf825ac39d687cd7d5d37e/1/0/10108424333_1_1.jpg,kitea,Mobilier Pro,2026-06-11 17:43:19,False,Économique (500-1500),kitea_6476
Bureau Selene 158x76cm - Blanc,2490.0,,0.0,https://www.kitea.com/bureau-selene-158-76-blanc.html,https://www.kitea.com/media/catalog/product/cache/c06d1bb5eedf825ac39d687cd7d5d37e/_/1/_1_0_10045702605-22.jpg,kitea,Mobilier Pro,2026-06-11 17:44:06,False,Milieu (1500-4000),kitea_6480
Fauteuil Sénateur 4Task - Noir,1499.0,,0.0,https://www.kitea.com/fauteuil-senateur-4task-noir.html,https://www.kitea.com/media/catalog/product/cache/c06d1bb5eedf825ac39d687cd7d5d37e/1/0/10076918234-1.jpg,kitea,Mobilier Pro,2026-06-11 17:43:41,False,Économique (500-1500),kitea_6491
Table Cafe Cascade Veneer  - Marron / Taupe,2699.0,6999.0,61.4,https://www.kitea.com/table-cafe-cascade-veneer-marron-taupe-10102756216.html,https://www.kitea.com/media/catalog/product/cache/c06d1bb5eedf825ac39d687cd7d5d37e/1/0/10102756216-8.jpg,kitea,Mobilier Pro,2026-06-11 18:54:52,True,Milieu (1500-4000),kitea_6512
Workstation Start Pro 4 Places - Noyer/Gris,5499.0,,0.0,https://www.kitea.com/workstation-start-pro-4-places-noyer-gris.html,https://www.kitea.com/media/catalog/product/cache/c06d1bb5eedf825ac39d687cd7d5d37e/1/0/10113951661-4.png,kitea,Mobilier Pro,2026-06-11 18:55:22,False,Premium (4000-10k),kitea_6524
Rangement Majesty 120Cm - Marron / Beige,599.0,999.0,40.0,https://www.kitea.com/rangement-majesty-120cm-marron-beige.html,https://www.kitea.com/media/catalog/product/cache/c06d1bb5eedf825ac39d687cd7d5d37e/1/0/10101990332-1.jpg,kitea,Mobilier Pro,2026-06-11 18:54:37,True,Économique (500-1500),kitea_6531
Pack Salon De Bureau Essentiel 3+1+1,8999.0,,0.0,https://www.kitea.com/pack-salon-de-bureau-essentiel-3-1-1.html,https://www.kitea.com/media/catalog/product/cache/c06d1bb5eedf825ac39d687cd7d5d37e/1/0/10102425234-b22_1.jpg,kitea,Mobilier Pro,2026-06-11 18:54:52,False,Premium (4000-10k),kitea_6547
Élément De Rangement  Disegno Art 3 Niches + 2 Portes - Blanc Crème / Beige,2995.0,,0.0,https://www.kitea.com/element-de-rangement-disegno-art-3-niches-2-portes-blanc-creme-beige.html,https://www.kitea.com/media/catalog/product/cache/c06d1bb5eedf825ac39d687cd7d5d37e/1/0/10094293824-7.png,kitea,Mobilier Pro,2026-06-11 18:54:52,False,Milieu (1500-4000),kitea_6548
Bureau Directionnel Astoria - Marron,14999.0,,0.0,https://www.kitea.com/bureau-directionnel-astoria-marron.html,https://www.kitea.com/media/catalog/product/cache/c06d1bb5eedf825ac39d687cd7d5d37e/o/z/oz-2018-1.jpg,kitea,Mobilier Pro,2026-06-11 17:43:19,False,Luxe (>10k),kitea_6549
Workstation Start Pro 2 Places - Noyer/Gris,3399.0,,0.0,https://www.kitea.com/workstation-start-pro-2-places-noyer-gris.html,https://www.kitea.com/media/catalog/product/cache/c06d1bb5eedf825ac39d687cd7d5d37e/1/0/10113950661-ty.png,kitea,Mobilier Pro,2026-06-11 18:55:22,False,Milieu (1500-4000),kitea_6558
Bureau Disegno 180Cm - Blanc Nacré,2199.0,2599.0,15.4,https://www.kitea.com/bureau-disegno-180cm-blanc-nacre.html,https://www.kitea.com/media/catalog/product/cache/c06d1bb5eedf825ac39d687cd7d5d37e/1/0/10094288864-12.png,kitea,Mobilier Pro,2026-06-11 17:43:30,True,Milieu (1500-4000),kitea_6569
Bureau Disegno Avec Retour Caisson Non Inclus - Blanc Nacré,3299.0,3795.0,13.1,https://www.kitea.com/bureau-disegno-avec-retour-caisson-non-inclus-blanc-nacre.html,https://www.kitea.com/media/catalog/product/cache/c06d1bb5eedf825ac39d687cd7d5d37e/1/0/10094287864-s11.png,kitea,Mobilier Pro,2026-06-11 17:43:30,True,Milieu (1500-4000),kitea_6583
Bureau Net - Noir,1790.0,,0.0,https://www.kitea.com/bureau-net-noir.html,https://www.kitea.com/media/catalog/product/cache/c06d1bb5eedf825ac39d687cd7d5d37e/_/1/_1_0_10018817227-1.jpg,kitea,Mobilier Pro,2026-06-11 17:44:06,False,Milieu (1500-4000),kitea_6612
Bureau Respect + Crédence Et Pied Métallique 180X160X75Cm - Noyer / Gris,6499.0,,0.0,https://www.kitea.com/bureau-respect-credence-et-pied-metallique-180x160x75cm-noyer-gris.html,https://www.kitea.com/media/catalog/product/cache/c06d1bb5eedf825ac39d687cd7d5d37e/1/0/10076908661-2_1.jpg,kitea,Mobilier Pro,2026-06-11 17:43:41,False,Premium (4000-10k),kitea_6614
Bureau Directionnel Vega Pro - Chêne / Beige,8999.0,,0.0,https://www.kitea.com/bureau-directionnel-vega-180x175x75m-chene-beige.html,https://www.kitea.com/media/catalog/product/cache/c06d1bb5eedf825ac39d687cd7d5d37e/1/0/10101558332-1_1.jpg,kitea,Mobilier Pro,2026-06-11 18:54:38,False,Premium (4000-10k),kitea_6627
Fauteuil Visiteur New Or10,3499.0,,0.0,https://www.kitea.com/fauteuil-visiteur-new-or10.html,https://www.kitea.com/media/catalog/product/cache/c06d1bb5eedf825ac39d687cd7d5d37e/1/0/10088820234-4_2.png,kitea,Mobilier Pro,2026-06-11 17:44:53,False,Milieu (1500-4000),kitea_6638
Étagère Rio 5 Niches - Marron,1299.0,,0.0,https://www.kitea.com/etagere-rio-5-niches-marron.html,https://www.kitea.com/media/catalog/product/cache/c06d1bb5eedf825ac39d687cd7d5d37e/1/0/10091057242-base100.png,kitea,Mobilier Pro,2026-06-11 17:43:30,False,Économique (500-1500),kitea_6645
Caisson Disegno Art 3 Tiroirs -Artis/oak,1595.0,,0.0,https://www.kitea.com/caisson-disegno-art-3-tiroirs-artis-oak.html,https://www.kitea.com/media/catalog/product/cache/c06d1bb5eedf825ac39d687cd7d5d37e/c/a/caisson-updat-designoart-i.png,kitea,Mobilier Pro,2026-06-11 17:43:19,False,Milieu (1500-4000),kitea_6662
Fauteuil Sénateur Durarest Pu,2049.0,,0.0,https://www.kitea.com/fauteuil-senateur-durarest-pu.html,https://www.kitea.com/media/catalog/product/cache/c06d1bb5eedf825ac39d687cd7d5d37e/d/u/durarrrist_0014_untitled-1_0003_sp-511b_270-09_3__1.jpg,kitea,Mobilier Pro,2026-06-11 17:44:06,False,Milieu (1500-4000),kitea_6676
Élément de rangement DISEGNO STD 3 niches + 2 portes - Oak Foncé,2295.0,,0.0,https://www.kitea.com/element-moyen-disegno-oak-fonce.html,https://www.kitea.com/media/catalog/product/cache/c06d1bb5eedf825ac39d687cd7d5d37e/_/w/_w_e_website_paysage_template_1_41.jpg,kitea,Mobilier Pro,2026-06-11 17:43:53,False,Milieu (1500-4000),kitea_6681
Caisson Mobile Disegno - Blanc,1795.0,,0.0,https://www.kitea.com/caisson-mobile-disegno-blanc.html,https://www.kitea.com/media/catalog/product/cache/c06d1bb5eedf825ac39d687cd7d5d37e/_/1/_1_0_10034086315-1k.jpg,kitea,Mobilier Pro,2026-06-11 17:43:53,False,Milieu (1500-4000),kitea_6706
Table De Café Oscar Z - Chêne / Gris,1599.0,,0.0,https://www.kitea.com/table-de-cafe-oscar-z-chene-gris.html,https://www.kitea.com/media/catalog/product/cache/c06d1bb5eedf825ac39d687cd7d5d37e/1/0/10080355123-1.jpg,kitea,Mobilier Pro,2026-06-11 17:44:53,False,Milieu (1500-4000),kitea_6708
Fauteuil Président New Or10,4999.0,,0.0,https://www.kitea.com/fauteuil-president-new-or10.html,https://www.kitea.com/media/catalog/product/cache/c06d1bb5eedf825ac39d687cd7d5d37e/1/0/10088818234-1_2.png,kitea,Mobilier Pro,2026-06-11 18:54:52,False,Premium (4000-10k),kitea_6710
Bureau Combino - Chêne Marron,1390.0,,0.0,https://www.kitea.com/bureau-combino-chene-marron.html,https://www.kitea.com/media/catalog/product/cache/c06d1bb5eedf825ac39d687cd7d5d37e/_/1/_1_0_10038854541-2222.jpg,kitea,Mobilier Pro,2026-06-11 17:44:06,False,Économique (500-1500),kitea_6717
Caisson Rio Office,999.0,,0.0,https://www.kitea.com/caisson-rio-office.html,https://www.kitea.com/media/catalog/product/cache/c06d1bb5eedf825ac39d687cd7d5d37e/1/0/10091039420-1_3.png,kitea,Mobilier Pro,2026-06-11 17:43:30,False,Économique (500-1500),kitea_6723
Élément De Rangement 5 Niches + 2 Portes Pronto - Chêne,2295.0,,0.0,https://www.kitea.com/element-de-rangement-5-niches-2-portes-pronto-chene.html,https://www.kitea.com/media/catalog/product/cache/c06d1bb5eedf825ac39d687cd7d5d37e/1/0/10115331541-88.png,kitea,Mobilier Pro,2026-06-11 18:55:07,False,Milieu (1500-4000),kitea_6725
Table De Cafe Start Pro 120Cm  - Noyer/Gris,1399.0,,0.0,https://www.kitea.com/table-de-cafe-start-pro-120cm-noyer-gris.html,https://www.kitea.com/media/catalog/product/cache/c06d1bb5eedf825ac39d687cd7d5d37e/s/t/startpro_0014_startpro_0015_98tdb005_1_.jpg,kitea,Mobilier Pro,2026-06-11 18:55:22,False,Économique (500-1500),kitea_6738
Chaise Avec Ecritoire Easynote - Noir,1099.0,2199.0,50.0,https://www.kitea.com/chaise-avec-ecritoire-easynote-noir.html,https://www.kitea.com/media/catalog/product/cache/c06d1bb5eedf825ac39d687cd7d5d37e/1/0/10108418333-yyu.jpg,kitea,Mobilier Pro,2026-06-11 18:55:22,True,Économique (500-1500),kitea_6759
Chaise De Réception Bench - Moutarde,399.0,949.0,58.0,https://www.kitea.com/chaise-de-reception-bench-moutarde.html,https://www.kitea.com/media/catalog/product/cache/c06d1bb5eedf825ac39d687cd7d5d37e/1/0/10086927129-33.png,kitea,Mobilier Pro,2026-06-11 17:44:53,True,Entrée (<500),kitea_6764
Fauteuil Sénateur Respira En Mesh,1549.0,,0.0,https://www.kitea.com/fauteuil-senateur-respira-mesh.html,https://www.kitea.com/media/catalog/product/cache/c06d1bb5eedf825ac39d687cd7d5d37e/6/3/631b-b_1.jpg,kitea,Mobilier Pro,2026-06-11 17:44:32,False,Milieu (1500-4000),kitea_6766
Bureau Function Plus + 3 Tiroirs Et 1Tiroir Avec Serrure -Blanc,1390.0,,0.0,https://www.kitea.com/bureau-function-plus-3-tiroirs-et-1tiroir-avec-serrure-blanc.html,https://www.kitea.com/media/catalog/product/cache/c06d1bb5eedf825ac39d687cd7d5d37e/_/b/_b_u_bureau_fonctionnel_plus_blanc.jpg,kitea,Mobilier Pro,2026-06-11 17:44:53,False,Économique (500-1500),kitea_6781
Élément De Rangement Astoria 200Cm  -Marron,11999.0,,0.0,https://www.kitea.com/element-de-rangement-astoria-200cm-marron.html,https://www.kitea.com/media/catalog/product/cache/c06d1bb5eedf825ac39d687cd7d5d37e/1/0/10113835242.png,kitea,Mobilier Pro,2026-06-11 17:43:19,False,Luxe (>10k),kitea_6803
Chaise Easynote,599.0,,0.0,https://www.kitea.com/chaise-easynote.html,https://www.kitea.com/media/catalog/product/cache/c06d1bb5eedf825ac39d687cd7d5d37e/1/0/10108417357-100_1.png,kitea,Mobilier Pro,2026-06-11 18:55:22,False,Économique (500-1500),kitea_6809
Table De Réunion Luxury 360X155X76Cm - Chêne Foncé / Gris,12999.0,22499.0,42.2,https://www.kitea.com/table-de-reunion-luxury-360x155x76cm-chene-fonce-gris.html,https://www.kitea.com/media/catalog/product/cache/c06d1bb5eedf825ac39d687cd7d5d37e/1/0/10065958998-2.jpg,kitea,Mobilier Pro,2026-06-11 17:44:53,True,Luxe (>10k),kitea_6823
"Bureau Function Plus 109,3X48.5X75,3Cm - Chêne Beige",1490.0,,0.0,https://www.kitea.com/bureau-function-plus-109-3x48-5x75-3cm-chene-beige.html,https://www.kitea.com/media/catalog/product/cache/c06d1bb5eedf825ac39d687cd7d5d37e/_/b/_b_u_bureau_function_plus_beige-111.jpg,kitea,Mobilier Pro,2026-06-11 17:44:53,False,Économique (500-1500),kitea_6860
Bureau Avec Crédence Pronto -  Chêne,2495.0,,0.0,https://www.kitea.com/bureau-avec-credence-pronto-2tir-150-120-74cm-chene.html,https://www.kitea.com/media/catalog/product/cache/c06d1bb5eedf825ac39d687cd7d5d37e/s/r/sra743b928_2.jpg,kitea,Mobilier Pro,2026-06-11 18:55:07,False,Milieu (1500-4000),kitea_6866
Fauteuil President Zenith,3999.0,,0.0,https://www.kitea.com/fauteuil-president-zenith.html,https://www.kitea.com/media/catalog/product/cache/c06d1bb5eedf825ac39d687cd7d5d37e/1/0/10102438234-1_1.png,kitea,Mobilier Pro,2026-06-11 17:43:30,False,Milieu (1500-4000),kitea_6869
Chaise Iso,399.0,,0.0,https://www.kitea.com/chaise-iso.html,https://www.kitea.com/media/catalog/product/cache/c06d1bb5eedf825ac39d687cd7d5d37e/_/1/_1_0_10034295313-2_1.jpg,kitea,Mobilier Pro,2026-06-11 17:43:41,False,Entrée (<500),kitea_6872
"Élément De Rangement Disegno 81,5X35,5X217Cm  - Blanc",3695.0,,0.0,https://www.kitea.com/element-de-rangement-disegno-81-5x35-5x217cm-blanc.html,https://www.kitea.com/media/catalog/product/cache/c06d1bb5eedf825ac39d687cd7d5d37e/_/1/_1_0_10034088315-1k.jpg,kitea,Mobilier Pro,2026-06-11 17:43:53,False,Milieu (1500-4000),kitea_6885
Bureau DISEGNO STD – 140 × 70 × 75 cm - Chêne Foncé,1495.0,,0.0,https://www.kitea.com/bureau-disegno-simple-140x69x75cm-chene-fonce.html,https://www.kitea.com/media/catalog/product/cache/c06d1bb5eedf825ac39d687cd7d5d37e/1/0/10013687285base.jpg,kitea,Mobilier Pro,2026-06-11 17:43:53,False,Économique (500-1500),kitea_6891
Comptoir De Réception Start Pro 180Cm - Noyer/Gris,3699.0,,0.0,https://www.kitea.com/comptoir-de-reception-start-pro-180cm-noyer-gris.html,https://www.kitea.com/media/catalog/product/cache/c06d1bb5eedf825ac39d687cd7d5d37e/1/0/10113963661-yp.png,kitea,Mobilier Pro,2026-06-11 18:55:22,False,Milieu (1500-4000),kitea_6906
Caisson Start Pro - Noyer/Gris,999.0,,0.0,https://www.kitea.com/caisson-start-pro-noyer-gris.html,https://www.kitea.com/media/catalog/product/cache/c06d1bb5eedf825ac39d687cd7d5d37e/s/t/startpro_0005_startpro_0029_98tdb004_1_.jpg,kitea,Mobilier Pro,2026-06-11 18:55:22,False,Économique (500-1500),kitea_6930
Fauteuil Visiteur Respira Mesh,1399.0,,0.0,https://www.kitea.com/fauteuil-visiteur-respira-mesh.html,https://www.kitea.com/media/catalog/product/cache/c06d1bb5eedf825ac39d687cd7d5d37e/1/0/10113763234-y_1.jpg,kitea,Mobilier Pro,2026-06-11 17:44:06,False,Économique (500-1500),kitea_6936
Comptoir De Réception Start Pro 240Cm - Noyer/Gris,5299.0,,0.0,https://www.kitea.com/comptoir-de-reception-start-pro-240cm-noyer-gris.html,https://www.kitea.com/media/catalog/product/cache/c06d1bb5eedf825ac39d687cd7d5d37e/9/8/98rdb001-240-1.png,kitea,Mobilier Pro,2026-06-11 18:55:22,False,Premium (4000-10k),kitea_6940
Table Café Taskline - Marron / Blanc,2599.0,,0.0,https://www.kitea.com/table-cafe-taskline-marron-blanc.html,https://www.kitea.com/media/catalog/product/cache/c06d1bb5eedf825ac39d687cd7d5d37e/1/0/10113840243-yii_1_.png,kitea,Mobilier Pro,2026-06-11 18:55:22,False,Milieu (1500-4000),kitea_6971
Élément De Rangement Respect 120X40X200Cm - Noyer / Gris,4999.0,5599.0,10.7,https://www.kitea.com/element-de-rangement-respect-120x40x200cm-noyer-gris.html,https://www.kitea.com/media/catalog/product/cache/c06d1bb5eedf825ac39d687cd7d5d37e/1/0/10076912661.jpg,kitea,Mobilier Pro,2026-06-11 17:43:41,True,Premium (4000-10k),kitea_6974
"Élément De Rangement Disegno Art 6 Niches 81,6Cm - Beige",2399.0,2495.0,3.8,https://www.kitea.com/element-de-rangement-disegno-art-6-niches-81-6cm-beige.html,https://www.kitea.com/media/catalog/product/cache/c06d1bb5eedf825ac39d687cd7d5d37e/1/0/10094297824-1.png,kitea,Mobilier Pro,2026-06-11 17:43:30,True,Milieu (1500-4000),kitea_6985
Étagère Rio Office 3 Niches - Marron,999.0,1299.0,23.1,https://www.kitea.com/etagere-rio-office-3-niches-marron.html,https://www.kitea.com/media/catalog/product/cache/c06d1bb5eedf825ac39d687cd7d5d37e/1/0/10088291242-1.png,kitea,Mobilier Pro,2026-06-11 17:43:41,True,Économique (500-1500),kitea_6989
Bureau Respect Avec Crédence 180cm – Blanc,4999.0,,0.0,https://www.kitea.com/bureau-respect-avec-credence-blanc7.html,https://www.kitea.com/media/catalog/product/cache/c06d1bb5eedf825ac39d687cd7d5d37e/1/0/10113829315-tty_1.png,kitea,Mobilier Pro,2026-06-11 17:43:19,False,Premium (4000-10k),kitea_6991
Bureau Directionnel Cascade Veneer Droit 280Cm - Marron / Taupe,12999.0,29999.0,56.7,https://www.kitea.com/bureau-directionnel-cascade-veneer-droit-280cm-marron-taupe.html,https://www.kitea.com/media/catalog/product/cache/c06d1bb5eedf825ac39d687cd7d5d37e/1/0/10102749216-1_1_1.jpg,kitea,Mobilier Pro,2026-06-11 18:54:52,True,Luxe (>10k),kitea_6993
Bureau Wallis - Chêne / Beige Clair,1590.0,,0.0,https://www.kitea.com/bureau-wallis-chene-beige-clair.html,https://www.kitea.com/media/catalog/product/cache/c06d1bb5eedf825ac39d687cd7d5d37e/_/1/_1_0_10045704570-22.jpg,kitea,Mobilier Pro,2026-06-11 17:44:06,False,Milieu (1500-4000),kitea_6997
Fauteuil Sénateur Beirut,1559.0,,0.0,https://www.kitea.com/fauteuil-senateur-beirut.html,https://www.kitea.com/media/catalog/product/cache/c06d1bb5eedf825ac39d687cd7d5d37e/1/0/10068968234_2.jpg,kitea,Mobilier Pro,2026-06-11 17:43:41,False,Milieu (1500-4000),kitea_7014
Bureau Directionnel Cascade Veneer Gauche 280Cm - Marron / Taupe,12999.0,29999.0,56.7,https://www.kitea.com/bureau-directionnel-cascade-veneer-gauche-280cm-marron-taupe.html,https://www.kitea.com/media/catalog/product/cache/c06d1bb5eedf825ac39d687cd7d5d37e/1/0/10102750216-8_1__1_1.png,kitea,Mobilier Pro,2026-06-11 18:54:52,True,Luxe (>10k),kitea_7020
Table De Cafe Start Pro 60Cm - Noyer/Gris,899.0,,0.0,https://www.kitea.com/table-de-cafe-start-pro-60cm-noyer-gris.html,https://www.kitea.com/media/catalog/product/cache/c06d1bb5eedf825ac39d687cd7d5d37e/s/t/startpro_0013_startpro_0016_98tdb004_2_.jpg,kitea,Mobilier Pro,2026-06-11 17:44:32,False,Économique (500-1500),kitea_7025
Comptoir De Réception + Caisson Oscar Z - Marron / Gris,6499.0,,0.0,https://www.kitea.com/comptoir-de-reception-caisson-oscar-z-marron-gris.html,https://www.kitea.com/media/catalog/product/cache/c06d1bb5eedf825ac39d687cd7d5d37e/1/0/10087075123-2.png,kitea,Mobilier Pro,2026-06-11 17:43:41,False,Premium (4000-10k),kitea_7029
Workstation Polar Pro 4 Places - Blanc,5499.0,,0.0,https://www.kitea.com/workstation-polar-pro-4-places-blanc.html,https://www.kitea.com/media/catalog/product/cache/c06d1bb5eedf825ac39d687cd7d5d37e/1/0/10113966315-b1.png,kitea,Mobilier Pro,2026-06-11 18:55:07,False,Premium (4000-10k),kitea_7040
Table De Réunion Start Pro  - Noyer/Gris,4399.0,,0.0,https://www.kitea.com/table-de-reunion-start-pro-noyer-gris.html,https://www.kitea.com/media/catalog/product/cache/c06d1bb5eedf825ac39d687cd7d5d37e/9/8/98cdb002_1_.jpg,kitea,Mobilier Pro,2026-06-11 18:55:22,False,Premium (4000-10k),kitea_7049
Bureau Présidentiel Start Pro - Noyer/Gris,8499.0,,0.0,https://www.kitea.com/bureau-presidentiel-start-pro-noyer-gris.html,https://www.kitea.com/media/catalog/product/cache/c06d1bb5eedf825ac39d687cd7d5d37e/9/8/98mdb001-h2.png,kitea,Mobilier Pro,2026-06-11 18:55:22,False,Premium (4000-10k),kitea_7054
Élément Bas Vega Pro 3 Portes - Chêne / Beige,5999.0,,0.0,https://www.kitea.com/element-bas-vega-3-portes-chene-beige.html,https://www.kitea.com/media/catalog/product/cache/c06d1bb5eedf825ac39d687cd7d5d37e/1/0/10101560332-8.png,kitea,Mobilier Pro,2026-06-11 18:54:38,False,Premium (4000-10k),kitea_7060
Armoire Solidis 3 Portes Avec Serrure - Blanc,3699.0,,0.0,https://www.kitea.com/casier-solidis-3-portes-avec-serrures-blanc.html,https://www.kitea.com/media/catalog/product/cache/c06d1bb5eedf825ac39d687cd7d5d37e/1/0/10113919315-12_1.png,kitea,Mobilier Pro,2026-06-11 18:55:22,False,Milieu (1500-4000),kitea_7063
Comptoir De Réception Adana - Blanc,7599.0,,0.0,https://www.kitea.com/comptoir-de-reception-adana-blanc.html,https://www.kitea.com/media/catalog/product/cache/c06d1bb5eedf825ac39d687cd7d5d37e/1/0/10068962315-base1000.png,kitea,Mobilier Pro,2026-06-11 17:43:41,False,Premium (4000-10k),kitea_7075
Fauteuil Président Ever Seat,2499.0,,0.0,https://www.kitea.com/fauteuil-president-ever-seat.html,https://www.kitea.com/media/catalog/product/cache/c06d1bb5eedf825ac39d687cd7d5d37e/e/v/everseat_0002_everseat_0017_5640hb_ever_seat_black_3__1.jpg,kitea,Mobilier Pro,2026-06-11 17:44:06,False,Milieu (1500-4000),kitea_7083
Table De Réunion Respect - Noyer / Gris,5999.0,,0.0,https://www.kitea.com/table-de-reunion-respect-noyer-gris.html,https://www.kitea.com/media/catalog/product/cache/c06d1bb5eedf825ac39d687cd7d5d37e/1/0/10076915661-3.jpg,kitea,Mobilier Pro,2026-06-11 17:43:53,False,Premium (4000-10k),kitea_7090
Élément De Rangement Rio 4 Étagères Et 5 Niches - Blanc,899.0,1999.0,55.0,https://www.kitea.com/element-de-rangement-rio-4-etageres-et-5-niches-blanc.html,https://www.kitea.com/media/catalog/product/cache/c06d1bb5eedf825ac39d687cd7d5d37e/1/0/10088283315-1.png,kitea,Mobilier Pro,2026-06-11 17:43:41,True,Économique (500-1500),kitea_7123
Chaise Dansman,659.0,,0.0,https://www.kitea.com/chaise-dansman.html,https://www.kitea.com/media/catalog/product/cache/c06d1bb5eedf825ac39d687cd7d5d37e/1/0/10072300287-1_1.jpg,kitea,Mobilier Pro,2026-06-11 17:44:53,False,Économique (500-1500),kitea_7127
Bureau De Direction Disegno Retour Et Voile De Fond - Blanc,3995.0,4995.0,20.0,https://www.kitea.com/bureau-de-direction-disegno-retour-et-voile-de-fond-blanc.html,https://www.kitea.com/media/catalog/product/cache/c06d1bb5eedf825ac39d687cd7d5d37e/1/0/10034085315-bst_1_.png,kitea,Mobilier Pro,2026-06-11 17:43:53,True,Milieu (1500-4000),kitea_7132
HEMNES,2499.0,,0.0,https://www.ikea.com/ma/fr/p/hemnes-armoire-a-chaussures-2-casiers-blanc-20169559/,https://www.ikea.com/ma/fr/images/products/hemnes-armoire-a-chaussures-2-casiers-blanc__0710736_pe727754_s5.jpg?f=xxs,ikea,Rangement,2026-06-11 18:53:40,False,Milieu (1500-4000),ikea_2
STÄLL,2395.0,,0.0,https://www.ikea.com/ma/fr/p/staell-range-chaussures-4-casiers-plaque-chene-40530229/,https://www.ikea.com/ma/fr/images/products/staell-range-chaussures-4-casiers-plaque-chene__1126558_pe875778_s5.jpg?f=xxs,ikea,Rangement,2026-06-11 18:53:40,False,Milieu (1500-4000),ikea_4
BILLY,2598.0,,0.0,https://www.ikea.com/ma/fr/p/billy-combi-bibliotheque-brun-motif-noyer-s99581815/,https://www.ikea.com/ma/fr/images/products/billy-combi-bibliotheque-brun-motif-noyer__1266281_pe928091_s5.jpg?f=xxs,ikea,Rangement,2026-06-11 18:53:35,False,Milieu (1500-4000),ikea_12
MURVEL,129.0,,0.0,https://www.ikea.com/ma/fr/p/murvel-chausse-pied-gris-40611367/,https://www.ikea.com/ma/fr/images/products/murvel-chausse-pied-gris__1457419_pe992621_s5.jpg?f=xxs,ikea,Rangement,2026-06-11 18:53:40,False,Entrée (<500),ikea_22
BRUSALI,1495.0,,0.0,https://www.ikea.com/ma/fr/p/brusali-armoire-a-chaussures-3-casiers-brun-70267604/,https://www.ikea.com/ma/fr/images/products/brusali-armoire-a-chaussures-3-casiers-brun__0710744_pe727762_s5.jpg?f=xxs,ikea,Rangement,2026-06-11 18:53:40,False,Économique (500-1500),ikea_25
EKET,1745.0,,0.0,https://www.ikea.com/ma/fr/p/eket-combinaison-de-rangement-murale-motif-noyer-s49490295/,https://www.ikea.com/ma/fr/images/products/eket-combinaison-de-rangement-murale-motif-noyer__1133088_pe878411_s5.jpg?f=xxs,ikea,Rangement,2026-06-11 18:53:30,False,Milieu (1500-4000),ikea_31
KALLAX,1999.0,,0.0,https://www.ikea.com/ma/fr/p/kallax-etagere-blanc-30275861/,https://www.ikea.com/ma/fr/images/products/kallax-etagere-blanc__0644546_pe702768_s5.jpg?f=xxs,ikea,Rangement,2026-06-11 18:53:32,False,Milieu (1500-4000),ikea_35
GERSBY,799.0,,0.0,https://www.ikea.com/ma/fr/p/gersby-bibliotheque-blanc-70261131/,https://www.ikea.com/ma/fr/images/products/gersby-bibliotheque-blanc__0251910_pe390723_s5.jpg?f=xxs,ikea,Rangement,2026-06-11 18:53:35,False,Économique (500-1500),ikea_46
HYLLIS,699.0,,0.0,https://www.ikea.com/ma/fr/p/hyllis-housse-transparent-interieur-exterieur-80430204/,https://www.ikea.com/ma/fr/images/products/hyllis-housse-transparent-interieur-exterieur__0911698_pe712762_s5.jpg?f=xxs,ikea,Rangement,2026-06-11 18:53:37,False,Économique (500-1500),ikea_58
BAGGEBO,499.0,,0.0,https://www.ikea.com/ma/fr/p/baggebo-bibliotheque-blanc-20436713/,https://www.ikea.com/ma/fr/images/products/baggebo-bibliotheque-blanc__0981552_pe815388_s5.jpg?f=xxs,ikea,Rangement,2026-06-11 18:53:35,False,Entrée (<500),ikea_60
HEJNE,2370.0,,0.0,https://www.ikea.com/ma/fr/p/hejne-4-sections-tablettes-bois-de-conifere-s89607665/,https://www.ikea.com/ma/fr/images/products/hejne-4-sections-tablettes-bois-de-conifere__1445698_pe988322_s5.jpg?f=xxs,ikea,Rangement,2026-06-11 18:53:37,False,Milieu (1500-4000),ikea_107
LÅDMAKARE,150.0,,0.0,https://www.ikea.com/ma/fr/p/ladmakare-tablette-motif-chene-70584433/,https://www.ikea.com/ma/fr/images/products/ladmakare-tablette-motif-chene__1376789_pe960521_s5.jpg?f=xxs,ikea,Rangement,2026-06-11 18:53:32,False,Entrée (<500),ikea_113
BILLY / OXBERG,1549.0,,0.0,https://www.ikea.com/ma/fr/p/billy-oxberg-bibliotheque-av-porte-pleine-vitree-blanc-verre-s39287421/,https://www.ikea.com/ma/fr/images/products/billy-oxberg-bibliotheque-av-porte-pleine-vitree-blanc-verre__0668157_pe714277_s5.jpg?f=xxs,ikea,Rangement,2026-06-11 18:53:35,False,Milieu (1500-4000),ikea_158
VITTSJÖ,1699.0,,0.0,https://www.ikea.com/ma/fr/p/vittsjoe-etagere-brun-noir-verre-20213312/,https://www.ikea.com/ma/fr/images/products/vittsjoe-etagere-brun-noir-verre__0644373_pe702638_s5.jpg?f=xxs,ikea,Rangement,2026-06-11 18:53:32,False,Milieu (1500-4000),ikea_181
BISSA,529.0,,0.0,https://www.ikea.com/ma/fr/p/bissa-armoire-a-chaussures-2-casiers-motif-chene-70530218/,https://www.ikea.com/ma/fr/images/products/bissa-armoire-a-chaussures-2-casiers-motif-chene__1470182_pe996821_s5.jpg?f=xxs,ikea,Rangement,2026-06-11 18:53:40,False,Économique (500-1500),ikea_202
TRONES,299.0,,0.0,https://www.ikea.com/ma/fr/p/trones-armoire-a-chaussures-rangement-blanc-00397307/,https://www.ikea.com/ma/fr/images/products/trones-armoire-a-chaussures-rangement-blanc__0710711_pe727734_s5.jpg?f=xxs,ikea,Rangement,2026-06-11 18:53:40,False,Entrée (<500),ikea_217
GREJIG / EKRAR,5787.0,,0.0,https://www.ikea.com/ma/fr/p/grejig-ekrar-meuble-dentree-lot-de-4-blanc-gris-s39527831/,https://www.ikea.com/ma/fr/images/products/grejig-ekrar-meuble-dentree-lot-de-4-blanc-gris__1369118_pe958030_s5.jpg?f=xxs,ikea,Rangement,2026-06-11 18:53:40,False,Premium (4000-10k),ikea_249
RUNMARÖ,1999.0,,0.0,https://www.ikea.com/ma/fr/p/runmaroe-bibliotheque-gris-fonce-interieur-exterieur-80551309/,https://www.ikea.com/ma/fr/images/products/runmaroe-bibliotheque-gris-fonce-interieur-exterieur__1171315_pe893034_s5.jpg?f=xxs,ikea,Rangement,2026-06-11 18:53:37,False,Milieu (1500-4000),ikea_260
LACK,999.0,,0.0,https://www.ikea.com/ma/fr/p/lack-etagere-blanc-60282186/,https://www.ikea.com/ma/fr/images/products/lack-etagere-blanc__0246565_pe385541_s5.jpg?f=xxs,ikea,Rangement,2026-06-11 18:53:32,False,Économique (500-1500),ikea_284
OXBERG,500.0,,0.0,https://www.ikea.com/ma/fr/p/oxberg-porte-noir-motif-chene-10477365/,https://www.ikea.com/ma/fr/images/products/oxberg-porte-noir-motif-chene__1097133_pe864761_s5.jpg?f=xxs,ikea,Rangement,2026-06-11 18:53:35,False,Entrée (<500),ikea_295
SNÖSKYFFEL,79.0,,0.0,https://www.ikea.com/ma/fr/p/snoeskyffel-chausse-pied-rouge-vif-30530951/,https://www.ikea.com/ma/fr/images/products/snoeskyffel-chausse-pied-rouge-vif__1128593_pe876635_s5.jpg?f=xxs,ikea,Rangement,2026-06-11 18:53:40,False,Entrée (<500),ikea_301
BROR,2100.0,,0.0,https://www.ikea.com/ma/fr/p/bror-etagere-noir-s29619398/,https://www.ikea.com/ma/fr/images/products/bror-etagere-noir__0771783_pe755781_s5.jpg?f=xxs,ikea,Rangement,2026-06-11 18:53:37,False,Milieu (1500-4000),ikea_340
KOLBJÖRN,5588.0,,0.0,https://www.ikea.com/ma/fr/p/kolbjoern-etagere-avec-2-rangements-beige-s59291634/,https://www.ikea.com/ma/fr/images/products/kolbjoern-etagere-avec-2-rangements-beige__0675710_pe718487_s5.jpg?f=xxs,ikea,Rangement,2026-06-11 18:53:37,False,Premium (4000-10k),ikea_425
IVAR,1948.0,,0.0,https://www.ikea.com/ma/fr/p/ivar-1-section-tablettes-pin-s79407054/,https://www.ikea.com/ma/fr/images/products/ivar-1-section-tablettes-pin__0169608_pe323553_s5.jpg?f=xxs,ikea,Rangement,2026-06-11 18:53:37,False,Milieu (1500-4000),ikea_437
LÄCKÖ,999.0,,0.0,https://www.ikea.com/ma/fr/p/laeckoe-etagere-exterieur-gris-20151837/,https://www.ikea.com/ma/fr/images/products/laeckoe-etagere-exterieur-gris__0626047_pe692565_s5.jpg?f=xxs,ikea,Rangement,2026-06-11 18:53:32,False,Économique (500-1500),ikea_527
MACKAPÄR,1795.0,,0.0,https://www.ikea.com/ma/fr/p/mackapaer-armoire-a-chaussures-rangement-blanc-50334751/,https://www.ikea.com/ma/fr/images/products/mackapaer-armoire-a-chaussures-rangement-blanc__0710722_pe727743_s5.jpg?f=xxs,ikea,Rangement,2026-06-11 18:53:40,False,Milieu (1500-4000),ikea_592
STÄLL / NORDLI,4595.0,,0.0,https://www.ikea.com/ma/fr/p/staell-nordli-meuble-dentree-lot-de-2-blanc-s39527930/,https://www.ikea.com/ma/fr/images/products/staell-nordli-meuble-dentree-lot-de-2-blanc__1369138_pe958046_s5.jpg?f=xxs,ikea,Rangement,2026-06-11 18:53:40,False,Premium (4000-10k),ikea_832
Armoire Econobox 3 Portes,3295.0,,0.0,https://www.kitea.com/armoire-econobox-3-portes.html,https://www.kitea.com/media/catalog/product/cache/c06d1bb5eedf825ac39d687cd7d5d37e/1/0/10108128315-14_1.png,kitea,Rangement,2026-06-11 17:44:22,False,Milieu (1500-4000),kitea_4813
Meuble Multifonction Mateo 2 Portes Et 2 Tiroirs - Chêne,1295.0,1595.0,18.8,https://www.kitea.com/meuble-multifonction-mateo-2-portes-et-2-tiroirs-chene-beige-clair.html,https://www.kitea.com/media/catalog/product/cache/c06d1bb5eedf825ac39d687cd7d5d37e/_/1/_1_0_10011601541-1k_2.jpg,kitea,Rangement,2026-06-11 17:43:47,True,Économique (500-1500),kitea_4820
Bibliothèque Flexi Avec 5 Niches - Blanc / Gris Clair,1990.0,,0.0,https://www.kitea.com/bibliotheque-flexi-avec-5-niches-blanc-gris-clair.html,https://www.kitea.com/media/catalog/product/cache/c06d1bb5eedf825ac39d687cd7d5d37e/1/0/10063322970_2_.jpg,kitea,Rangement,2026-06-11 17:43:37,False,Milieu (1500-4000),kitea_4830
Commode Infinito - Marron / Gris,2595.0,2990.0,13.2,https://www.kitea.com/commode-infinito-marron-gris.html,https://www.kitea.com/media/catalog/product/cache/c06d1bb5eedf825ac39d687cd7d5d37e/1/0/10087387661_1_.png,kitea,Rangement,2026-06-11 17:43:26,True,Milieu (1500-4000),kitea_4832
Commode Blokty 3 Tiroirs 60 Cm – Blanc,1095.0,,0.0,https://www.kitea.com/commode-blokty-3-tiroirs-60-cm-blanc.html,https://www.kitea.com/media/catalog/product/cache/c06d1bb5eedf825ac39d687cd7d5d37e/1/0/10110483315.jpg,kitea,Rangement,2026-06-11 17:44:01,False,Économique (500-1500),kitea_4854
Boîte En Textile Velours Côtelé - Beige,109.0,,0.0,https://www.kitea.com/boite-en-textile-velours-cotele-beige.html,https://www.kitea.com/media/catalog/product/cache/c06d1bb5eedf825ac39d687cd7d5d37e/1/0/10105168343-v7.png,kitea,Rangement,2026-06-11 17:44:44,False,Entrée (<500),kitea_4856
Table De Chevet Lara  Avec 1 Tiroir + 1 Niche - Chêne,1290.0,,0.0,https://www.kitea.com/table-de-chevet-lara-avec-1-tiroir-1-niche-chene.html,https://www.kitea.com/media/catalog/product/cache/c06d1bb5eedf825ac39d687cd7d5d37e/1/0/10057710541-1.jpg,kitea,Rangement,2026-06-11 17:43:37,False,Économique (500-1500),kitea_4858
Armoire Telane Avec 3 Portes - Blanc,2995.0,3995.0,25.0,https://www.kitea.com/armoire-telane-avec-3-portes-blanc.html,https://www.kitea.com/media/catalog/product/cache/c06d1bb5eedf825ac39d687cd7d5d37e/1/0/10092268315-3.png,kitea,Rangement,2026-06-11 18:55:31,True,Milieu (1500-4000),kitea_4870
"Vestiaire Quayle 3 tiroirs + étagère + miroir 75,4 × 200 × 34,1 cm - chêne/sable",1995.0,,0.0,https://www.kitea.com/vestiaire-quayle-3-tiroirs-etagere-miroir-75-4-200-34-1-cm-chene-sable.html,https://www.kitea.com/media/catalog/product/cache/c06d1bb5eedf825ac39d687cd7d5d37e/d/e/design_sans_titre_-_2026-04-27t143658.595.jpg,kitea,Rangement,2026-06-11 18:54:46,False,Milieu (1500-4000),kitea_4888
Armoire Schattmatt Design Carreaux - Blanc / Chêne,2295.0,,0.0,https://www.kitea.com/armoire-schattmatt-design-carreaux-blanc-chene.html,https://www.kitea.com/media/catalog/product/cache/c06d1bb5eedf825ac39d687cd7d5d37e/s/h/shms82231-m870_06.jpg,kitea,Rangement,2026-06-11 17:44:22,False,Milieu (1500-4000),kitea_4891
Meuble À Chaussures Sconto 4 Abattants - Sonoma Oak,1295.0,,0.0,https://www.kitea.com/meuble-a-chaussures-sconto-4-abattants-beige-clair.html,https://www.kitea.com/media/catalog/product/cache/c06d1bb5eedf825ac39d687cd7d5d37e/_/1/_1_0_10036304685-22.jpg,kitea,Rangement,2026-06-11 17:43:47,False,Économique (500-1500),kitea_4900
Armoire Mokkaris Avec 3 Portes 2 Tiroirs Et Poignées Verticales,3495.0,,0.0,https://www.kitea.com/armoire-mokkaris-avec-3-portes-2-tiroirs-et-poignees-verticales.html,https://www.kitea.com/media/catalog/product/cache/c06d1bb5eedf825ac39d687cd7d5d37e/1/0/10092270315-5_2.png,kitea,Rangement,2026-06-11 17:45:05,False,Milieu (1500-4000),kitea_4904
Commode Juleda  - Sonoma / Blanc,1495.0,1995.0,25.1,https://www.kitea.com/commode-juleda-sonoma-blanc.html,https://www.kitea.com/media/catalog/product/cache/c06d1bb5eedf825ac39d687cd7d5d37e/1/0/10064218939.jpg,kitea,Rangement,2026-06-11 17:43:37,True,Économique (500-1500),kitea_4921
Meuble Multifonction Andy 2 Portes - Chêne,1995.0,2995.0,33.4,https://www.kitea.com/meuble-multifonction-andy-2-portes-beige.html,https://www.kitea.com/media/catalog/product/cache/c06d1bb5eedf825ac39d687cd7d5d37e/_/1/_1_0_10037325541-2.jpg,kitea,Rangement,2026-06-11 17:45:27,True,Milieu (1500-4000),kitea_4930
Étagère Lyon - Blanc / Chêne,449.0,550.0,18.4,https://www.kitea.com/etagere-lyon-blanc-chene.html,https://www.kitea.com/media/catalog/product/cache/c06d1bb5eedf825ac39d687cd7d5d37e/_/1/_1_0_10039586316.jpg,kitea,Rangement,2026-06-11 17:45:27,True,Entrée (<500),kitea_4932
"Meuble à chaussures Net402 - 3 abattants 58,2 × 115,5 × 20,4 cm - chêne",695.0,,0.0,https://www.kitea.com/meuble-a-chaussures-net402-3-abattants-58-2-115-5-20-4-cm-blanc-1.html,https://www.kitea.com/media/catalog/product/cache/c06d1bb5eedf825ac39d687cd7d5d37e/d/e/design_sans_titre_-_2026-04-27t153755.092.jpg,kitea,Rangement,2026-06-11 18:54:46,False,Économique (500-1500),kitea_4949
Bibliothèque Access 10 Niches – Blanc/Chêne,1495.0,,0.0,https://www.kitea.com/bibliotheque-access-10-niches-blanc-chene.html,https://www.kitea.com/media/catalog/product/cache/c06d1bb5eedf825ac39d687cd7d5d37e/3/4/347766.jpg,kitea,Rangement,2026-06-11 18:54:46,False,Économique (500-1500),kitea_4954
Rangement Leo 2 Portes Et 1 Tiroir - Blanc / Chêne Foncé,1395.0,,0.0,https://www.kitea.com/rangement-leo-2-portes-et-1-tiroir-blanc-chene-fonce.html,https://www.kitea.com/media/catalog/product/cache/c06d1bb5eedf825ac39d687cd7d5d37e/1/0/10106083597-7_1_.png,kitea,Rangement,2026-06-11 17:44:22,False,Économique (500-1500),kitea_4955
Desserte Cuisine Fumay Avec Roulettes - Oak,1495.0,2995.0,50.1,https://www.kitea.com/desserte-cuisine-fumay-avec-roulettes-beige-noir.html,https://www.kitea.com/media/catalog/product/cache/c06d1bb5eedf825ac39d687cd7d5d37e/1/0/10090837246-18.png,kitea,Rangement,2026-06-11 18:55:31,True,Économique (500-1500),kitea_4957
Meuble Multifonctions Hamm - Chêne / Crème,3595.0,,0.0,https://www.kitea.com/meuble-multifonctions-hamm-chene-creme.html,https://www.kitea.com/media/catalog/product/cache/c06d1bb5eedf825ac39d687cd7d5d37e/1/0/10107756217-3.jpg,kitea,Rangement,2026-06-11 17:43:03,False,Milieu (1500-4000),kitea_4958
Meuble À Chaussures Koblenz  Sonoma,2395.0,,0.0,https://www.kitea.com/meuble-a-chaussures-koblenz-sonoma.html,https://www.kitea.com/media/catalog/product/cache/c06d1bb5eedf825ac39d687cd7d5d37e/1/0/10062820227_1.jpg,kitea,Rangement,2026-06-11 17:43:37,False,Milieu (1500-4000),kitea_4964
Commode Fontana 4 Portes Et 2 Tiroirs - Craft Oak,2995.0,,0.0,https://www.kitea.com/commode-fontana-4-portes-et-2-tiroirs-marron-clair.html,https://www.kitea.com/media/catalog/product/cache/c06d1bb5eedf825ac39d687cd7d5d37e/_/1/_1_0_10048849790-11.jpg,kitea,Rangement,2026-06-11 17:45:44,False,Milieu (1500-4000),kitea_4984
Commode Bellagio  4 Tiroirs - Blanc Mat / Miroir,2590.0,2990.0,13.4,https://www.kitea.com/commode-bellagio-4-tiroirs-blanc-mat-miroir.html,https://www.kitea.com/media/catalog/product/cache/c06d1bb5eedf825ac39d687cd7d5d37e/_/1/_1_0_10058329490_1.jpg,kitea,Rangement,2026-06-11 17:43:37,True,Milieu (1500-4000),kitea_5006
Table De Chevet Jawa - Oak / Noir Laqué,850.0,,0.0,https://www.kitea.com/table-de-chevet-jawa-oak-noir-laque.html,https://www.kitea.com/media/catalog/product/cache/c06d1bb5eedf825ac39d687cd7d5d37e/_/1/_1_0_10043321709-1.jpg,kitea,Rangement,2026-06-11 17:44:01,False,Économique (500-1500),kitea_5036
Meuble Multifonction Sconto Avec 3 Portes + 2 Tiroirs - Sonoma Oak,1495.0,,0.0,https://www.kitea.com/meuble-multifonction-sconto-avec-3-portes-2-tiroirs-marron-clair.html,https://www.kitea.com/media/catalog/product/cache/c06d1bb5eedf825ac39d687cd7d5d37e/_/1/_1_0_10036298685-1k_1.jpg,kitea,Rangement,2026-06-11 17:45:27,False,Économique (500-1500),kitea_5038
Boîte En Textile Teddy - Gris Foncé,109.0,,0.0,https://www.kitea.com/boite-en-textile-teddy-gris-fonce.html,https://www.kitea.com/media/catalog/product/cache/c06d1bb5eedf825ac39d687cd7d5d37e/1/0/10105166420-79.png,kitea,Rangement,2026-06-11 17:44:44,False,Entrée (<500),kitea_5063
Meuble À Chaussures Koblenz,2395.0,,0.0,https://www.kitea.com/meuble-a-chaussures-koblenz.html,https://www.kitea.com/media/catalog/product/cache/c06d1bb5eedf825ac39d687cd7d5d37e/1/0/10062821315_1_1.jpg,kitea,Rangement,2026-06-11 18:55:31,False,Milieu (1500-4000),kitea_5069
Table De Chevet Linate + 2 Tiroirs - Blanc / Chêne Beige,1090.0,,0.0,https://www.kitea.com/table-de-chevet-linate-2-tiroirs-blanc-chene-beige.html,https://www.kitea.com/media/catalog/product/cache/c06d1bb5eedf825ac39d687cd7d5d37e/_/1/_1_0_10029896597_1.jpg,kitea,Rangement,2026-06-11 17:44:01,False,Économique (500-1500),kitea_5070
Table De Chevet Naia 2 Tiroirs,699.0,,0.0,https://www.kitea.com/table-de-chevet-naia-2-tiroirs.html,https://www.kitea.com/media/catalog/product/cache/c06d1bb5eedf825ac39d687cd7d5d37e/5/7/5713035073936-1_1.jpg,kitea,Rangement,2026-06-11 18:55:01,False,Économique (500-1500),kitea_5086
Armoire Alice Springs Avec 4 Portes - Chêne,2995.0,,0.0,https://www.kitea.com/armoire-alice-springs-avec-4-portes-beige.html,https://www.kitea.com/media/catalog/product/cache/c06d1bb5eedf825ac39d687cd7d5d37e/1/0/10092274541-1.png,kitea,Rangement,2026-06-11 17:45:05,False,Milieu (1500-4000),kitea_5099
Meuble Multifonction Sconto 2 Tiroirs 2 Portes - Sonoma Oak,1395.0,,0.0,https://www.kitea.com/meuble-multifonction-sconto-2-tiroirs-2-portes-marron-clair.html,https://www.kitea.com/media/catalog/product/cache/c06d1bb5eedf825ac39d687cd7d5d37e/_/1/_1_0_10036300685-22.jpg,kitea,Rangement,2026-06-11 17:45:27,False,Économique (500-1500),kitea_5118
Commode Easylife 3 Tiroirs Élément Du Pack  - Chêne,599.0,,0.0,https://www.kitea.com/commode-easylife-3-tir-chene.html,https://www.kitea.com/media/catalog/product/cache/c06d1bb5eedf825ac39d687cd7d5d37e/1/0/10108038853.jpg,kitea,Rangement,2026-06-11 17:43:03,False,Économique (500-1500),kitea_5128
Armoire Jawa - Marron Mat / Noir,6990.0,,0.0,https://www.kitea.com/armoire-jawa-marron-mat-noir.html,https://www.kitea.com/media/catalog/product/cache/c06d1bb5eedf825ac39d687cd7d5d37e/_/1/_1_0_10043323709-1.jpg,kitea,Rangement,2026-06-11 17:44:01,False,Premium (4000-10k),kitea_5145
Etagère Murale Verticale Flemens P249Mm - Taupe / Chêne,650.0,950.0,31.6,https://www.kitea.com/etagere-murale-verticale-flemens-p249mm-taupe-chene.html,https://www.kitea.com/media/catalog/product/cache/c06d1bb5eedf825ac39d687cd7d5d37e/1/0/10062742904.jpg,kitea,Rangement,2026-06-11 17:43:26,True,Économique (500-1500),kitea_5147
Meuble A Chaussures Boots Avec 2 Portes - Chêne / Blanc,1195.0,1795.0,33.4,https://www.kitea.com/meuble-a-chaussures-boots-avec-2-portes-chene-blanc.html,https://www.kitea.com/media/catalog/product/cache/c06d1bb5eedf825ac39d687cd7d5d37e/1/0/10066426316_2_.jpg,kitea,Rangement,2026-06-11 17:45:05,True,Économique (500-1500),kitea_5151
Commode Primo 4Po+2Tir - Chêne&Blanc,995.0,,0.0,https://www.kitea.com/commode-primo-4po-2tir-chene-blanc.html,https://www.kitea.com/media/catalog/product/cache/c06d1bb5eedf825ac39d687cd7d5d37e/1/_/1_44_2.png,kitea,Rangement,2026-06-11 18:54:46,False,Économique (500-1500),kitea_5161
Meuble À Chaussures Acmi 3 Portes 2 Tiroirs  - Oak,2795.0,,0.0,https://www.kitea.com/meuble-a-chaussures-acmi-3-portes-2-tiroirs-marron.html,https://www.kitea.com/media/catalog/product/cache/c06d1bb5eedf825ac39d687cd7d5d37e/_/1/_1_0_10012502246-22.jpg,kitea,Rangement,2026-06-11 17:45:27,False,Milieu (1500-4000),kitea_5171
Rangement Leo 2 Portes - Blanc / Chêne Foncé,995.0,,0.0,https://www.kitea.com/rangement-leo-2-portes-blanc-chene-fonce.html,https://www.kitea.com/media/catalog/product/cache/c06d1bb5eedf825ac39d687cd7d5d37e/1/0/10106082597-2_1_.png,kitea,Rangement,2026-06-11 17:44:22,False,Économique (500-1500),kitea_5179
Meuble Multifonction Mundi 3 Portes - Blanc,2995.0,3995.0,25.0,https://www.kitea.com/meuble-multifonction-mundi-3-portes-blanc.html,https://www.kitea.com/media/catalog/product/cache/c06d1bb5eedf825ac39d687cd7d5d37e/m/u/mundi-ftt.png,kitea,Rangement,2026-06-11 17:44:44,True,Milieu (1500-4000),kitea_5186
Meuble À Chaussures Jacky Chêne - Blanc,2695.0,3195.0,15.6,https://www.kitea.com/meuble-a-chaussures-jacky-chene-blanc.html,https://www.kitea.com/media/catalog/product/cache/c06d1bb5eedf825ac39d687cd7d5d37e/1/0/10062819316-14.png,kitea,Rangement,2026-06-11 17:43:37,True,Milieu (1500-4000),kitea_5196
Meuble À Chaussures Zapatero - Chêne,1495.0,1595.0,6.3,https://www.kitea.com/meuble-a-chaussures-zapatero-chene-beige-clair.html,https://www.kitea.com/media/catalog/product/cache/c06d1bb5eedf825ac39d687cd7d5d37e/_/1/_1_0_10018378541-1k.jpg,kitea,Rangement,2026-06-11 17:43:47,True,Économique (500-1500),kitea_5204
Meuble Multifonctions Twenty  - Blanc / Chêne / Gris,2895.0,,0.0,https://www.kitea.com/meuble-multifonctions-twenty-blanc-chene-gris.html,https://www.kitea.com/media/catalog/product/cache/c06d1bb5eedf825ac39d687cd7d5d37e/1/0/10107752820-7_1_.png,kitea,Rangement,2026-06-11 17:43:03,False,Milieu (1500-4000),kitea_5208
Meuble Multifonction Jonas 2 Portes Et 2 Tiroirs,1245.0,,0.0,https://www.kitea.com/meuble-multifonction-jonas-2-portes-et-2-tiroirs.html,https://www.kitea.com/media/catalog/product/cache/c06d1bb5eedf825ac39d687cd7d5d37e/_/1/_1_0_10036316315-22_1.jpg,kitea,Rangement,2026-06-11 17:43:26,False,Économique (500-1500),kitea_5216
Commode Bellagio 5 Tiroirs  - Blanc Mat / Miroir,3290.0,3790.0,13.2,https://www.kitea.com/commode-bellagio-5-tiroirs-blanc-mat-miroir.html,https://www.kitea.com/media/catalog/product/cache/c06d1bb5eedf825ac39d687cd7d5d37e/_/1/_1_0_10058330490_2.jpg,kitea,Rangement,2026-06-11 17:45:05,True,Milieu (1500-4000),kitea_5220
Meuble Multifonction Sconto 2 Portes - Sonoma Oak,995.0,,0.0,https://www.kitea.com/meuble-multifonction-sconto-2-portes-beige-clair.html,https://www.kitea.com/media/catalog/product/cache/c06d1bb5eedf825ac39d687cd7d5d37e/_/1/_1_0_10036293685-3.jpg,kitea,Rangement,2026-06-11 17:45:27,False,Économique (500-1500),kitea_5238
Étagère Seravel – Chêne/Crème – 100 x 22 x 63 cm,695.0,,0.0,https://www.kitea.com/etagere-seravel-chene-creme-100-x-22-x-63-cm.html,https://www.kitea.com/media/catalog/product/cache/c06d1bb5eedf825ac39d687cd7d5d37e/d/e/design_sans_titre_-_2026-04-28t105845.999.jpg,kitea,Rangement,2026-06-11 18:54:46,False,Économique (500-1500),kitea_5240
Meuble De Rangement Andy,1695.0,,0.0,https://www.kitea.com/meuble-de-rangement-andy.html,https://www.kitea.com/media/catalog/product/cache/c06d1bb5eedf825ac39d687cd7d5d37e/1/0/10091021315-1_1.png,kitea,Rangement,2026-06-11 18:55:31,False,Milieu (1500-4000),kitea_5251
"Vestiaire Kendray 4 portes 83,7 × 191,1 × 34,9 cm - chêne/sable",2395.0,,0.0,https://www.kitea.com/vestiaire-kendray-4-portes-83-7-191-1-34-9-cm-chene-sable.html,https://www.kitea.com/media/catalog/product/cache/c06d1bb5eedf825ac39d687cd7d5d37e/d/e/design_sans_titre_-_2026-04-27t115759.566.jpg,kitea,Rangement,2026-06-11 17:44:01,False,Milieu (1500-4000),kitea_5264
Étagère Brolo - Marron / Noir,399.0,,0.0,https://www.kitea.com/etagere-brolo-marron-noir.html,https://www.kitea.com/media/catalog/product/cache/c06d1bb5eedf825ac39d687cd7d5d37e/_/1/_1_0_10049291596.jpg,kitea,Rangement,2026-06-11 17:43:47,False,Entrée (<500),kitea_5282
Commode Uno 4 Portes Et 2 Tiroirs - Oak Lava,2395.0,2795.0,14.3,https://www.kitea.com/commode-uno-4-portes-et-2-tiroirs-marron-craft.html,https://www.kitea.com/media/catalog/product/cache/c06d1bb5eedf825ac39d687cd7d5d37e/_/1/_1_0_10048863791-3.jpg,kitea,Rangement,2026-06-11 17:43:47,True,Milieu (1500-4000),kitea_5293
Commode Nico - Blanc / Chêne,3995.0,,0.0,https://www.kitea.com/commode-nico-blanc-chene.html,https://www.kitea.com/media/catalog/product/cache/c06d1bb5eedf825ac39d687cd7d5d37e/1/0/10107757784-9.png,kitea,Rangement,2026-06-11 17:44:22,False,Milieu (1500-4000),kitea_5298
Vestiaire Compact Gera 1 Abattant + 1 Miroir -  Blanc / Chêne,995.0,1899.0,47.6,https://www.kitea.com/vestiaire-compact-gera-1-abattant-1-miroir-blanc-chene.html,https://www.kitea.com/media/catalog/product/cache/c06d1bb5eedf825ac39d687cd7d5d37e/1/0/10105172922-5_1_.png,kitea,Rangement,2026-06-11 17:43:03,True,Économique (500-1500),kitea_5303
Commode Blokty 4 Tiroirs – Blanc,995.0,,0.0,https://www.kitea.com/commode-blokty-4-tiroirs-blanc.html,https://www.kitea.com/media/catalog/product/cache/c06d1bb5eedf825ac39d687cd7d5d37e/2/3/236743.jpg,kitea,Rangement,2026-06-11 17:44:01,False,Économique (500-1500),kitea_5310
Commode Lafabrica - Beige / Gris,2990.0,3190.0,6.3,https://www.kitea.com/commode-lafabrica-beige-gris.html,https://www.kitea.com/media/catalog/product/cache/c06d1bb5eedf825ac39d687cd7d5d37e/1/0/10053621705-1.jpg,kitea,Rangement,2026-06-11 17:43:47,True,Milieu (1500-4000),kitea_5322
Étagère Denim Simple - Chêne Blanchi,249.0,750.0,66.8,https://www.kitea.com/etagere-denim-simple-chene-blanchi.html,https://www.kitea.com/media/catalog/product/cache/c06d1bb5eedf825ac39d687cd7d5d37e/1/0/10082559764-1.jpg,kitea,Rangement,2026-06-11 17:45:05,True,Entrée (<500),kitea_5335
Table De Chevet Twenty  - Blanc / Chêne / Gris,1095.0,,0.0,https://www.kitea.com/chevet-twenty-blanc-chene-gris.html,https://www.kitea.com/media/catalog/product/cache/c06d1bb5eedf825ac39d687cd7d5d37e/1/0/10107753820-7_1_.png,kitea,Rangement,2026-06-11 17:43:03,False,Économique (500-1500),kitea_5343
Meuble Multifonction Mundi 3 Portes 6 Tiroirs - Oak / Blanc,5795.0,,0.0,https://www.kitea.com/meuble-multifonction-mundi-3-portes-6-tiroirs-blanc.html,https://www.kitea.com/media/catalog/product/cache/c06d1bb5eedf825ac39d687cd7d5d37e/_/1/_1_0_10037343697-2.jpg,kitea,Rangement,2026-06-11 17:45:44,False,Premium (4000-10k),kitea_5351
Chevet Sienna 2 Tiroirs - Blanc,950.0,,0.0,https://www.kitea.com/chevet-sienna-2-tiroirs-blanc.html,https://www.kitea.com/media/catalog/product/cache/c06d1bb5eedf825ac39d687cd7d5d37e/1/0/10036282315-base89.png,kitea,Rangement,2026-06-11 17:45:44,False,Économique (500-1500),kitea_5353
Armoire Azuka 3 portes + 1 miroir – 139 x 197 x 52 cm – Wengé,3595.0,,0.0,https://www.kitea.com/armoire-azuka-3-portes-1-miroir-139-x-197-x-52-cm-wenge.html,https://www.kitea.com/media/catalog/product/cache/c06d1bb5eedf825ac39d687cd7d5d37e/1/0/10116645305_2_.png,kitea,Rangement,2026-06-11 18:54:46,False,Milieu (1500-4000),kitea_5363
Armoire Econobox 3 Portes - Blanc / Chêne,2695.0,,0.0,https://www.kitea.com/armoire-econobox-3-portes-blanc-chene.html,https://www.kitea.com/media/catalog/product/cache/c06d1bb5eedf825ac39d687cd7d5d37e/1/0/10114734784-b1.png,kitea,Rangement,2026-06-11 18:54:46,False,Milieu (1500-4000),kitea_5390
Meuble Multifonctions Shoesing - Blanc,1995.0,4995.0,60.1,https://www.kitea.com/meuble-multifonctions-shoesing-blanc.html,https://www.kitea.com/media/catalog/product/cache/c06d1bb5eedf825ac39d687cd7d5d37e/1/0/10090834315-16.png,kitea,Rangement,2026-06-11 17:44:44,True,Milieu (1500-4000),kitea_5391
Commode Sirius Crown Avec 3 Tiroirs - Chêne / Noir,2990.0,,0.0,https://www.kitea.com/commode-sirius-crown-avec-3-tiroirs-chene-noir.html,https://www.kitea.com/media/catalog/product/cache/c06d1bb5eedf825ac39d687cd7d5d37e/1/0/10064028674_4_.jpg,kitea,Rangement,2026-06-11 17:43:37,False,Milieu (1500-4000),kitea_5405
Set De 3 Etagères Shelvy - Sonoma,270.0,799.0,66.2,https://www.kitea.com/set-de-3-etageres-shelvy-sonoma.html,https://www.kitea.com/media/catalog/product/cache/c06d1bb5eedf825ac39d687cd7d5d37e/1/0/10062828227_v1.jpg,kitea,Rangement,2026-06-11 17:45:05,True,Entrée (<500),kitea_5411
Commode Menorca  - Blanc / Chêne,1095.0,,0.0,https://www.kitea.com/commode-menorca-blanc-chene.html,https://www.kitea.com/media/catalog/product/cache/c06d1bb5eedf825ac39d687cd7d5d37e/m/e/menorca_01a_kommode_perspektive.jpg,kitea,Rangement,2026-06-11 17:44:44,False,Économique (500-1500),kitea_5440
Etagère Murale Verticale Flemens - Taupe / Chêne,1090.0,1395.0,21.9,https://www.kitea.com/etagere-murale-verticale-flemens-taupe-chene.html,https://www.kitea.com/media/catalog/product/cache/c06d1bb5eedf825ac39d687cd7d5d37e/1/0/10062741904.jpg,kitea,Rangement,2026-06-11 17:43:37,True,Économique (500-1500),kitea_5447
Meuble Multifonction Acmi 2 Portes Coulissantes + 2 Portes Battantes - Oak,2995.0,,0.0,https://www.kitea.com/meuble-multifonction-acmi-2p-coul-2p-battantes-marron.html,https://www.kitea.com/media/catalog/product/cache/c06d1bb5eedf825ac39d687cd7d5d37e/1/0/10109067580.png,kitea,Rangement,2026-06-11 17:44:01,False,Milieu (1500-4000),kitea_5452
Étagère Déco Access 8 Niveaux – Blanc/Chêne,1295.0,,0.0,https://www.kitea.com/etagere-deco-access-8-niveaux-blanc-chene.html,https://www.kitea.com/media/catalog/product/cache/c06d1bb5eedf825ac39d687cd7d5d37e/3/4/347765.jpg,kitea,Rangement,2026-06-11 18:54:46,False,Économique (500-1500),kitea_5461
Armoire Ready 2 Portes,2995.0,,0.0,https://www.kitea.com/armoire-ready-2-portes.html,https://www.kitea.com/media/catalog/product/cache/c06d1bb5eedf825ac39d687cd7d5d37e/1/0/10062803316_1.jpg,kitea,Rangement,2026-06-11 17:43:26,False,Milieu (1500-4000),kitea_5471
Bibliothèque Folio 5 Niveaux,495.0,,0.0,https://www.kitea.com/bibliotheque-folio-5-niveaux.html,https://www.kitea.com/media/catalog/product/cache/c06d1bb5eedf825ac39d687cd7d5d37e/1/0/101923_2_1.jpg,kitea,Rangement,2026-06-11 17:44:01,False,Entrée (<500),kitea_5476
Double Commode Vertigo Avec 3 Tiroirs + 1 Porte - Chêne Gris / Blanc,4990.0,,0.0,https://www.kitea.com/double-commode-vertigo-avec-3-tiroirs-1-porte-chene-gris-blanc.html,https://www.kitea.com/media/catalog/product/cache/c06d1bb5eedf825ac39d687cd7d5d37e/_/c/_c_o_commode-1-porte-3-tiroirs-3.jpg,kitea,Rangement,2026-06-11 17:43:37,False,Premium (4000-10k),kitea_5489
Table De Chevet Bellagio + 2 Tiroirs - Blanc Mat / Miroir,995.0,1690.0,41.1,https://www.kitea.com/table-de-chevet-bellagio-2-tiroirs-blanc-mat-miroir.html,https://www.kitea.com/media/catalog/product/cache/c06d1bb5eedf825ac39d687cd7d5d37e/_/1/_1_0_10058328490_1.jpg,kitea,Rangement,2026-06-11 17:43:37,True,Économique (500-1500),kitea_5512
Desserte Cuisine Essentiel 2 Portes + 1 Tiroir - Chêne,1295.0,,0.0,https://www.kitea.com/desserte-cuisine-essentiel-2-portes-1-tiroir-chene.html,https://www.kitea.com/media/catalog/product/cache/c06d1bb5eedf825ac39d687cd7d5d37e/8/0/803347pm-y.png,kitea,Rangement,2026-06-11 18:54:46,False,Économique (500-1500),kitea_5530
Armoire Schattmatt 150Cm - Blanc,4195.0,,0.0,https://www.kitea.com/armoire-schattmatt-150cm-blanc.html,https://www.kitea.com/media/catalog/product/cache/c06d1bb5eedf825ac39d687cd7d5d37e/s/h/shms72233-120_06_1_.jpg,kitea,Rangement,2026-06-11 17:44:22,False,Premium (4000-10k),kitea_5549
Armoire Jupiter 3 Portes 3 Tiroirs - Noir,3995.0,4895.0,18.4,https://www.kitea.com/armoire-jupiter-3-portes-3-tiroirs-noir.html,https://www.kitea.com/media/catalog/product/cache/c06d1bb5eedf825ac39d687cd7d5d37e/_/a/_a_r_armoire_juiter-1.jpg,kitea,Rangement,2026-06-11 17:45:27,True,Milieu (1500-4000),kitea_5551
Armoire Ghost 4 Portes Et 2 Miroirs,4595.0,,0.0,https://www.kitea.com/armoire-ghost-4-portes-et-2-miroirs.html,https://www.kitea.com/media/catalog/product/cache/c06d1bb5eedf825ac39d687cd7d5d37e/1/0/10106075597-1_1__1.png,kitea,Rangement,2026-06-11 18:55:01,False,Premium (4000-10k),kitea_5558
"Meuble Multifonctions 2 Portes Focus – 69,2×34,6×170,4cm – Blanc",1295.0,,0.0,https://www.kitea.com/meuble-multifonctions-focus-2-portes-69-2-34-6-170-4-blanc.html,https://www.kitea.com/media/catalog/product/cache/c06d1bb5eedf825ac39d687cd7d5d37e/1/0/10115829_6_.png,kitea,Rangement,2026-06-11 18:54:46,False,Économique (500-1500),kitea_5570
Desserte Cuisine Essentiel 2 Portes + 1 Tiroir - Blanc,1295.0,,0.0,https://www.kitea.com/desserte-cuisine-essentiel-2-portes-1-tiroir-blanc.html,https://www.kitea.com/media/catalog/product/cache/c06d1bb5eedf825ac39d687cd7d5d37e/1/0/10115804315-t.png,kitea,Rangement,2026-06-11 18:54:46,False,Économique (500-1500),kitea_5580
Armoire Ghost 3 Portes  - Blanc,2695.0,,0.0,https://www.kitea.com/armoire-ghost-2p-mir-1t-blanc.html,https://www.kitea.com/media/catalog/product/cache/c06d1bb5eedf825ac39d687cd7d5d37e/1/0/10109011315.png,kitea,Rangement,2026-06-11 18:55:01,False,Milieu (1500-4000),kitea_5596
Armoire Nano 3 Portes + 1/2 Penderie Et 1/2  Lingère - Chêne / Blanc,1995.0,2595.0,23.1,https://www.kitea.com/armoire-nano-3-portes-1-2-penderie-et-1-2-lingere-chene-blanc.html,https://www.kitea.com/media/catalog/product/cache/c06d1bb5eedf825ac39d687cd7d5d37e/1/0/10048292784-1.jpg,kitea,Rangement,2026-06-11 17:44:01,True,Milieu (1500-4000),kitea_5608
Commode Watson 5 Tiroirs - Blanc / Chêne,1695.0,,0.0,https://www.kitea.com/commode-watson-5-tiroirs-blanc-chene.html,https://www.kitea.com/media/catalog/product/cache/c06d1bb5eedf825ac39d687cd7d5d37e/1/0/10109005784.png,kitea,Rangement,2026-06-11 18:55:01,False,Milieu (1500-4000),kitea_5620
Grand Buffet Brolo Blanc Brillant,4295.0,5490.0,21.8,https://www.kitea.com/grand-buffet-brolo-blanc-brillant.html,https://www.kitea.com/media/catalog/product/cache/c06d1bb5eedf825ac39d687cd7d5d37e/_/1/_1_0_10049290596.jpg,kitea,Rangement,2026-06-11 17:45:27,True,Premium (4000-10k),kitea_5621
Armoire Ready 3 Portes,3995.0,,0.0,https://www.kitea.com/armoire-ready-3-portes.html,https://www.kitea.com/media/catalog/product/cache/c06d1bb5eedf825ac39d687cd7d5d37e/1/0/10062806316_1.jpg,kitea,Rangement,2026-06-11 17:43:26,False,Milieu (1500-4000),kitea_5623
Meuble À Chaussures Mainz 4 Abattants,1450.0,,0.0,https://www.kitea.com/meuble-a-chaussures-mainz-4-abattants.html,https://www.kitea.com/media/catalog/product/cache/c06d1bb5eedf825ac39d687cd7d5d37e/r/a/rangement_1.jpg,kitea,Rangement,2026-06-11 17:43:15,False,Économique (500-1500),kitea_5634
Commode Watson 3 Tiroirs Et 1 Niche  - Blanc / Chêne,1395.0,,0.0,https://www.kitea.com/commode-watson-3t-1niche-blanc-chene.html,https://www.kitea.com/media/catalog/product/cache/c06d1bb5eedf825ac39d687cd7d5d37e/1/0/10109007784.png,kitea,Rangement,2026-06-11 18:55:01,False,Économique (500-1500),kitea_5642
Table De Chevet Costa - Marron,1090.0,,0.0,https://www.kitea.com/table-de-chevet-costa-marron.html,https://www.kitea.com/media/catalog/product/cache/c06d1bb5eedf825ac39d687cd7d5d37e/_/1/_1_0_10009312305_edited.jpg,kitea,Rangement,2026-06-11 17:45:27,False,Économique (500-1500),kitea_5703
"Meuble Multifonctions Focus 1Porte 49,2*47,05*200 - Blanc",1295.0,,0.0,https://www.kitea.com/meuble-multifonctions-focus-1porte-49-2-47-05-200-blanc.html,https://www.kitea.com/media/catalog/product/cache/c06d1bb5eedf825ac39d687cd7d5d37e/1/0/10115827_6_.png,kitea,Rangement,2026-06-11 18:54:46,False,Économique (500-1500),kitea_5710
Vestiaire Rudolf  - Chêne / Blanc,1295.0,,0.0,https://www.kitea.com/vestiaire-rudolf-blanc.html,https://www.kitea.com/media/catalog/product/cache/c06d1bb5eedf825ac39d687cd7d5d37e/_/1/_1_0_10035468316-2k.jpg,kitea,Rangement,2026-06-11 17:43:47,False,Économique (500-1500),kitea_5713
Meuble À Chaussures Shoes 4 Abattants - Blanc / Chêne,1595.0,,0.0,https://www.kitea.com/meuble-a-chaussures-shoes-4-abattants-blanc-chene.html,https://www.kitea.com/media/catalog/product/cache/c06d1bb5eedf825ac39d687cd7d5d37e/5/7/5713035083607-3.jpg,kitea,Rangement,2026-06-11 17:43:03,False,Milieu (1500-4000),kitea_5736
Chariot Avec Roues Home Bar - Oak / Noir,1495.0,2595.0,42.4,https://www.kitea.com/chariot-avec-roues-home-bar-oak-noir.html,https://www.kitea.com/media/catalog/product/cache/c06d1bb5eedf825ac39d687cd7d5d37e/1/0/10062843709_2_.jpg,kitea,Rangement,2026-06-11 17:45:05,True,Économique (500-1500),kitea_5738
Armoire Easylife 2 Portes Élément Du Pack  - Chêne,895.0,,0.0,https://www.kitea.com/armoire-easylife-2-portes-chene.html,https://www.kitea.com/media/catalog/product/cache/c06d1bb5eedf825ac39d687cd7d5d37e/_/1/_101_08039853.jpg,kitea,Rangement,2026-06-11 17:43:03,False,Économique (500-1500),kitea_5747
Meuble Multifonctions Tempra2 2 Portes 3 Tiroirs - Chêne Beige,1595.0,1995.0,20.1,https://www.kitea.com/meuble-multifonctions-tempra2-2-portes-3-tiroirs-chene-beige.html,https://www.kitea.com/media/catalog/product/cache/c06d1bb5eedf825ac39d687cd7d5d37e/_/m/_m_e_meuble_multifonctions_tempra2-2.jpg,kitea,Rangement,2026-06-11 17:45:05,True,Milieu (1500-4000),kitea_5767
Meuble À Chaussures Alice Springs 6 Portes - Gris Clair / Chêne,4995.0,,0.0,https://www.kitea.com/meuble-a-chaussures-alice-springs-6-portes-gris-chene.html,https://www.kitea.com/media/catalog/product/cache/c06d1bb5eedf825ac39d687cd7d5d37e/1/0/10108131157-b1.jpg,kitea,Rangement,2026-06-11 17:43:03,False,Premium (4000-10k),kitea_5780
Meuble Multifonction Mundi 6 Portes Oak / Blanc,4995.0,,0.0,https://www.kitea.com/meuble-multifonction-mundi-6-portes-blanc.html,https://www.kitea.com/media/catalog/product/cache/c06d1bb5eedf825ac39d687cd7d5d37e/_/1/_1_0_10045122697_edited.jpg,kitea,Rangement,2026-06-11 17:45:27,False,Premium (4000-10k),kitea_5784
Armoire Nano 3 Étagères Et Penderie -  Blanc / Chêne,1295.0,1595.0,18.8,https://www.kitea.com/armoire-nano-3-etageres-et-penderie-blanc.html,https://www.kitea.com/media/catalog/product/cache/c06d1bb5eedf825ac39d687cd7d5d37e/_/1/_1_0_10044947316-1.jpg,kitea,Rangement,2026-06-11 17:44:01,True,Économique (500-1500),kitea_5794
Meuble TV EPP blanc/chêne – 180 × 40 × 50 cm,995.0,,0.0,https://www.kitea.com/meuble-tv-epp-blanc-chene-180-40-50-cm.html,https://www.kitea.com/media/catalog/product/cache/c06d1bb5eedf825ac39d687cd7d5d37e/d/e/design_sans_titre_-_2026-04-07t100214.809.jpg,kitea,Rangement,2026-06-11 18:54:46,False,Économique (500-1500),kitea_5821
Commode Solido 2 Portes Et 2 Tiroirs - Wengé,1595.0,2295.0,30.5,https://www.kitea.com/commode-solido-2-portes-et-2-tiroirs-marron.html,https://www.kitea.com/media/catalog/product/cache/c06d1bb5eedf825ac39d687cd7d5d37e/_/c/_c_o_commode_solido_2_portes_2_tiroirs-1.jpg,kitea,Rangement,2026-06-11 17:45:05,True,Milieu (1500-4000),kitea_5837
Table De Chevet Lafabrica - Beige / Gris,1590.0,1690.0,5.9,https://www.kitea.com/table-de-chevet-lafabrica-beige-gris.html,https://www.kitea.com/media/catalog/product/cache/c06d1bb5eedf825ac39d687cd7d5d37e/1/0/10053620705-1.jpg,kitea,Rangement,2026-06-11 17:45:27,True,Milieu (1500-4000),kitea_5863
Meuble Multifonctions Cardigan 2 Portes,1295.0,,0.0,https://www.kitea.com/meuble-multifonctions-cardigan-2-portes.html,https://www.kitea.com/media/catalog/product/cache/c06d1bb5eedf825ac39d687cd7d5d37e/c/d/cdgk221-c881_06_1.jpg,kitea,Rangement,2026-06-11 17:44:22,False,Économique (500-1500),kitea_5866
Etagère Murale 3 Niveaux Lewisville - Beige,995.0,1490.0,33.2,https://www.kitea.com/etagere-murale-3-niveaux-lewisville-beige.html,https://www.kitea.com/media/catalog/product/cache/c06d1bb5eedf825ac39d687cd7d5d37e/1/0/10092411217-101.png,kitea,Rangement,2026-06-11 18:55:31,True,Économique (500-1500),kitea_5868
Meuble À Chaussures Watson Avec 2 Abattants Et 1 Tiroir –  Blanc / Chêne,1495.0,,0.0,https://www.kitea.com/meuble-a-chaussures-watson-avec-2-abattants-et-1-tiroir-chene.html,https://www.kitea.com/media/catalog/product/cache/c06d1bb5eedf825ac39d687cd7d5d37e/1/0/10110485541-9.png,kitea,Rangement,2026-06-11 18:55:01,False,Économique (500-1500),kitea_5876
Meuble Multifonctions Net306,1295.0,,0.0,https://www.kitea.com/meuble-multifonctions-net306.html,https://www.kitea.com/media/catalog/product/cache/c06d1bb5eedf825ac39d687cd7d5d37e/m/s/ms263-c830_06_1_1.jpg,kitea,Rangement,2026-06-11 17:44:22,False,Économique (500-1500),kitea_5893
Armoire Alice Springs Avec 6 Portes,3995.0,,0.0,https://www.kitea.com/armoire-alice-springs-avec-6-portes.html,https://www.kitea.com/media/catalog/product/cache/c06d1bb5eedf825ac39d687cd7d5d37e/1/0/10092271361-2_2.png,kitea,Rangement,2026-06-11 18:55:31,False,Milieu (1500-4000),kitea_5930
Table De Chevet Costa Avec 2 Tiroirs - Marron,1750.0,,0.0,https://www.kitea.com/table-de-chevet-costa-avec-2-tiroirs-marron.html,https://www.kitea.com/media/catalog/product/cache/c06d1bb5eedf825ac39d687cd7d5d37e/1/0/10009310305-b100.jpg,kitea,Rangement,2026-06-11 17:45:27,False,Milieu (1500-4000),kitea_5931
Petit Meuble Mundi - Marbre / Blanc,1095.0,1995.0,45.1,https://www.kitea.com/petit-meuble-mundi-marbre-blanc.html,https://www.kitea.com/media/catalog/product/cache/c06d1bb5eedf825ac39d687cd7d5d37e/_/1/_1_0_10051862768_bs3504k737_mundi.jpg,kitea,Rangement,2026-06-11 17:43:37,True,Économique (500-1500),kitea_5935
Armoire Ghost 8 Portes,3995.0,,0.0,https://www.kitea.com/armoire-ghost-8-portes.html,https://www.kitea.com/media/catalog/product/cache/c06d1bb5eedf825ac39d687cd7d5d37e/1/0/10106076597-8_1__1.png,kitea,Rangement,2026-06-11 18:55:01,False,Milieu (1500-4000),kitea_5964
"Vestiaire Kendray 1 tiroir + 2 portes + miroir 73,7 × 200 × 34,9 cm - chêne/sable",1595.0,,0.0,https://www.kitea.com/vestiaire-kendray-1-tiroir-2-portes-miroir-73-7-200-34-9-cm-chene-sable.html,https://www.kitea.com/media/catalog/product/cache/c06d1bb5eedf825ac39d687cd7d5d37e/d/e/design_sans_titre_-_2026-04-27t120701.261.jpg,kitea,Rangement,2026-06-11 18:54:46,False,Milieu (1500-4000),kitea_5965
Support Mural Décoratif Avec Miroir 2 Étagères - Noir,209.0,,0.0,https://www.kitea.com/support-mural-decoratif-avec-miroir-2-etageres-noir.html,https://www.kitea.com/media/catalog/product/cache/c06d1bb5eedf825ac39d687cd7d5d37e/1/0/10101099285-3.png,kitea,Rangement,2026-06-11 17:44:44,False,Entrée (<500),kitea_5980
Meuble Multifonctions Watson  - Blanc / Chêne,1095.0,,0.0,https://www.kitea.com/meuble-multifonctions-watson-blanc-chene.html,https://www.kitea.com/media/catalog/product/cache/c06d1bb5eedf825ac39d687cd7d5d37e/1/0/10109006784.png,kitea,Rangement,2026-06-11 18:55:01,False,Économique (500-1500),kitea_5987
Commode Jacky Avec 2 Portes + 4 Tiroirs - Chêne / Blanc,1495.0,,0.0,https://www.kitea.com/commode-jacky-avec-2-portes-4-tiroirs-chene-marron-clair.html,https://www.kitea.com/media/catalog/product/cache/c06d1bb5eedf825ac39d687cd7d5d37e/_/1/_1_0_10037302316-1k.jpg,kitea,Rangement,2026-06-11 17:45:44,False,Économique (500-1500),kitea_5997
Armoire Net306 Avec 2 Portes,1295.0,,0.0,https://www.kitea.com/armoire-net306-2-portes.html,https://www.kitea.com/media/catalog/product/cache/c06d1bb5eedf825ac39d687cd7d5d37e/m/s/ms264-c830_06_1_1.jpg,kitea,Rangement,2026-06-11 18:55:01,False,Économique (500-1500),kitea_5999
Petite Etagère Lewisville - Beige,690.0,990.0,30.3,https://www.kitea.com/petite-etagere-lewisville-beige.html,https://www.kitea.com/media/catalog/product/cache/c06d1bb5eedf825ac39d687cd7d5d37e/1/0/10092411217-4.png,kitea,Rangement,2026-06-11 18:55:31,True,Économique (500-1500),kitea_6008
Meuble Multifonction Jacky 2 Portes Et 1 Tiroir -  Blanc / Chêne,859.0,,0.0,https://www.kitea.com/meuble-multifonction-jacky-2-portes-et-1-tiroir-blanc.html,https://www.kitea.com/media/catalog/product/cache/c06d1bb5eedf825ac39d687cd7d5d37e/_/1/_1_0_10037301316-1k.jpg,kitea,Rangement,2026-06-11 17:45:27,False,Économique (500-1500),kitea_6020
Meuble À Chaussures Calma 1 Porte,1450.0,,0.0,https://www.kitea.com/meuble-a-chaussures-calma-1-porte.html,https://www.kitea.com/media/catalog/product/cache/c06d1bb5eedf825ac39d687cd7d5d37e/_/1/_1_0_10036458315-1k_1.jpg,kitea,Rangement,2026-06-11 17:45:05,False,Économique (500-1500),kitea_6022
Etagère Flemens - Taupe / Chêne,299.0,595.0,49.7,https://www.kitea.com/etagere-flemens-taupe-chene.html,https://www.kitea.com/media/catalog/product/cache/c06d1bb5eedf825ac39d687cd7d5d37e/1/0/10062743904.jpg,kitea,Rangement,2026-06-11 17:43:26,True,Entrée (<500),kitea_6027
Chevet Globo - Blanc,995.0,1290.0,22.9,https://www.kitea.com/chevet-globo-blanc.html,https://www.kitea.com/media/catalog/product/cache/c06d1bb5eedf825ac39d687cd7d5d37e/1/0/10044876316-1.jpg,kitea,Rangement,2026-06-11 17:43:47,True,Économique (500-1500),kitea_6039
Meuble À Chaussures Acmi 4 Portes  - Oak,1995.0,,0.0,https://www.kitea.com/meuble-a-chaussures-acmi-4-portes-marron.html,https://www.kitea.com/media/catalog/product/cache/c06d1bb5eedf825ac39d687cd7d5d37e/_/1/_1_0_10012500246-22.jpg,kitea,Rangement,2026-06-11 17:45:27,False,Milieu (1500-4000),kitea_6042
Meuble À Chaussures Ibiza 3 Abattants,1295.0,,0.0,https://www.kitea.com/meuble-a-chaussures-ibiza-3-abattants.html,https://www.kitea.com/media/catalog/product/cache/c06d1bb5eedf825ac39d687cd7d5d37e/1/0/10092637315-1_2.png,kitea,Rangement,2026-06-11 17:44:44,False,Économique (500-1500),kitea_6044
Étagère Luci - Artisan Oak / Gris,295.0,595.0,50.4,https://www.kitea.com/etagere-luci-artisan-oak-gris.html,https://www.kitea.com/media/catalog/product/cache/c06d1bb5eedf825ac39d687cd7d5d37e/1/0/10063551974.jpeg,kitea,Rangement,2026-06-11 17:45:05,True,Entrée (<500),kitea_6060
Meuble À Chaussures Izzy 4 Abattants - Blanc / Chêne,1795.0,2395.0,25.1,https://www.kitea.com/meuble-a-chaussures-izzy-4-abattants-blanc-chene.html,https://www.kitea.com/media/catalog/product/cache/c06d1bb5eedf825ac39d687cd7d5d37e/1/0/10082574326-1_1.jpg,kitea,Rangement,2026-06-11 17:43:26,True,Milieu (1500-4000),kitea_6062
Meuble Multifonction Mundi 2 Portes Et 4 Tiroirs,3650.0,,0.0,https://www.kitea.com/meuble-multifonction-mundi-2-portes-et-4-tiroirs.html,https://www.kitea.com/media/catalog/product/cache/c06d1bb5eedf825ac39d687cd7d5d37e/_/1/_1_0_10047561768-3_1.jpg,kitea,Rangement,2026-06-11 17:45:05,False,Milieu (1500-4000),kitea_6070
Commode Celest 3 Portes - Oak / Noir,1995.0,3495.0,42.9,https://www.kitea.com/commode-celest-3-portes-beige-noir.html,https://www.kitea.com/media/catalog/product/cache/c06d1bb5eedf825ac39d687cd7d5d37e/1/0/10090835709-900.png,kitea,Rangement,2026-06-11 17:44:44,True,Milieu (1500-4000),kitea_6074
Bibliothèque Flexi Avec 2 Portes - Blanc / Gris Clair,2590.0,,0.0,https://www.kitea.com/bibliotheque-flexi-avec-2-portes-blanc-gris-clair.html,https://www.kitea.com/media/catalog/product/cache/c06d1bb5eedf825ac39d687cd7d5d37e/1/0/10063323970.jpg,kitea,Rangement,2026-06-11 17:43:37,False,Milieu (1500-4000),kitea_6076
Desserte Cuisine Spoon - Blanc,950.0,,0.0,https://www.kitea.com/desserte-cuisine-spoon-2p-1t-60x85-3x40-blanc.html,https://www.kitea.com/media/catalog/product/cache/c06d1bb5eedf825ac39d687cd7d5d37e/1/0/10115806315.png,kitea,Rangement,2026-06-11 18:54:46,False,Économique (500-1500),kitea_6078
Desserte Cuisine Indus Chêne - Noir,1595.0,2695.0,40.8,https://www.kitea.com/desserte-cuisine-indus-chene-noir.html,https://www.kitea.com/media/catalog/product/cache/c06d1bb5eedf825ac39d687cd7d5d37e/1/0/10062800674.jpg,kitea,Rangement,2026-06-11 17:45:05,True,Milieu (1500-4000),kitea_6081
Chevet Stella Rose Et Blanc,790.0,,0.0,https://www.kitea.com/chevet-stella-rose-et-blanc.html,https://www.kitea.com/media/catalog/product/cache/c06d1bb5eedf825ac39d687cd7d5d37e/_/1/_1_0_10042039725-1k.jpg,kitea,Rangement,2026-06-11 17:43:47,False,Économique (500-1500),kitea_6090
Armoire Telane Avec 2  Portes - Chêne,1995.0,2995.0,33.4,https://www.kitea.com/armoire-telane-avec-2-portes-beige.html,https://www.kitea.com/media/catalog/product/cache/c06d1bb5eedf825ac39d687cd7d5d37e/1/0/10092258541-3.png,kitea,Rangement,2026-06-11 18:55:31,True,Milieu (1500-4000),kitea_6097
Étagère Lyon 140X20X25Cm - Blanc / Chêne,695.0,890.0,21.9,https://www.kitea.com/etagere-lyon-140x20x25cm-blanc-chene.html,https://www.kitea.com/media/catalog/product/cache/c06d1bb5eedf825ac39d687cd7d5d37e/_/1/_1_0_10039554316_1_1.jpg,kitea,Rangement,2026-06-11 17:43:47,True,Économique (500-1500),kitea_6098
Commode Hamm - Chêne / Crème,1995.0,3395.0,41.2,https://www.kitea.com/commode-hamm-chene-creme.html,https://www.kitea.com/media/catalog/product/cache/c06d1bb5eedf825ac39d687cd7d5d37e/1/0/10107755217-2.jpg,kitea,Rangement,2026-06-11 17:44:22,True,Milieu (1500-4000),kitea_6102
"Meuble à chaussures Net402 - 3 abattants 58,2 × 115,5 × 20,4 cm - blanc",695.0,,0.0,https://www.kitea.com/meuble-a-chaussures-net402-3-abattants-58-2-115-5-20-4-cm-blanc.html,https://www.kitea.com/media/catalog/product/cache/c06d1bb5eedf825ac39d687cd7d5d37e/d/e/design_sans_titre_-_2026-04-27t144407.219.jpg,kitea,Rangement,2026-06-11 18:54:46,False,Économique (500-1500),kitea_6105
Meuble À Chaussures Mainz 3 Abattants,1095.0,,0.0,https://www.kitea.com/meuble-a-chaussures-mainz-3-abattants.html,https://www.kitea.com/media/catalog/product/cache/c06d1bb5eedf825ac39d687cd7d5d37e/1/0/10062824315_1.jpg,kitea,Rangement,2026-06-11 18:55:31,False,Économique (500-1500),kitea_6110
Petite Étagère Murale Black Duro - Chêne / Noir,395.0,,0.0,https://www.kitea.com/petite-etagere-murale-black-duro-chene-noir.html,https://www.kitea.com/media/catalog/product/cache/c06d1bb5eedf825ac39d687cd7d5d37e/1/0/10104026674-b1.png,kitea,Rangement,2026-06-11 18:55:31,False,Entrée (<500),kitea_6136
Armoire Daily 3 Portes 2 Tiroirs,3295.0,,0.0,https://www.kitea.com/armoire-daily-3-portes-2-tiroirs.html,https://www.kitea.com/media/catalog/product/cache/c06d1bb5eedf825ac39d687cd7d5d37e/_/a/_a_r_armoire_daily_3_portes_2_tiroirs_blanc-1_1.jpg,kitea,Rangement,2026-06-11 17:43:26,False,Milieu (1500-4000),kitea_6143
"Meuble à chaussures Net106 - 1 porte + miroir 50,2 × 179,1 × 34,8 cm - chêne",1295.0,,0.0,https://www.kitea.com/meuble-a-chaussures-net106-1-porte-miroir-50-2-179-1-34-8-cm-chene.html,https://www.kitea.com/media/catalog/product/cache/c06d1bb5eedf825ac39d687cd7d5d37e/d/e/design_sans_titre_-_2026-04-27t124523.235.jpg,kitea,Rangement,2026-06-11 17:44:01,False,Économique (500-1500),kitea_6153
Meuble Multifonction Mundi 2 Portes - Blanc,2995.0,3995.0,25.0,https://www.kitea.com/meuble-multifonction-mundi-2-portes-blanc.html,https://www.kitea.com/media/catalog/product/cache/c06d1bb5eedf825ac39d687cd7d5d37e/1/0/10092642315-1.png,kitea,Rangement,2026-06-11 17:44:44,True,Milieu (1500-4000),kitea_6157
Boîte En Textile Velours Côtelé - Abricot,109.0,,0.0,https://www.kitea.com/boite-en-textile-velours-cotele-abricot.html,https://www.kitea.com/media/catalog/product/cache/c06d1bb5eedf825ac39d687cd7d5d37e/1/0/10105171772-79.png,kitea,Rangement,2026-06-11 17:44:44,False,Entrée (<500),kitea_6163
Meuble À Chaussures Izzy 2 Abattants + 1 Tiroir,1695.0,,0.0,https://www.kitea.com/meuble-a-chaussures-izzy-2-abattants-1-tiroir.html,https://www.kitea.com/media/catalog/product/cache/c06d1bb5eedf825ac39d687cd7d5d37e/1/0/10082578674-base1izzy_1.png,kitea,Rangement,2026-06-11 17:43:26,False,Milieu (1500-4000),kitea_6172
Etagère 2 Niches Lacetti - Beige,845.0,1290.0,34.5,https://www.kitea.com/etagere-2-niches-lacetti-beige.html,https://www.kitea.com/media/catalog/product/cache/c06d1bb5eedf825ac39d687cd7d5d37e/1/0/10092429246-1.png,kitea,Rangement,2026-06-11 18:55:31,True,Économique (500-1500),kitea_6182
Meuble À Chaussures Alice Springs 4 Portes - Gris Clair / Chêne,2995.0,,0.0,https://www.kitea.com/meuble-a-chaussures-alice-springs-4-portes-gris-chene.html,https://www.kitea.com/media/catalog/product/cache/c06d1bb5eedf825ac39d687cd7d5d37e/1/0/10108132157-6.jpg,kitea,Rangement,2026-06-11 17:44:22,False,Milieu (1500-4000),kitea_6193
Armoire Rolling - Chêne Beige Clair,1895.0,2595.0,27.0,https://www.kitea.com/armoire-rolling-chene-beige-clair.html,https://www.kitea.com/media/catalog/product/cache/c06d1bb5eedf825ac39d687cd7d5d37e/_/1/_1_0_10021511385-1.jpg,kitea,Rangement,2026-06-11 17:44:01,True,Milieu (1500-4000),kitea_6200
Table De Chevet Linate 1 Tiroir - Blanc / Chêne Beige,1090.0,,0.0,https://www.kitea.com/table-de-chevet-linate-1-tiroir-blanc-chene-beige.html,https://www.kitea.com/media/catalog/product/cache/c06d1bb5eedf825ac39d687cd7d5d37e/_/1/_1_0_10029900597__1.jpg,kitea,Rangement,2026-06-11 17:44:01,False,Économique (500-1500),kitea_6207
Armoire Daily 2 Portes 2 Tiroirs,2595.0,,0.0,https://www.kitea.com/armoire-daily-2-portes-2-tiroirs.html,https://www.kitea.com/media/catalog/product/cache/c06d1bb5eedf825ac39d687cd7d5d37e/_/a/_a_r_armoire_daily_2_portes_2_tiroirs_blanc-10_1.jpg,kitea,Rangement,2026-06-11 17:43:26,False,Milieu (1500-4000),kitea_6216
Meuble A Chaussures Boots Avec 2 Portes - Gris / Blanc,1195.0,1795.0,33.4,https://www.kitea.com/meuble-a-chaussures-boots-avec-2-portes-gris-blanc.html,https://www.kitea.com/media/catalog/product/cache/c06d1bb5eedf825ac39d687cd7d5d37e/1/0/10066427422_2_.jpg,kitea,Rangement,2026-06-11 17:45:05,True,Économique (500-1500),kitea_6248
Meuble À Chaussures Naia,2595.0,,0.0,https://www.kitea.com/meuble-a-chaussures-naia.html,https://www.kitea.com/media/catalog/product/cache/c06d1bb5eedf825ac39d687cd7d5d37e/5/7/5713035082198-1_1.jpg,kitea,Rangement,2026-06-11 17:43:03,False,Milieu (1500-4000),kitea_6255
Meuble Multifonctions Orsa 125Cm - Blanc,1999.0,,0.0,https://www.kitea.com/meuble-multifonctions-orsa-avec-2-portes-blanc.html,https://www.kitea.com/media/catalog/product/cache/c06d1bb5eedf825ac39d687cd7d5d37e/1/0/10105176315-40a.png,kitea,Rangement,2026-06-11 17:44:22,False,Milieu (1500-4000),kitea_6259
Commode Costa Avec 4 Tiroirs - Marron,4790.0,,0.0,https://www.kitea.com/commode-costa-avec-4-tiroirs-marron.html,https://www.kitea.com/media/catalog/product/cache/c06d1bb5eedf825ac39d687cd7d5d37e/_/1/_1_0_10009311305-2.jpg,kitea,Rangement,2026-06-11 17:43:47,False,Premium (4000-10k),kitea_6263
"Meuble Multifonctions Focus 1Porte 49,2*47,05*200 - Chêne",1395.0,,0.0,https://www.kitea.com/meuble-multifonctions-focus-1porte-49-2-47-05-200-chene.html,https://www.kitea.com/media/catalog/product/cache/c06d1bb5eedf825ac39d687cd7d5d37e/1/0/10115828g.png,kitea,Rangement,2026-06-11 18:54:46,False,Économique (500-1500),kitea_6268
Armoire À Chaussures Ebony -  Chêne Foncé,2595.0,,0.0,https://www.kitea.com/armoire-a-chaussures-ebony-chene-fonce.html,https://www.kitea.com/media/catalog/product/cache/c06d1bb5eedf825ac39d687cd7d5d37e/1/0/10106085777-10.png,kitea,Rangement,2026-06-11 17:43:03,False,Milieu (1500-4000),kitea_6284
Commode Uno 2 Portes Et 4 Tiroirs - Oak / Lava,1995.0,2595.0,23.1,https://www.kitea.com/commode-uno-2-portes-et-4-tiroirs-marron-craft-et-gris.html,https://www.kitea.com/media/catalog/product/cache/c06d1bb5eedf825ac39d687cd7d5d37e/1/0/10048857791-9.png,kitea,Rangement,2026-06-11 17:45:44,True,Milieu (1500-4000),kitea_6287
Étagère Lara - Chêne,650.0,,0.0,https://www.kitea.com/etagere-lara-chene.html,https://www.kitea.com/media/catalog/product/cache/c06d1bb5eedf825ac39d687cd7d5d37e/_/e/_e_t_etage_re-lara-1.jpg,kitea,Rangement,2026-06-11 17:43:37,False,Économique (500-1500),kitea_6295
Commode 4-You 2 Portes + 2 Tiroirs,1795.0,,0.0,https://www.kitea.com/commode-4-you-2-portes-2-tiroirs.html,https://www.kitea.com/media/catalog/product/cache/c06d1bb5eedf825ac39d687cd7d5d37e/1/0/10080128709-1_1.jpg,kitea,Rangement,2026-06-11 17:43:26,False,Milieu (1500-4000),kitea_6310
Commode Celest 3 Tiroirs - Chêne / Noir,895.0,1595.0,43.9,https://www.kitea.com/commode-celest-3-tiroirs-beige-noir.html,https://www.kitea.com/media/catalog/product/cache/c06d1bb5eedf825ac39d687cd7d5d37e/1/0/10108216674-2_1_.png,kitea,Rangement,2026-06-11 17:44:22,True,Économique (500-1500),kitea_6316
Armoire Econobox 2 Portes,1695.0,,0.0,https://www.kitea.com/armoire-econobox-2-portes.html,https://www.kitea.com/media/catalog/product/cache/c06d1bb5eedf825ac39d687cd7d5d37e/1/0/10108125315-b33_1.png,kitea,Rangement,2026-06-11 17:43:03,False,Milieu (1500-4000),kitea_6325
Meuble À Chaussures Facile - Oak,599.0,,0.0,https://www.kitea.com/meuble-a-chaussures-facile-beige.html,https://www.kitea.com/media/catalog/product/cache/c06d1bb5eedf825ac39d687cd7d5d37e/_/w/_w_e_website_paysage_template_1_42.jpg,kitea,Rangement,2026-06-11 17:43:47,False,Économique (500-1500),kitea_6328
Meuble Multifonctions Nano 2 Tiroirs - Blanc / Chêne,595.0,995.0,40.2,https://www.kitea.com/meuble-multifonctions-nano-2-tirroirs-blanc-chene.html,https://www.kitea.com/media/catalog/product/cache/c06d1bb5eedf825ac39d687cd7d5d37e/1/0/10108999784-8_1_.png,kitea,Rangement,2026-06-11 18:55:01,True,Économique (500-1500),kitea_6338
Etagère Murale Savona - Noir,750.0,995.0,24.6,https://www.kitea.com/etagere-murale-savona-noir.html,https://www.kitea.com/media/catalog/product/cache/c06d1bb5eedf825ac39d687cd7d5d37e/2/_/2_9.jpg,kitea,Rangement,2026-06-11 17:43:37,True,Économique (500-1500),kitea_6353
Surmeuble Nano 2 Portes - Blanc / Chêne,495.0,799.0,38.0,https://www.kitea.com/surmeuble-nano-2-portes-blanc-chene.html,https://www.kitea.com/media/catalog/product/cache/c06d1bb5eedf825ac39d687cd7d5d37e/1/0/10109000784-base67.jpg,kitea,Rangement,2026-06-11 18:55:01,True,Entrée (<500),kitea_6362
Commode Blokty 4 Tiroirs - Blanc,1195.0,,0.0,https://www.kitea.com/commode-blokty-4-tirroirs-blanc.html,https://www.kitea.com/media/catalog/product/cache/c06d1bb5eedf825ac39d687cd7d5d37e/1/0/10109003315.png,kitea,Rangement,2026-06-11 18:55:01,False,Économique (500-1500),kitea_6363
"Penderie Mundi 82,3X35,2X71,3Cm -  Marbre / Blanc",1295.0,1495.0,13.4,https://www.kitea.com/penderie-mundi-82-3x35-2x71-3cm-marbre-blanc.html,https://www.kitea.com/media/catalog/product/cache/c06d1bb5eedf825ac39d687cd7d5d37e/1/0/10051861768_1.jpg,kitea,Rangement,2026-06-11 17:43:26,True,Économique (500-1500),kitea_6368
Armoire Schattmatt 170Cm - Blanc,5395.0,,0.0,https://www.kitea.com/armoire-schattmatt-170cm-blanc.html,https://www.kitea.com/media/catalog/product/cache/c06d1bb5eedf825ac39d687cd7d5d37e/s/h/shms72233-120_06_1__1.jpg,kitea,Rangement,2026-06-11 17:44:22,False,Premium (4000-10k),kitea_6370
Commode Aalborg Avec 3 Tiroirs - Blanc / Chêne,1390.0,1990.0,30.2,https://www.kitea.com/commode-aalborg-avec-3-tiroirs-blanc-chene.html,https://www.kitea.com/media/catalog/product/cache/c06d1bb5eedf825ac39d687cd7d5d37e/1/0/10064230922_4_.jpg,kitea,Rangement,2026-06-11 17:43:37,True,Économique (500-1500),kitea_6388
Boîte En Textile Teddy - Crème,109.0,,0.0,https://www.kitea.com/boite-en-textile-teddy-creme.html,https://www.kitea.com/media/catalog/product/cache/c06d1bb5eedf825ac39d687cd7d5d37e/1/0/10105167365-2.png,kitea,Rangement,2026-06-11 17:44:44,False,Entrée (<500),kitea_6396
Armoire Dederik,2995.0,,0.0,https://www.kitea.com/armoire-dederik.html,https://www.kitea.com/media/catalog/product/cache/c06d1bb5eedf825ac39d687cd7d5d37e/1/0/10092257315-8_2.png,kitea,Rangement,2026-06-11 17:45:05,False,Milieu (1500-4000),kitea_6404
Meuble Multifonctions Cardigan 3 Portes Et 4 Tiroirs,2595.0,,0.0,https://www.kitea.com/meuble-multifonctions-cardigan-3-portes-et-4-tiroirs.html,https://www.kitea.com/media/catalog/product/cache/c06d1bb5eedf825ac39d687cd7d5d37e/c/d/cdgk241-c881_06_1.jpg,kitea,Rangement,2026-06-11 17:44:22,False,Milieu (1500-4000),kitea_6415
Chevet Mi Piace Gris,895.0,1090.0,17.9,https://www.kitea.com/chevet-mi-piace-gris.html,https://www.kitea.com/media/catalog/product/cache/c06d1bb5eedf825ac39d687cd7d5d37e/_/1/_1_0_10018749316_1.jpg,kitea,Rangement,2026-06-11 17:43:47,True,Économique (500-1500),kitea_6433
Double Commode Sofia 6 Tiroirs,1500.0,,0.0,https://www.kitea.com/double-commode-sofia-6-tiroirs.html,https://www.kitea.com/media/catalog/product/cache/c06d1bb5eedf825ac39d687cd7d5d37e/5/7/5713035096546-4_1.jpg,kitea,Rangement,2026-06-11 17:43:03,False,Économique (500-1500),kitea_6440
Table De Chevet Elora,595.0,,0.0,https://www.kitea.com/table-de-chevet-elora.html,https://www.kitea.com/media/catalog/product/cache/c06d1bb5eedf825ac39d687cd7d5d37e/1/0/10062537541_1.jpg,kitea,Rangement,2026-06-11 17:44:01,False,Économique (500-1500),kitea_6451
Petit Meuble Lawwang Avec 2 Portes - Marron,1295.0,,0.0,https://www.kitea.com/petit-meuble-lawwang-avec-2-portes-marron.html,https://www.kitea.com/media/catalog/product/cache/c06d1bb5eedf825ac39d687cd7d5d37e/1/0/10052152305-1.png,kitea,Rangement,2026-06-11 17:44:44,False,Économique (500-1500),kitea_6453
Commode Cardigan 2 Portes Et 4 Tiroirs,2295.0,,0.0,https://www.kitea.com/commode-cardigan-2-portes-et-4-tiroirs.html,https://www.kitea.com/media/catalog/product/cache/c06d1bb5eedf825ac39d687cd7d5d37e/c/d/cdgk231-c881_06_1.jpg,kitea,Rangement,2026-06-11 18:55:01,False,Milieu (1500-4000),kitea_6455
Commode Jacky 4 Portes Et 2 Tiroirs Chêne / Blanc,1995.0,,0.0,https://www.kitea.com/commode-jacky-4-portes-et-2-tiroirs-chene-marron-clair-et-blanc.html,https://www.kitea.com/media/catalog/product/cache/c06d1bb5eedf825ac39d687cd7d5d37e/_/1/_1_0_10037303316-1k.jpg,kitea,Rangement,2026-06-11 17:45:44,False,Milieu (1500-4000),kitea_6464
Grande Étagère Brolo Marron Et Noir,490.0,695.0,29.5,https://www.kitea.com/grande-etagere-brolo-marron-et-noir.html,https://www.kitea.com/media/catalog/product/cache/c06d1bb5eedf825ac39d687cd7d5d37e/_/1/_1_0_10049291596_1.jpg,kitea,Rangement,2026-06-11 17:43:47,True,Entrée (<500),kitea_6497
Commode Celest 2 Portes - Oak / Noir,1395.0,2995.0,53.4,https://www.kitea.com/commode-celest-2-portes-beige-noir.html,https://www.kitea.com/media/catalog/product/cache/c06d1bb5eedf825ac39d687cd7d5d37e/1/0/10090836709-3.png,kitea,Rangement,2026-06-11 18:55:31,True,Économique (500-1500),kitea_6503
Commode Vertigo Avec 3 Tiroirs - Chêne Gris / Blanc,4490.0,,0.0,https://www.kitea.com/commode-vertigo-avec-3-tiroirs-chene-gris-blanc.html,https://www.kitea.com/media/catalog/product/cache/c06d1bb5eedf825ac39d687cd7d5d37e/_/c/_c_o_commode-3-tiroirs-2.jpg,kitea,Rangement,2026-06-11 17:43:37,False,Premium (4000-10k),kitea_6506
Commode Fontana 3 Portes Et 1 Tiroir - Craft Oak,2295.0,2795.0,17.9,https://www.kitea.com/commode-fontana-3-portes-et-1-tiroir-marron-clair.html,https://www.kitea.com/media/catalog/product/cache/c06d1bb5eedf825ac39d687cd7d5d37e/_/1/_1_0_10048831790-3.jpg,kitea,Rangement,2026-06-11 17:45:44,True,Milieu (1500-4000),kitea_6508
Armoire Schattmatt - Blanc Chêne,4595.0,,0.0,https://www.kitea.com/armoire-schattmatt-blanc-chene.html,https://www.kitea.com/media/catalog/product/cache/c06d1bb5eedf825ac39d687cd7d5d37e/1/0/10108122367-123.png,kitea,Rangement,2026-06-11 17:43:03,False,Premium (4000-10k),kitea_6525
Meuble À Chaussures Ibiza 5 Abattants,995.0,,0.0,https://www.kitea.com/meuble-a-chaussures-ibiza-5-abattants.html,https://www.kitea.com/media/catalog/product/cache/c06d1bb5eedf825ac39d687cd7d5d37e/1/0/10092634315-1_2.png,kitea,Rangement,2026-06-11 17:44:44,False,Économique (500-1500),kitea_6527
Étagère Martele Alia - Doré,220.0,599.0,63.3,https://www.kitea.com/etagere-martele-alia-dore.html,https://www.kitea.com/media/catalog/product/cache/c06d1bb5eedf825ac39d687cd7d5d37e/1/0/10100471406-1.png,kitea,Rangement,2026-06-11 18:55:31,True,Entrée (<500),kitea_6542
Buffet Brolo Blanc Brillant,4790.0,,0.0,https://www.kitea.com/buffet-brolo-blanc-brillant.html,https://www.kitea.com/media/catalog/product/cache/c06d1bb5eedf825ac39d687cd7d5d37e/_/1/_1_0_10049285596-3.jpg,kitea,Rangement,2026-06-11 17:43:47,False,Premium (4000-10k),kitea_6576
Commode Lara Avec 3 Tiroirs + 3 Niches  - Chêne,1990.0,2390.0,16.7,https://www.kitea.com/commode-lara-avec-3-tiroirs-3-niches-chene.html,https://www.kitea.com/media/catalog/product/cache/c06d1bb5eedf825ac39d687cd7d5d37e/1/0/10057713541-1_1.jpg,kitea,Rangement,2026-06-11 17:43:37,True,Milieu (1500-4000),kitea_6597
Étagère Murale Quayle - Gris Blanc,149.0,695.0,78.6,https://www.kitea.com/etagere-murale-quayle-gris-blanc.html,https://www.kitea.com/media/catalog/product/cache/c06d1bb5eedf825ac39d687cd7d5d37e/1/0/10092278422-1.png,kitea,Rangement,2026-06-11 18:55:31,True,Entrée (<500),kitea_6610
Grande Étagère Murale Black Duro -  Chêne / Noir,550.0,,0.0,https://www.kitea.com/grande-etagere-murale-black-duro-chene-noir.html,https://www.kitea.com/media/catalog/product/cache/c06d1bb5eedf825ac39d687cd7d5d37e/1/0/10104027674-11.jpg,kitea,Rangement,2026-06-11 18:55:31,False,Économique (500-1500),kitea_6616
Meuble Multifonction Jonas 2 Portes,895.0,,0.0,https://www.kitea.com/meuble-multifonction-jonas-2-portes.html,https://www.kitea.com/media/catalog/product/cache/c06d1bb5eedf825ac39d687cd7d5d37e/_/1/_1_0_10036310315-3_1_1.jpg,kitea,Rangement,2026-06-11 17:43:26,False,Économique (500-1500),kitea_6618
"Meuble Multifonction Focus 2 Portes – Chêne – 69,2×34,6×170,4cm",1295.0,,0.0,https://www.kitea.com/meuble-multifonctions-focus-2-portes-69-2-34-6-170-4-chene.html,https://www.kitea.com/media/catalog/product/cache/c06d1bb5eedf825ac39d687cd7d5d37e/1/0/10115830_7_.png,kitea,Rangement,2026-06-11 18:54:46,False,Économique (500-1500),kitea_6624
Meuble À Chaussures Shoes 4 Abattants Et Miroir - Blanc / Chêne,2395.0,,0.0,https://www.kitea.com/meuble-a-chaussures-shoes-4-abattants-avec-porte-et-miroir-blanc-chene.html,https://www.kitea.com/media/catalog/product/cache/c06d1bb5eedf825ac39d687cd7d5d37e/5/7/5713035047821-7.jpg,kitea,Rangement,2026-06-11 17:43:03,False,Milieu (1500-4000),kitea_6625
Commode Jonas 3 Portes,1495.0,,0.0,https://www.kitea.com/commode-jonas-3-portes.html,https://www.kitea.com/media/catalog/product/cache/c06d1bb5eedf825ac39d687cd7d5d37e/_/1/_1_0_10036312315-3_1.jpg,kitea,Rangement,2026-06-11 17:43:26,False,Économique (500-1500),kitea_6629
Support Mural Décoratif Avec Miroir 3 Étagères - Noir,279.0,,0.0,https://www.kitea.com/support-mural-decoratif-avec-miroir-3-etageres-noir.html,https://www.kitea.com/media/catalog/product/cache/c06d1bb5eedf825ac39d687cd7d5d37e/1/0/10101100285-5.png,kitea,Rangement,2026-06-11 17:44:44,False,Entrée (<500),kitea_6643
Armoire Meuble À Chaussures Lugo - Chêne,2795.0,4199.0,33.4,https://www.kitea.com/armoire-meuble-a-chaussures-lugo-chene.html,https://www.kitea.com/media/catalog/product/cache/c06d1bb5eedf825ac39d687cd7d5d37e/1/0/10105164889-3.png,kitea,Rangement,2026-06-11 17:44:44,True,Milieu (1500-4000),kitea_6648
Double Commode Celest - Chêne / Noir,2295.0,,0.0,https://www.kitea.com/double-commode-celest-beige-noir.html,https://www.kitea.com/media/catalog/product/cache/c06d1bb5eedf825ac39d687cd7d5d37e/1/0/10108217674-3_1_.jpg,kitea,Rangement,2026-06-11 17:44:22,False,Milieu (1500-4000),kitea_6658
Armoire Espresso 3 Portes + 2 Tiroirs,2290.0,,0.0,https://www.kitea.com/armoire-espresso-3-portes-2-tiroirs.html,https://www.kitea.com/media/catalog/product/cache/c06d1bb5eedf825ac39d687cd7d5d37e/1/0/10103337490-4_1__1.png,kitea,Rangement,2026-06-11 17:44:44,False,Milieu (1500-4000),kitea_6660
Meuble À Chaussures Sienna 4 Abattants  - Oak / Blanc,1990.0,,0.0,https://www.kitea.com/meuble-a-chaussures-sienna-4-abattants-blanc.html,https://www.kitea.com/media/catalog/product/cache/c06d1bb5eedf825ac39d687cd7d5d37e/_/w/_w_e_website_paysage_template_1_49.jpg,kitea,Rangement,2026-06-11 17:45:27,False,Milieu (1500-4000),kitea_6666
Armoire Alice Springs Avec 4 Portes,2995.0,,0.0,https://www.kitea.com/armoire-alice-springs-avec-4-portes.html,https://www.kitea.com/media/catalog/product/cache/c06d1bb5eedf825ac39d687cd7d5d37e/1/0/10092273361-1_2.png,kitea,Rangement,2026-06-11 18:55:31,False,Milieu (1500-4000),kitea_6697
Commode Fontana Avec 2 Portes -  Craft Oak,1295.0,1495.0,13.4,https://www.kitea.com/commode-fontana-avec-2-portes-marron-craft.html,https://www.kitea.com/media/catalog/product/cache/c06d1bb5eedf825ac39d687cd7d5d37e/_/1/_1_0_10048821790-11.jpg,kitea,Rangement,2026-06-11 17:45:44,True,Économique (500-1500),kitea_6704
Commode Mundi 2 Portes  + 1 Tiroir - Blanc,1595.0,2295.0,30.5,https://www.kitea.com/commode-mundi-2-portes-1-tiroir-blanc.html,https://www.kitea.com/media/catalog/product/cache/c06d1bb5eedf825ac39d687cd7d5d37e/1/0/10092640315-1.png,kitea,Rangement,2026-06-11 17:44:44,True,Milieu (1500-4000),kitea_6719
Étagère Lyon - Chêne / Blanc,699.0,,0.0,https://www.kitea.com/etagere-lyon-chene-blanc.html,https://www.kitea.com/media/catalog/product/cache/c06d1bb5eedf825ac39d687cd7d5d37e/_/1/_1_0_10039553316.jpg,kitea,Rangement,2026-06-11 17:43:47,False,Économique (500-1500),kitea_6739
Grande Etagère Lewisville - Beige,1495.0,2290.0,34.7,https://www.kitea.com/grande-etagere-lewisville-beige.html,https://www.kitea.com/media/catalog/product/cache/c06d1bb5eedf825ac39d687cd7d5d37e/1/0/10092412217-9.png,kitea,Rangement,2026-06-11 18:55:31,True,Économique (500-1500),kitea_6741
Meuble À Chaussures Sconto 3 Abattants - Sonoma Oak,995.0,,0.0,https://www.kitea.com/meuble-a-chaussures-sconto-3-abattants-beige-clair.html,https://www.kitea.com/media/catalog/product/cache/c06d1bb5eedf825ac39d687cd7d5d37e/_/1/_1_0_10036303685-22.jpg,kitea,Rangement,2026-06-11 17:43:47,False,Économique (500-1500),kitea_6760
Boîte En Textile Velours Côtelé - Noir,109.0,,0.0,https://www.kitea.com/boite-en-textile-velours-cotele-noir.html,https://www.kitea.com/media/catalog/product/cache/c06d1bb5eedf825ac39d687cd7d5d37e/1/0/10105169234.png,kitea,Rangement,2026-06-11 17:44:44,False,Entrée (<500),kitea_6768
"Meuble à chaussures Net106 - 1 porte + miroir 50,2 × 179,1 × 34,8 cm - blanc",1295.0,,0.0,https://www.kitea.com/meuble-a-chaussures-net106-1-porte-miroir-50-2-179-1-34-8-cm-blanc.html,https://www.kitea.com/media/catalog/product/cache/c06d1bb5eedf825ac39d687cd7d5d37e/d/e/design_sans_titre_-_2026-04-27t122741.990.jpg,kitea,Rangement,2026-06-11 17:44:01,False,Économique (500-1500),kitea_6770
Meuble À Chaussures Shoes 3 Abattants - Blanc / Chêne,1795.0,,0.0,https://www.kitea.com/meuble-a-chaussures-shoes-3-abattants-blanc-chene.html,https://www.kitea.com/media/catalog/product/cache/c06d1bb5eedf825ac39d687cd7d5d37e/5/7/5713035047814-2.jpg,kitea,Rangement,2026-06-11 17:43:03,False,Milieu (1500-4000),kitea_6776
Surmeuble Nano 3 Portes  - Blanc / Chêne,480.0,995.0,51.8,https://www.kitea.com/surmeuble-nano-3-portes-blanc-chene.html,https://www.kitea.com/media/catalog/product/cache/c06d1bb5eedf825ac39d687cd7d5d37e/1/0/10108998784-6_1_.png,kitea,Rangement,2026-06-11 18:55:01,True,Entrée (<500),kitea_6780
Meuble À Chaussures  Espresso 5 Abattants,995.0,,0.0,https://www.kitea.com/meuble-a-chaussures-espresso-5-abattants.html,https://www.kitea.com/media/catalog/product/cache/c06d1bb5eedf825ac39d687cd7d5d37e/1/0/10103338490-7_1.png,kitea,Rangement,2026-06-11 17:44:44,False,Économique (500-1500),kitea_6787
Double Commode Watson 6 Tiroirs Et 2 Niches  - Blanc / Chêne,2595.0,,0.0,https://www.kitea.com/double-commode-watson-6-tiroirs-et-2-niches-blanc-chene.html,https://www.kitea.com/media/catalog/product/cache/c06d1bb5eedf825ac39d687cd7d5d37e/1/0/10109008784.png,kitea,Rangement,2026-06-11 17:44:01,False,Milieu (1500-4000),kitea_6793
Commode Sconto Avec 2 Tiroirs - Oak,1795.0,,0.0,https://www.kitea.com/commode-sconto-avec-2-tiroirs-beige-clair.html,https://www.kitea.com/media/catalog/product/cache/c06d1bb5eedf825ac39d687cd7d5d37e/1/0/10036301685_1_.jpg,kitea,Rangement,2026-06-11 17:45:44,False,Milieu (1500-4000),kitea_6795
Commode Jonas 2 Portes Et 4 Tiroirs,1895.0,,0.0,https://www.kitea.com/commode-jonas-2-portes-et-4-tiroirs.html,https://www.kitea.com/media/catalog/product/cache/c06d1bb5eedf825ac39d687cd7d5d37e/_/1/_1_0_10036314315-1k_1.jpg,kitea,Rangement,2026-06-11 17:45:05,False,Milieu (1500-4000),kitea_6799
Boîte En Textile Velours Côtelé- Gris,109.0,,0.0,https://www.kitea.com/boite-en-textile-velours-cotele-gris.html,https://www.kitea.com/media/catalog/product/cache/c06d1bb5eedf825ac39d687cd7d5d37e/1/0/10105170313-914.png,kitea,Rangement,2026-06-11 17:44:44,False,Entrée (<500),kitea_6801
Armoire Ozzula - Chêne / Blanc,2495.0,3995.0,37.5,https://www.kitea.com/armoire-ozzula-beige-blanc.html,https://www.kitea.com/media/catalog/product/cache/c06d1bb5eedf825ac39d687cd7d5d37e/1/0/10092259922-5.png,kitea,Rangement,2026-06-11 17:45:05,True,Milieu (1500-4000),kitea_6810
Meuble Multifonction Mundi 3 Portes Et 6 Tiroirs Blanc,5995.0,,0.0,https://www.kitea.com/meuble-multifonction-mundi-3-portes-et-6-tiroirs-blanc.html,https://www.kitea.com/media/catalog/product/cache/c06d1bb5eedf825ac39d687cd7d5d37e/_/1/_1_0_10047564768-22.jpg,kitea,Rangement,2026-06-11 17:45:27,False,Premium (4000-10k),kitea_6813
Rangement Leo 2 Portes Et 4 Tiroirs - Blanc / Chêne Foncé,1995.0,,0.0,https://www.kitea.com/rangement-leo-2-portes-et-4-tiroirs-blanc-chene-fonce.html,https://www.kitea.com/media/catalog/product/cache/c06d1bb5eedf825ac39d687cd7d5d37e/2/6/26_-_2025-02-13t181555.249_1_.png,kitea,Rangement,2026-06-11 17:44:22,False,Milieu (1500-4000),kitea_6839
Meuble À Chaussures Izzy 4 Abattants,1795.0,,0.0,https://www.kitea.com/meuble-a-chaussures-izzy-4-abattants.html,https://www.kitea.com/media/catalog/product/cache/c06d1bb5eedf825ac39d687cd7d5d37e/1/0/10082579674-1_1.jpg,kitea,Rangement,2026-06-11 17:43:26,False,Milieu (1500-4000),kitea_6847
Table De Chevet Naia 1 Porte Et 1Tiroir,749.0,,0.0,https://www.kitea.com/table-de-chevet-naia-1-porte-et-1tiroir.html,https://www.kitea.com/media/catalog/product/cache/c06d1bb5eedf825ac39d687cd7d5d37e/5/7/5713035087131-4_1.jpg,kitea,Rangement,2026-06-11 17:44:22,False,Économique (500-1500),kitea_6856
Étagère Dedelos - Marron / Beige,549.0,,0.0,https://www.kitea.com/etagere-dedelos-marron-beige.html,https://www.kitea.com/media/catalog/product/cache/c06d1bb5eedf825ac39d687cd7d5d37e/1/0/10104016332-1_1_.png,kitea,Rangement,2026-06-11 18:55:31,False,Économique (500-1500),kitea_6867
"Vestiaire Kendray miroir + 1 porte + 2 tiroirs 95,8 × 190,7 × 34,9 cm - chêne/sable",1995.0,,0.0,https://www.kitea.com/vestiaire-kendray-miroir-1-porte-2-tiroirs-95-8-190-7-34-9-cm-chene-sable.html,https://www.kitea.com/media/catalog/product/cache/c06d1bb5eedf825ac39d687cd7d5d37e/d/e/design_sans_titre_-_2026-04-27t121442.521.jpg,kitea,Rangement,2026-06-11 18:54:46,False,Milieu (1500-4000),kitea_6868
Table De Chevet Nano,495.0,,0.0,https://www.kitea.com/table-de-chevet-nano.html,https://www.kitea.com/media/catalog/product/cache/c06d1bb5eedf825ac39d687cd7d5d37e/1/0/10109002784-7_1.png,kitea,Rangement,2026-06-11 18:55:01,False,Entrée (<500),kitea_6877
Commode Lara Avec 1 Porte + 3 Tiroirs + 1 Niche  - Chêne,2390.0,2690.0,11.2,https://www.kitea.com/commode-lara-avec-1-porte-3-tiroirs-1-niche-chene.html,https://www.kitea.com/media/catalog/product/cache/c06d1bb5eedf825ac39d687cd7d5d37e/1/0/10057711541-1_1.jpg,kitea,Rangement,2026-06-11 17:43:37,True,Milieu (1500-4000),kitea_6880
Meuble Multifonction Acmi 3 Portes + 2 Tiroirs  - Oak,2995.0,,0.0,https://www.kitea.com/meuble-multifonction-acmi-3p-2tir-marron.html,https://www.kitea.com/media/catalog/product/cache/c06d1bb5eedf825ac39d687cd7d5d37e/1/0/10109066580-40.png,kitea,Rangement,2026-06-11 17:44:01,False,Milieu (1500-4000),kitea_6887
Meuble À Chaussures Mundi 6 Abattants - Blanc / Chêne,3675.0,,0.0,https://www.kitea.com/meuble-a-chaussures-mundi-6-abattants-blanc.html,https://www.kitea.com/media/catalog/product/cache/c06d1bb5eedf825ac39d687cd7d5d37e/_/1/_1_0_10037340697-22.jpg,kitea,Rangement,2026-06-11 17:45:27,False,Milieu (1500-4000),kitea_6889
Double Commode Watson - Blanc / Chêne,1995.0,,0.0,https://www.kitea.com/double-commode-watson-3-3t-blanc-chene.html,https://www.kitea.com/media/catalog/product/cache/c06d1bb5eedf825ac39d687cd7d5d37e/1/0/10109004784-10_2_.png,kitea,Rangement,2026-06-11 18:55:01,False,Milieu (1500-4000),kitea_6893
Meuble Multifonctions Orsa - Blanc,1390.0,,0.0,https://www.kitea.com/meuble-multifonctions-orsa-blanc.html,https://www.kitea.com/media/catalog/product/cache/c06d1bb5eedf825ac39d687cd7d5d37e/1/0/10105174315-1a.png,kitea,Rangement,2026-06-11 17:43:03,False,Économique (500-1500),kitea_6900
Table De Chevet Selena + 2 Tiroirs - Chêne / Gris,790.0,,0.0,https://www.kitea.com/table-de-chevet-selena-2-tiroirs-chene-gris.html,https://www.kitea.com/media/catalog/product/cache/c06d1bb5eedf825ac39d687cd7d5d37e/1/0/10043042316-70.png,kitea,Rangement,2026-06-11 17:44:01,False,Économique (500-1500),kitea_6904
Chevet Stelar 60X40X50Cm Avec 1 Tiroir - Marron,1690.0,,0.0,https://www.kitea.com/chevet-stelar-60x40x50cm-avec-1-tiroir-marron.html,https://www.kitea.com/media/catalog/product/cache/c06d1bb5eedf825ac39d687cd7d5d37e/_/1/_1_0_10000452246-1k.jpg,kitea,Rangement,2026-06-11 17:45:27,False,Milieu (1500-4000),kitea_6907
Commode Lara Avec 2 Portes + 3 Tiroirs + 1 Niche - Chêne,2790.0,3190.0,12.5,https://www.kitea.com/commode-lara-avec-2-portes-3-tiroirs-1-niche-chene.html,https://www.kitea.com/media/catalog/product/cache/c06d1bb5eedf825ac39d687cd7d5d37e/1/0/10057712541-1.jpg,kitea,Rangement,2026-06-11 17:45:05,True,Milieu (1500-4000),kitea_6920
Meuble Multifonctions Nico - Blanc / Chêne,4595.0,,0.0,https://www.kitea.com/meuble-multifonctions-nico-blanc-chene.html,https://www.kitea.com/media/catalog/product/cache/c06d1bb5eedf825ac39d687cd7d5d37e/1/0/10107758784-21.png,kitea,Rangement,2026-06-11 18:55:01,False,Premium (4000-10k),kitea_6941
Armoire Econobox 2 Portes - Blanc / Chêne,1695.0,,0.0,https://www.kitea.com/armoire-econobox-2-portes-blanc-chene.html,https://www.kitea.com/media/catalog/product/cache/c06d1bb5eedf825ac39d687cd7d5d37e/1/0/10108126367-5.png,kitea,Rangement,2026-06-11 17:43:03,False,Milieu (1500-4000),kitea_6948
Table De Chevet Naia 1 Porte Et 1Tiroir - Chêne,749.0,,0.0,https://www.kitea.com/table-de-chevet-naia-1-porte-et-1tiroir-chene.html,https://www.kitea.com/media/catalog/product/cache/c06d1bb5eedf825ac39d687cd7d5d37e/5/7/5713035087124-3.jpg,kitea,Rangement,2026-06-11 17:43:03,False,Économique (500-1500),kitea_6955
Commode Sofia 5 Tiroirs,1795.0,,0.0,https://www.kitea.com/commode-sofia-5-tiroirs.html,https://www.kitea.com/media/catalog/product/cache/c06d1bb5eedf825ac39d687cd7d5d37e/5/7/5713035096522-2_1.jpg,kitea,Rangement,2026-06-11 17:43:03,False,Milieu (1500-4000),kitea_6969
Chiffonnier 4-You 7 Tiroirs,1795.0,,0.0,https://www.kitea.com/chiffonnier-4-you-7-tiroirs.html,https://www.kitea.com/media/catalog/product/cache/c06d1bb5eedf825ac39d687cd7d5d37e/1/0/10080127709-1_1.jpg,kitea,Rangement,2026-06-11 17:43:26,False,Milieu (1500-4000),kitea_6976
Armoire Ready 4 Portes,4995.0,,0.0,https://www.kitea.com/armoire-ready-4-portes.html,https://www.kitea.com/media/catalog/product/cache/c06d1bb5eedf825ac39d687cd7d5d37e/1/0/10062809316_1.jpg,kitea,Rangement,2026-06-11 17:43:26,False,Premium (4000-10k),kitea_7002
Armoire Easylife 3 Portes - Chêne,1395.0,,0.0,https://www.kitea.com/armoire-easylife-3-portes-chene.html,https://www.kitea.com/media/catalog/product/cache/c06d1bb5eedf825ac39d687cd7d5d37e/1/0/10108037853-11.jpg,kitea,Rangement,2026-06-11 17:44:22,False,Économique (500-1500),kitea_7023
Armoire Linate - Blanc / Chêne Beige,6290.0,,0.0,https://www.kitea.com/armoire-linate-blanc-chene-beige.html,https://www.kitea.com/media/catalog/product/cache/c06d1bb5eedf825ac39d687cd7d5d37e/1/0/10029898597-1-1.jpg,kitea,Rangement,2026-06-11 17:44:01,False,Premium (4000-10k),kitea_7031
Armoire Nano 2 Portes + 1 Tiroir -  Blanc / Chêne,1450.0,1795.0,19.2,https://www.kitea.com/armoire-nano-2-portes-1-tiroir-blanc.html,https://www.kitea.com/media/catalog/product/cache/c06d1bb5eedf825ac39d687cd7d5d37e/1/0/10048291784-7.png,kitea,Rangement,2026-06-11 17:44:01,True,Économique (500-1500),kitea_7035
Commode Orsa 3 Tiroirs - Blanc,1699.0,,0.0,https://www.kitea.com/commode-orsa-3-tiroirs-blanc.html,https://www.kitea.com/media/catalog/product/cache/c06d1bb5eedf825ac39d687cd7d5d37e/1/0/10105175315-3a.png,kitea,Rangement,2026-06-11 17:43:03,False,Milieu (1500-4000),kitea_7038
Meuble Multifonction Sconto 2 Portes 2 Tiroirs - Sonoma Oak,1195.0,,0.0,https://www.kitea.com/meuble-multifonction-sconto-2-portes-2-tiroirs-beige-clair.html,https://www.kitea.com/media/catalog/product/cache/c06d1bb5eedf825ac39d687cd7d5d37e/_/1/_1_0_10036297685-1k_2.jpg,kitea,Rangement,2026-06-11 17:45:27,False,Économique (500-1500),kitea_7052
Armoire Econobox 4 Portes,3595.0,,0.0,https://www.kitea.com/armoire-econobox-4-portes.html,https://www.kitea.com/media/catalog/product/cache/c06d1bb5eedf825ac39d687cd7d5d37e/1/0/10108129315-2_1.jpg,kitea,Rangement,2026-06-11 17:44:22,False,Milieu (1500-4000),kitea_7055
Armoire Selena  Blanc Mat,3990.0,,0.0,https://www.kitea.com/armoire-selena-blanc-mat.html,https://www.kitea.com/media/catalog/product/cache/c06d1bb5eedf825ac39d687cd7d5d37e/_/1/_1_0_10043046316-1.jpg,kitea,Rangement,2026-06-11 17:43:47,False,Milieu (1500-4000),kitea_7066
Commode Easylife 3 Portes - Chêne,799.0,,0.0,https://www.kitea.com/commode-easylife-3-portes-chene.html,https://www.kitea.com/media/catalog/product/cache/c06d1bb5eedf825ac39d687cd7d5d37e/1/0/10108040853.jpg,kitea,Rangement,2026-06-11 17:44:22,False,Économique (500-1500),kitea_7077
Meuble Multifonction Mundi 3 Portes,2895.0,,0.0,https://www.kitea.com/meuble-multifonction-mundi-3-portes.html,https://www.kitea.com/media/catalog/product/cache/c06d1bb5eedf825ac39d687cd7d5d37e/_/1/_1_0_10047560768-3_1_1.jpg,kitea,Rangement,2026-06-11 17:45:05,False,Milieu (1500-4000),kitea_7094
Meuble À Chaussures Fulda 3 Abattants,1295.0,,0.0,https://www.kitea.com/meuble-a-chaussures-fulda-3-abattants.html,https://www.kitea.com/media/catalog/product/cache/c06d1bb5eedf825ac39d687cd7d5d37e/_/1/_1_0_10035496316-2_1.jpg,kitea,Rangement,2026-06-11 17:45:05,False,Économique (500-1500),kitea_7101
Desserte De Cuisine Access – Blanc/Chêne,1595.0,,0.0,https://www.kitea.com/desserte-de-cuisine-access-avec-2-portes-1-tiroir-et-1-niche-blanc-chene.html,https://www.kitea.com/media/catalog/product/cache/c06d1bb5eedf825ac39d687cd7d5d37e/3/4/347762.jpg,kitea,Rangement,2026-06-11 18:55:01,False,Milieu (1500-4000),kitea_7121
"Commode Blokty 3 Tiroirs 79,6 Cm – Blanc",1295.0,,0.0,https://www.kitea.com/commode-blokty-3-tiroirs-79-6-cm-blanc.html,https://www.kitea.com/media/catalog/product/cache/c06d1bb5eedf825ac39d687cd7d5d37e/2/3/236742.jpg,kitea,Rangement,2026-06-11 18:55:01,False,Économique (500-1500),kitea_7131
BESTÅ,4800.0,,0.0,https://www.ikea.com/ma/fr/p/besta-combinaison-rangement-murale-brun-noir-lappviken-brun-noir-s09425909/,https://www.ikea.com/ma/fr/images/products/besta-combinaison-rangement-murale-brun-noir-lappviken-brun-noir__0542226_pe653912_s5.jpg?f=xxs,ikea,Salle A Manger,2026-06-11 18:52:22,False,Premium (4000-10k),ikea_5
MALINDA,899.0,,0.0,https://www.ikea.com/ma/fr/p/malinda-coussin-de-chaise-gris-10331014/,https://www.ikea.com/ma/fr/images/products/malinda-coussin-de-chaise-gris__0436394_pe589993_s5.jpg?f=xxs,ikea,Salle A Manger,2026-06-11 18:53:23,False,Économique (500-1500),ikea_21
LISABO / LYCKAN,5995.0,,0.0,https://www.ikea.com/ma/fr/p/lisabo-lyckan-table-et-2-chaises-plaque-frene-plaque-bouleau-s99590259/,https://www.ikea.com/ma/fr/images/products/lisabo-lyckan-table-et-2-chaises-plaque-frene-plaque-bouleau__1395462_pe967055_s5.jpg?f=xxs,ikea,Salle A Manger,2026-06-11 18:53:45,False,Premium (4000-10k),ikea_40
STRANDTORP / BERGMUND,21995.0,,0.0,https://www.ikea.com/ma/fr/p/strandtorp-bergmund-table-et-8-chaises-brun-gunnared-gris-moyen-s09441061/,https://www.ikea.com/ma/fr/images/products/strandtorp-bergmund-table-et-8-chaises-brun-gunnared-gris-moyen__1057189_pe848772_s5.jpg?f=xxs,ikea,Salle A Manger,2026-06-11 18:53:49,False,Luxe (>10k),ikea_49
BUSLÄTT,450.0,,0.0,https://www.ikea.com/ma/fr/p/buslaett-chaise-blanc-pin-90601139/,https://www.ikea.com/ma/fr/images/products/buslaett-chaise-blanc-pin__1388820_pe964986_s5.jpg?f=xxs,ikea,Salle A Manger,2026-06-11 18:53:23,False,Entrée (<500),ikea_64
KLACKENÄS,5499.0,,0.0,https://www.ikea.com/ma/fr/p/klackenaes-buffet-noir-plaque-chene-teinte-brun-90506750/,https://www.ikea.com/ma/fr/images/products/klackenaes-buffet-noir-plaque-chene-teinte-brun__1016126_pe830224_s5.jpg?f=xxs,ikea,Salle A Manger,2026-06-11 18:52:22,False,Premium (4000-10k),ikea_68
NORDEN / HÖGVED,7295.0,,0.0,https://www.ikea.com/ma/fr/p/norden-hoegved-table-et-2-chaises-bouleau-plaque-bouleau-s09630090/,https://www.ikea.com/ma/fr/images/products/norden-hoegved-table-et-2-chaises-bouleau-plaque-bouleau__1528690_pe1014486_s5.jpg?f=xxs,ikea,Salle A Manger,2026-06-11 18:53:45,False,Premium (4000-10k),ikea_86
ROSENTORP,1650.0,,0.0,https://www.ikea.com/ma/fr/p/rosentorp-chaise-tibbleby-beige-gris-noir-30614173/,https://www.ikea.com/ma/fr/images/products/rosentorp-chaise-tibbleby-beige-gris-noir__1421989_pe978043_s5.jpg?f=xxs,ikea,Salle A Manger,2026-06-11 18:53:23,False,Milieu (1500-4000),ikea_96
SANDSBERG,250.0,,0.0,https://www.ikea.com/ma/fr/p/sandsberg-chaise-anthracite-remmarn-anthracite-40605253/,https://www.ikea.com/ma/fr/images/products/sandsberg-chaise-anthracite-remmarn-anthracite__1479093_pe999921_s5.jpg?f=xxs,ikea,Salle A Manger,2026-06-11 18:53:23,False,Entrée (<500),ikea_134
TEODORES,998.0,,0.0,https://www.ikea.com/ma/fr/p/teodores-chaise-blanc-s99399835/,https://www.ikea.com/ma/fr/images/products/teodores-chaise-blanc__1082707_pe858787_s5.jpg?f=xxs,ikea,Salle A Manger,2026-06-11 18:53:23,False,Économique (500-1500),ikea_136
DANDERYD / SKOGSTA,10795.0,,0.0,https://www.ikea.com/ma/fr/p/danderyd-skogsta-table-et-6-chaises-blanc-acacia-s59545184/,https://www.ikea.com/ma/fr/images/products/danderyd-skogsta-table-et-6-chaises-blanc-acacia__1240700_pe919448_s5.jpg?f=xxs,ikea,Salle A Manger,2026-06-11 18:53:26,False,Luxe (>10k),ikea_153
SKANSNÄS / LUSTEBO,15995.0,,0.0,https://www.ikea.com/ma/fr/p/skansnaes-lustebo-table-et-4-chaises-brun-hetre-viarp-beige-brun-s99561638/,https://www.ikea.com/ma/fr/images/products/skansnaes-lustebo-table-et-4-chaises-brun-hetre-viarp-beige-brun__1333639_pe946521_s5.jpg?f=xxs,ikea,Salle A Manger,2026-06-11 18:53:46,False,Luxe (>10k),ikea_171
VIPPÄRT,129.0,,0.0,https://www.ikea.com/ma/fr/p/vippaert-carreau-de-chaise-beige-10599282/,https://www.ikea.com/ma/fr/images/products/vippaert-carreau-de-chaise-beige__0668998_pe714812_s5.jpg?f=xxs,ikea,Salle A Manger,2026-06-11 18:53:23,False,Entrée (<500),ikea_190
VIHALS / BUSLÄTT,4395.0,,0.0,https://www.ikea.com/ma/fr/p/vihals-buslaett-table-et-6-chaises-blanc-blanc-pin-s89590504/,https://www.ikea.com/ma/fr/images/products/vihals-buslaett-table-et-6-chaises-blanc-blanc-pin__1401624_pe969063_s5.jpg?f=xxs,ikea,Salle A Manger,2026-06-11 18:53:26,False,Premium (4000-10k),ikea_196
STEFAN,750.0,,0.0,https://www.ikea.com/ma/fr/p/stefan-chaise-brun-noir-00211088/,https://www.ikea.com/ma/fr/images/products/stefan-chaise-brun-noir__0727320_pe735593_s5.jpg?f=xxs,ikea,Salle A Manger,2026-06-11 18:53:23,False,Économique (500-1500),ikea_199
ROSENTORP / NÄSINGE,9895.0,,0.0,https://www.ikea.com/ma/fr/p/rosentorp-naesinge-table-et-4-chaises-blanc-tibbleby-beige-gris-blanc-s99610139/,https://www.ikea.com/ma/fr/images/products/rosentorp-naesinge-table-et-4-chaises-blanc-tibbleby-beige-gris-blanc__1440798_pe986036_s5.jpg?f=xxs,ikea,Salle A Manger,2026-06-11 18:53:26,False,Premium (4000-10k),ikea_211
ÅLHULT / NORDMANSSKÄR,7295.0,,0.0,https://www.ikea.com/ma/fr/p/alhult-nordmansskaer-table-et-6-chaises-beige-brun-tonerud-gris-noir-s49618331/,https://www.ikea.com/ma/fr/images/products/alhult-nordmansskaer-table-et-6-chaises-beige-brun-tonerud-gris-noir__1481047_pe1000408_s5.jpg?f=xxs,ikea,Salle A Manger,2026-06-11 18:53:26,False,Premium (4000-10k),ikea_213
TONSTAD / TONSTAD,16195.0,,0.0,https://www.ikea.com/ma/fr/p/tonstad-tonstad-table-et-6-chaises-plaque-chene-fridtuna-beige-clair-motif-chene-s99596746/,https://www.ikea.com/ma/fr/images/products/tonstad-tonstad-table-et-6-chaises-plaque-chene-fridtuna-beige-clair-motif-chene__1426766_pe979999_s5.jpg?f=xxs,ikea,Salle A Manger,2026-06-11 18:53:49,False,Luxe (>10k),ikea_218
DUVSKÄR,6497.0,,0.0,https://www.ikea.com/ma/fr/p/duvskaer-table-et-2-chaises-exterieur-bleu-noir-s79494862/,https://www.ikea.com/ma/fr/images/products/duvskaer-table-et-2-chaises-exterieur-bleu-noir__1146147_pe882918_s5.jpg?f=xxs,ikea,Salle A Manger,2026-06-11 18:53:45,False,Premium (4000-10k),ikea_219
HAUGA / HAUGA,2195.0,,0.0,https://www.ikea.com/ma/fr/p/hauga-hauga-table-et-2-chaises-gris-gris-s19574908/,https://www.ikea.com/ma/fr/images/products/hauga-hauga-table-et-2-chaises-gris-gris__1351883_pe952024_s5.jpg?f=xxs,ikea,Salle A Manger,2026-06-11 18:53:26,False,Milieu (1500-4000),ikea_224
NÄSINGE / HÖGVED,9395.0,,0.0,https://www.ikea.com/ma/fr/p/naesinge-hoegved-table-et-4-chaises-blanc-plaque-bouleau-s89610149/,https://www.ikea.com/ma/fr/images/products/naesinge-hoegved-table-et-4-chaises-blanc-plaque-bouleau__1439439_pe985326_s5.jpg?f=xxs,ikea,Salle A Manger,2026-06-11 18:53:46,False,Premium (4000-10k),ikea_228
VISINGSÖ / VISINGSÖ,3597.0,,0.0,https://www.ikea.com/ma/fr/p/visingsoe-visingsoe-table-et-2-chaises-exterieur-vert-profond-vert-profond-s69615534/,https://www.ikea.com/ma/fr/images/products/visingsoe-visingsoe-table-et-2-chaises-exterieur-vert-profond-vert-profond__1468718_pe996246_s5.jpg?f=xxs,ikea,Salle A Manger,2026-06-11 18:53:45,False,Milieu (1500-4000),ikea_232
ÅLHULT / LILLÅNÄS,12395.0,,0.0,https://www.ikea.com/ma/fr/p/alhult-lillanaes-table-et-6-chaises-noir-brun-gunnared-gris-fonce-chrome-s99610097/,https://www.ikea.com/ma/fr/images/products/alhult-lillanaes-table-et-6-chaises-noir-brun-gunnared-gris-fonce-chrome__1439020_pe985070_s5.jpg?f=xxs,ikea,Salle A Manger,2026-06-11 18:53:49,False,Luxe (>10k),ikea_247
NÄMMARÖ / ENSHOLM,3193.0,,0.0,https://www.ikea.com/ma/fr/p/naemmaroe-ensholm-table-et-2-chaises-exterieur-teinte-brun-clair-vert-s59544740/,https://www.ikea.com/ma/fr/images/products/naemmaroe-ensholm-table-et-2-chaises-exterieur-teinte-brun-clair-vert__1240189_pe919213_s5.jpg?f=xxs,ikea,Salle A Manger,2026-06-11 18:53:45,False,Milieu (1500-4000),ikea_289
SKOGSTA / NORDVIKEN,14095.0,,0.0,https://www.ikea.com/ma/fr/p/skogsta-nordviken-table-et-6-chaises-acacia-noir-s69482690/,https://www.ikea.com/ma/fr/images/products/skogsta-nordviken-table-et-6-chaises-acacia-noir__1097254_pe864851_s5.jpg?f=xxs,ikea,Salle A Manger,2026-06-11 18:53:49,False,Luxe (>10k),ikea_319
BERGSHYTTAN / LYCKAN,15795.0,,0.0,https://www.ikea.com/ma/fr/p/bergshyttan-lyckan-table-et-6-chaises-s29608413/,https://www.ikea.com/ma/fr/images/products/bergshyttan-lyckan-table-et-6-chaises__1442721_pe986900_s5.jpg?f=xxs,ikea,Salle A Manger,2026-06-11 18:53:49,False,Luxe (>10k),ikea_325
NORDVIKEN / NORDVIKEN,14195.0,,0.0,https://www.ikea.com/ma/fr/p/nordviken-nordviken-table-et-6-chaises-vernis-effet-anc-vernis-effet-anc-s99399878/,https://www.ikea.com/ma/fr/images/products/nordviken-nordviken-table-et-6-chaises-vernis-effet-anc-vernis-effet-anc__0941068_pe795325_s5.jpg?f=xxs,ikea,Salle A Manger,2026-06-11 18:53:49,False,Luxe (>10k),ikea_334
SKANSNÄS,2150.0,,0.0,https://www.ikea.com/ma/fr/p/skansnaes-chaise-brun-hetre-70563242/,https://www.ikea.com/ma/fr/images/products/skansnaes-chaise-brun-hetre__1319860_pe941001_s5.jpg?f=xxs,ikea,Salle A Manger,2026-06-11 18:53:23,False,Milieu (1500-4000),ikea_357
NÄSINGE / FRÖSVI,4693.0,,0.0,https://www.ikea.com/ma/fr/p/naesinge-froesvi-table-et-2-chaises-table-a-rabat-blanc-pliant-blanc-knisa-gris-clair-s89596997/,https://www.ikea.com/ma/fr/images/products/naesinge-froesvi-table-et-2-chaises-table-a-rabat-blanc-pliant-blanc-knisa-gris-clair__1434347_pe983479_s5.jpg?f=xxs,ikea,Salle A Manger,2026-06-11 18:53:45,False,Premium (4000-10k),ikea_372
SKOGSTA,1250.0,,0.0,https://www.ikea.com/ma/fr/p/skogsta-chaise-acacia-70544866/,https://www.ikea.com/ma/fr/images/products/skogsta-chaise-acacia__1542800_pe1018531_s5.jpg?f=xxs,ikea,Salle A Manger,2026-06-11 18:53:23,False,Économique (500-1500),ikea_420
GRÖTÅN / GRÖTÅN,2485.0,,0.0,https://www.ikea.com/ma/fr/p/groetan-groetan-table-et-2-chaises-s89617419/,https://www.ikea.com/ma/fr/images/products/groetan-groetan-table-et-2-chaises__1470251_pe996846_s5.jpg?f=xxs,ikea,Salle A Manger,2026-06-11 18:53:26,False,Milieu (1500-4000),ikea_431
NÄSINGE,975.0,,0.0,https://www.ikea.com/ma/fr/p/naesinge-chaise-blanc-tibbleby-beige-gris-60587502/,https://www.ikea.com/ma/fr/images/products/naesinge-chaise-blanc-tibbleby-beige-gris__1393638_pe966307_s5.jpg?f=xxs,ikea,Salle A Manger,2026-06-11 18:53:23,False,Économique (500-1500),ikea_447
SKÅLSTA,5591.0,,0.0,https://www.ikea.com/ma/fr/p/skalsta-table-et-4-chaises-motif-chene-droit-beige-gris-clair-s99608985/,https://www.ikea.com/ma/fr/images/products/skalsta-table-et-4-chaises-motif-chene-droit-beige-gris-clair__1442707_pe986895_s5.jpg?f=xxs,ikea,Salle A Manger,2026-06-11 18:53:26,False,Premium (4000-10k),ikea_449
VIHALS / VIHALS,3995.0,,0.0,https://www.ikea.com/ma/fr/p/vihals-vihals-table-et-2-chaises-table-a-rabat-blanc-blanc-tibbleby-beige-gris-s69590251/,https://www.ikea.com/ma/fr/images/products/vihals-vihals-table-et-2-chaises-table-a-rabat-blanc-blanc-tibbleby-beige-gris__1432676_pe982859_s5.jpg?f=xxs,ikea,Salle A Manger,2026-06-11 18:53:45,False,Milieu (1500-4000),ikea_451
HAUGA / FRÖSVI,2793.0,,0.0,https://www.ikea.com/ma/fr/p/hauga-froesvi-table-2-chaises-pliantes-blanc-blanc-s59574893/,https://www.ikea.com/ma/fr/images/products/hauga-froesvi-table-2-chaises-pliantes-blanc-blanc__1351897_pe952032_s5.jpg?f=xxs,ikea,Salle A Manger,2026-06-11 18:53:45,False,Milieu (1500-4000),ikea_469
TONSTAD / NORDMANSSKÄR,6095.0,,0.0,https://www.ikea.com/ma/fr/p/tonstad-nordmansskaer-table-et-4-chaises-plaque-chene-tonerud-gris-noir-s69618325/,https://www.ikea.com/ma/fr/images/products/tonstad-nordmansskaer-table-et-4-chaises-plaque-chene-tonerud-gris-noir__1481052_pe1000411_s5.jpg?f=xxs,ikea,Salle A Manger,2026-06-11 18:53:46,False,Premium (4000-10k),ikea_475
SPIKSMED,2998.0,,0.0,https://www.ikea.com/ma/fr/p/spiksmed-combinaison-de-rangement-gris-clair-s69535288/,https://www.ikea.com/ma/fr/images/products/spiksmed-combinaison-de-rangement-gris-clair__1301068_pe937264_s5.jpg?f=xxs,ikea,Salle A Manger,2026-06-11 18:52:22,False,Milieu (1500-4000),ikea_478
ROSENTORP / ROSENTORP,11695.0,,0.0,https://www.ikea.com/ma/fr/p/rosentorp-rosentorp-table-et-4-chaises-noir-noir-s59610122/,https://www.ikea.com/ma/fr/images/products/rosentorp-rosentorp-table-et-4-chaises-noir-noir__1440789_pe986039_s5.jpg?f=xxs,ikea,Salle A Manger,2026-06-11 18:53:46,False,Luxe (>10k),ikea_501
LISABO,1500.0,,0.0,https://www.ikea.com/ma/fr/p/lisabo-chaise-frene-tallmyra-blanc-noir-30553706/,https://www.ikea.com/ma/fr/images/products/lisabo-chaise-frene-tallmyra-blanc-noir__1243660_pe920705_s5.jpg?f=xxs,ikea,Salle A Manger,2026-06-11 18:53:23,False,Économique (500-1500),ikea_534
TOSSBERG,1995.0,,0.0,https://www.ikea.com/ma/fr/p/tossberg-chaise-metal-noir-gunnared-gris-fonce-10582644/,https://www.ikea.com/ma/fr/images/products/tossberg-chaise-metal-noir-gunnared-gris-fonce__1360003_pe954328_s5.jpg?f=xxs,ikea,Salle A Manger,2026-06-11 18:53:23,False,Milieu (1500-4000),ikea_563
BERGMUND,1750.0,,0.0,https://www.ikea.com/ma/fr/p/bergmund-chaise-blanc-gunnared-gris-moyen-s79384632/,https://www.ikea.com/ma/fr/images/products/bergmund-chaise-blanc-gunnared-gris-moyen__0926632_pe789415_s5.jpg?f=xxs,ikea,Salle A Manger,2026-06-11 18:53:23,False,Milieu (1500-4000),ikea_584
TONSTAD / VIHALS,4295.0,,0.0,https://www.ikea.com/ma/fr/p/tonstad-vihals-table-et-2-chaises-blanc-casse-blanc-tibbleby-beige-gris-s79633622/,https://www.ikea.com/ma/fr/images/products/tonstad-vihals-table-et-2-chaises-blanc-casse-blanc-tibbleby-beige-gris__1550099_pe1022081_s5.jpg?f=xxs,ikea,Salle A Manger,2026-06-11 18:53:45,False,Premium (4000-10k),ikea_589
NORDEN / TEODORES,6991.0,,0.0,https://www.ikea.com/ma/fr/p/norden-teodores-table-et-4-chaises-blanc-blanc-s89568824/,https://www.ikea.com/ma/fr/images/products/norden-teodores-table-et-4-chaises-blanc-blanc__1328457_pe944788_s5.jpg?f=xxs,ikea,Salle A Manger,2026-06-11 18:53:26,False,Premium (4000-10k),ikea_599
TOBIAS,1650.0,,0.0,https://www.ikea.com/ma/fr/p/tobias-chaise-transparent-chrome-80349671/,https://www.ikea.com/ma/fr/images/products/tobias-chaise-transparent-chrome__0727342_pe735614_s5.jpg?f=xxs,ikea,Salle A Manger,2026-06-11 18:53:23,False,Milieu (1500-4000),ikea_617
PINNTORP / PINNTORP,5295.0,,0.0,https://www.ikea.com/ma/fr/p/pinntorp-pinntorp-table-et-4-chaises-teinte-brun-clair-teinte-rouge-katorp-naturel-teinte-brun-clair-s89570233/,https://www.ikea.com/ma/fr/images/products/pinntorp-pinntorp-table-et-4-chaises-teinte-brun-clair-teinte-rouge-katorp-naturel-teinte-brun-clair__1328461_pe944796_s5.jpg?f=xxs,ikea,Salle A Manger,2026-06-11 18:53:46,False,Premium (4000-10k),ikea_627
GUNDE / GUNDE,937.0,,0.0,https://www.ikea.com/ma/fr/p/gunde-gunde-table-2-chaises-pliantes-pliant-noir-noir-s09564599/,https://www.ikea.com/ma/fr/images/products/gunde-gunde-table-2-chaises-pliantes-pliant-noir-noir__1352626_pe952211_s5.jpg?f=xxs,ikea,Salle A Manger,2026-06-11 18:53:26,False,Économique (500-1500),ikea_636
NORDEN / KYRRE,5391.0,,0.0,https://www.ikea.com/ma/fr/p/norden-kyrre-table-4-tabourets-bouleau-bouleau-s79568891/,https://www.ikea.com/ma/fr/images/products/norden-kyrre-table-4-tabourets-bouleau-bouleau__1457143_pe992566_s5.jpg?f=xxs,ikea,Salle A Manger,2026-06-11 18:53:46,False,Premium (4000-10k),ikea_673
ODGER,1650.0,,0.0,https://www.ikea.com/ma/fr/p/odger-chaise-rouge-70516552/,https://www.ikea.com/ma/fr/images/products/odger-chaise-rouge__1038449_pe839684_s5.jpg?f=xxs,ikea,Salle A Manger,2026-06-11 18:53:23,False,Milieu (1500-4000),ikea_690
STRANDTORP / MÅRENÄS,19965.0,,0.0,https://www.ikea.com/ma/fr/p/strandtorp-marenaes-table-6-fauteuils-brun-noir-gunnared-brun-rouge-s89518834/,https://www.ikea.com/ma/fr/images/products/strandtorp-marenaes-table-6-fauteuils-brun-noir-gunnared-brun-rouge__1198511_pe904118_s5.jpg?f=xxs,ikea,Salle A Manger,2026-06-11 18:53:49,False,Luxe (>10k),ikea_715
STENSELE / ODGER,4895.0,,0.0,https://www.ikea.com/ma/fr/p/stensele-odger-table-et-2-chaises-anthracite-anthracite-anthracite-s99569465/,https://www.ikea.com/ma/fr/images/products/stensele-odger-table-et-2-chaises-anthracite-anthracite-anthracite__1331416_pe945978_s5.jpg?f=xxs,ikea,Salle A Manger,2026-06-11 18:53:45,False,Premium (4000-10k),ikea_735
ÅLHULT / ÅLHULT,5895.0,,0.0,https://www.ikea.com/ma/fr/p/alhult-alhult-table-et-4-chaises-beige-brun-kabusa-beige-clair-beige-s99610101/,https://www.ikea.com/ma/fr/images/products/alhult-alhult-table-et-4-chaises-beige-brun-kabusa-beige-clair-beige__1439021_pe985063_s5.jpg?f=xxs,ikea,Salle A Manger,2026-06-11 18:53:26,False,Premium (4000-10k),ikea_742
HAUGA / ROSENTORP,8295.0,,0.0,https://www.ikea.com/ma/fr/p/hauga-rosentorp-table-et-4-chaises-s99625188/,https://www.ikea.com/ma/fr/images/products/hauga-rosentorp-table-et-4-chaises__1517527_pe1012376_s5.jpg?f=xxs,ikea,Salle A Manger,2026-06-11 18:53:26,False,Premium (4000-10k),ikea_757
BERGSHYTTAN / TOSSBERG,11280.0,,0.0,https://www.ikea.com/ma/fr/p/bergshyttan-tossberg-table-2-chaises-et-banc-s59608416/,https://www.ikea.com/ma/fr/images/products/bergshyttan-tossberg-table-2-chaises-et-banc__1487331_pe1002794_s5.jpg?f=xxs,ikea,Salle A Manger,2026-06-11 18:53:49,False,Luxe (>10k),ikea_762
HÄGERNÄS,2795.0,,0.0,https://www.ikea.com/ma/fr/p/haegernaes-table-et-4-chaises-vernis-effet-anc-pin-70575947/,https://www.ikea.com/ma/fr/images/products/haegernaes-table-et-4-chaises-vernis-effet-anc-pin__1350925_pe951817_s5.jpg?f=xxs,ikea,Salle A Manger,2026-06-11 18:53:26,False,Milieu (1500-4000),ikea_768
NORDMANSSKÄR,650.0,,0.0,https://www.ikea.com/ma/fr/p/nordmansskaer-chaise-noir-tonerud-gris-s99618215/,https://www.ikea.com/ma/fr/images/products/nordmansskaer-chaise-noir-tonerud-gris__1481058_pe1000414_s5.jpg?f=xxs,ikea,Salle A Manger,2026-06-11 18:53:23,False,Économique (500-1500),ikea_802
NÄSINGE / NÄSINGE,6895.0,,0.0,https://www.ikea.com/ma/fr/p/naesinge-naesinge-table-et-4-chaises-placage-hetre-teinte-brun-fonce-teinte-brun-fonce-kilanda-beige-clair-s19597028/,https://www.ikea.com/ma/fr/images/products/naesinge-naesinge-table-et-4-chaises-placage-hetre-teinte-brun-fonce-teinte-brun-fonce-kilanda-beige-clair__1427886_pe980620_s5.jpg?f=xxs,ikea,Salle A Manger,2026-06-11 18:53:26,False,Premium (4000-10k),ikea_812
NORDEN / ODGER,7295.0,,0.0,https://www.ikea.com/ma/fr/p/norden-odger-table-et-2-chaises-bouleau-rouge-s49440743/,https://www.ikea.com/ma/fr/images/products/norden-odger-table-et-2-chaises-bouleau-rouge__1038456_pe839688_s5.jpg?f=xxs,ikea,Salle A Manger,2026-06-11 18:53:45,False,Premium (4000-10k),ikea_858
GRÖTÅN / SKOGSTA,3995.0,,0.0,https://www.ikea.com/ma/fr/p/groetan-skogsta-table-et-2-chaises-pin-teinte-brun-noir-s39626572/,https://www.ikea.com/ma/fr/images/products/groetan-skogsta-table-et-2-chaises-pin-teinte-brun-noir__1517450_pe1012333_s5.jpg?f=xxs,ikea,Salle A Manger,2026-06-11 18:53:45,False,Milieu (1500-4000),ikea_880
Table d'Appoint – Style scandinave bois et métal,489.0,635.7,23.0,https://www.jumia.ma/generic-table-dappoint-style-scandinave-bois-et-metal-67123229.html,https://ma.jumia.is/unsafe/fit-in/300x300/filters:fill(white)/product/92/232176/1.jpg?2956,jumia,Salle A Manger,2026-06-11 18:50:56,True,Entrée (<500),jumia_907
Chaise de salle à manger au design moderne,640.0,,0.0,https://www.jumia.ma/generic-chaise-de-salle-a-manger-au-design-moderne-62647642.html,https://ma.jumia.is/unsafe/fit-in/300x300/filters:fill(white)/product/24/674626/1.jpg?7134,jumia,Salle A Manger,2026-06-11 18:51:20,False,Économique (500-1500),jumia_911
Table Basse  - Bohimi,349.0,499.0,30.0,https://www.jumia.ma/generic-table-basse-bohimi-64553633.html,https://ma.jumia.is/unsafe/fit-in/300x300/filters:fill(white)/product/33/635546/1.jpg?4369,jumia,Salle A Manger,2026-06-11 18:50:46,True,Entrée (<500),jumia_922
"Plateau en bambou, plateau de service multifonction pliable, support pour ordinateur portable, assiette de petit déjeuner, plateau de lit, confortable, bureau de chevet",397.94,558.9,29.0,https://www.jumia.ma/plateau-en-bambou-plateau-de-service-multifonction-pliable-support-pour-ordinateur-portable-assiette-de-petit-dejeuner-plateau-de-lit-confortable-bureau-de-chevet-generic-mpg1528292.html,https://ma.jumia.is/unsafe/fit-in/300x300/filters:fill(white)/product/72/096176/1.jpg?6246,jumia,Salle A Manger,2026-06-11 18:51:20,True,Entrée (<500),jumia_927
Tabouret fixe pour studio photo,680.0,1300.0,48.0,https://www.jumia.ma/generic-tabouret-fixe-pour-studio-photo-67571596.html,https://ma.jumia.is/unsafe/fit-in/300x300/filters:fill(white)/product/69/517576/1.jpg?6045,jumia,Salle A Manger,2026-06-11 18:51:11,True,Économique (500-1500),jumia_932
Dansmamaison.ma LUCIE Chaise de salle a manger – Taupe,1050.0,,0.0,https://www.jumia.ma/dansmamaison.ma-lucie-chaise-de-salle-a-manger-taupe-67733859.html,https://ma.jumia.is/unsafe/fit-in/300x300/filters:fill(white)/product/95/833776/1.jpg?5194,jumia,Salle A Manger,2026-06-11 18:51:11,False,Économique (500-1500),jumia_934
Kitea TABLE BASSE DEDELOS - Marron / Beige,1299.0,,0.0,https://www.jumia.ma/kitea-table-basse-dedelos-marron-beige-66358263.html,https://ma.jumia.is/unsafe/fit-in/300x300/filters:fill(white)/product/36/285366/1.jpg?3705,jumia,Salle A Manger,2026-06-11 18:51:18,False,Économique (500-1500),jumia_938
Gork International Pack Duo - Plaque de Cuisson Noir + Hotte Aspirante Sous Meuble Noir 60cm - Double Filtration - Éclairage LED - Puissance à Double Moteur,1399.0,3000.0,53.0,https://www.jumia.ma/gork-international-pack-duo-plaque-de-cuisson-noir-hotte-aspirante-sous-meuble-noir-60cm-double-filtration-eclairage-led-puissance-a-double-moteur-65893013.html,https://ma.jumia.is/unsafe/fit-in/300x300/filters:fill(white)/product/31/039856/1.jpg?7501,jumia,Salle A Manger,2026-06-11 18:50:39,True,Économique (500-1500),jumia_952
Bureau d'ordinateur table de chevet petite table élévatrice Mobile petit support pour ordinateur portable domestique avec roues Tables basses,219.0,600.0,64.0,https://www.jumia.ma/generic-bureau-dordinateur-table-de-chevet-petite-table-elevatrice-mobile-petit-support-pour-ordinateur-portable-domestique-avec-roues-tables-basses-67608079.html,https://ma.jumia.is/unsafe/fit-in/300x300/filters:fill(white)/product/97/080676/1.jpg?5928,jumia,Salle A Manger,2026-06-11 18:50:46,True,Entrée (<500),jumia_964
Table égyptienne en bois faite à la main incrustée de nacre 40*50,689.0,,0.0,https://www.jumia.ma/generic-table-egyptienne-en-bois-faite-a-la-main-incrustee-de-nacre-4050-62378846.html,https://ma.jumia.is/unsafe/fit-in/300x300/filters:fill(white)/product/64/887326/1.jpg?2232,jumia,Salle A Manger,2026-06-11 18:50:56,False,Économique (500-1500),jumia_968
Cmp SCANDI Chaise - Kaki,594.0,950.0,38.0,https://www.jumia.ma/cmp-scandi-chaise-kaki-64035363.html,https://ma.jumia.is/unsafe/fit-in/300x300/filters:fill(white)/product/36/353046/1.jpg?6905,jumia,Salle A Manger,2026-06-11 18:50:39,True,Économique (500-1500),jumia_970
Kitea Table Extensible LYON - Blanc,2490.0,,0.0,https://www.jumia.ma/kitea-table-extensible-lyon-blanc-63343413.html,https://ma.jumia.is/unsafe/fit-in/300x300/filters:fill(white)/product/31/434336/1.jpg?9709,jumia,Salle A Manger,2026-06-11 18:50:58,False,Milieu (1500-4000),jumia_971
Ensemble de Tables Basses -90x35x60cm & 85x40x30cm - Bois MDF - Blanc - Livré monté,950.0,1250.0,24.0,https://www.jumia.ma/generic-ensemble-de-tables-basses-90x35x60cm-85x40x30cm-bois-mdf-blanc-livre-monte-67583180.html,https://ma.jumia.is/unsafe/fit-in/300x300/filters:fill(white)/product/08/138576/1.jpg?5871,jumia,Salle A Manger,2026-06-11 18:50:56,True,Économique (500-1500),jumia_975
"Table Rossini ronde pliable, en plastique, avec verrouillage de poignée, 3 pièces, Ø122",1499.0,,0.0,https://www.jumia.ma/generic-table-rossini-ronde-pliable-en-plastique-avec-verrouillage-de-poignee-3-pieces-o122-67401399.html,https://ma.jumia.is/unsafe/fit-in/300x300/filters:fill(white)/product/99/310476/1.jpg?9724,jumia,Salle A Manger,2026-06-11 18:50:48,False,Économique (500-1500),jumia_981
Tabouret médical réglable en hauteur avec roulettes,600.0,900.0,33.0,https://www.jumia.ma/generic-tabouret-medical-reglable-en-hauteur-avec-roulettes-39174697.html,https://ma.jumia.is/unsafe/fit-in/300x300/filters:fill(white)/product/79/647193/1.jpg?7456,jumia,Salle A Manger,2026-06-11 18:50:58,True,Économique (500-1500),jumia_990
Kitea Table Basse Rotative TRAPP - Béton / Gris clair,1599.0,2095.0,24.0,https://www.jumia.ma/kitea-table-basse-rotative-trapp-beton-gris-clair-62940538.html,https://ma.jumia.is/unsafe/fit-in/300x300/filters:fill(white)/product/83/504926/1.jpg?3981,jumia,Salle A Manger,2026-06-11 18:50:46,True,Milieu (1500-4000),jumia_993
Kitea Table À Manger LAZIO - Blanc / Doré,3499.0,,0.0,https://www.jumia.ma/kitea-table-a-manger-lazio-blanc-dore-67390575.html,https://ma.jumia.is/unsafe/fit-in/300x300/filters:fill(white)/product/57/509376/1.jpg?4680,jumia,Salle A Manger,2026-06-11 18:51:11,False,Milieu (1500-4000),jumia_998
Table Basse Ronde En MDF AVEC etagere book,949.0,1199.0,21.0,https://www.jumia.ma/generic-table-basse-ronde-en-mdf-avec-etagere-book-66590441.html,https://ma.jumia.is/unsafe/fit-in/300x300/filters:fill(white)/product/14/409566/1.jpg?9946,jumia,Salle A Manger,2026-06-11 18:50:56,True,Économique (500-1500),jumia_999
Tensai Chaise en polypropylène empilable Salle à Manger café bar Rome Grand Soleil,449.0,,0.0,https://www.jumia.ma/tensai-chaise-en-polypropylene-empilable-salle-a-manger-cafe-bar-rome-grand-soleil-67543447.html,https://ma.jumia.is/unsafe/fit-in/300x300/filters:fill(white)/product/74/434576/1.jpg?0231,jumia,Salle A Manger,2026-06-11 18:50:39,False,Entrée (<500),jumia_1004
Dansmamaison.ma LAURE Fauteuil en tissus bouclette - Vert,1300.0,,0.0,https://www.jumia.ma/dansmamaison.ma-laure-fauteuil-en-tissus-bouclette-vert-67916738.html,https://ma.jumia.is/unsafe/fit-in/300x300/filters:fill(white)/product/83/761976/1.jpg?4326,jumia,Salle A Manger,2026-06-11 18:50:58,False,Économique (500-1500),jumia_1005
2 Pcs Triangle Support Table pliable / Support étagère 34 cm,99.99,,0.0,https://www.jumia.ma/generic-2-pcs-triangle-support-table-pliable-support-etagere-34-cm-39170849.html,https://ma.jumia.is/unsafe/fit-in/300x300/filters:fill(white)/product/94/807193/1.jpg?6588,jumia,Salle A Manger,2026-06-11 18:51:27,False,Entrée (<500),jumia_1020
Table Basse Plastique Démontable – Marron – 50cm/33cm – Légère & Pratique,68.0,89.0,24.0,https://www.jumia.ma/generic-table-basse-plastique-demontable-marron-50cm33cm-legere-pratique-67216916.html,https://ma.jumia.is/unsafe/fit-in/300x300/filters:fill(white)/product/61/961276/1.jpg?1891,jumia,Salle A Manger,2026-06-11 18:50:56,True,Entrée (<500),jumia_1037
Table de conférence et de réception pliante rectangulaire de qualité supérieure. Surface en polypropylène et pieds en métal peint.,1259.1,1699.0,26.0,https://www.jumia.ma/table-de-conference-et-de-reception-pliante-rectangulaire-de-qualite-superieure.-surface-en-polypropylene-et-pieds-en-metal-peint.-generic-mpg1531127.html,https://ma.jumia.is/unsafe/fit-in/300x300/filters:fill(white)/product/30/910276/1.jpg?6008,jumia,Salle A Manger,2026-06-11 18:50:58,True,Économique (500-1500),jumia_1053
Sell&tik 4 chaises de Salle à Manger scandinave Rétro Bois d' hêtre assise blanche,2199.0,2999.0,44.0,https://www.jumia.ma/selltik-4-chaises-de-salle-a-manger-scandinave-retro-bois-d-hetre-assise-blanche-61085989.html,https://ma.jumia.is/unsafe/fit-in/300x300/filters:fill(white)/product/98/958016/1.jpg?3311,jumia,Salle A Manger,2026-06-11 18:50:39,True,Milieu (1500-4000),jumia_1055
Azizi Wood Side Table 40×30,350.0,500.0,30.0,https://www.jumia.ma/generic-azizi-wood-side-table-4030-67177393.html,https://ma.jumia.is/unsafe/fit-in/300x300/filters:fill(white)/product/39/377176/1.jpg?6771,jumia,Salle A Manger,2026-06-11 18:51:27,True,Entrée (<500),jumia_1056
Table Rossini Ø152,1699.0,2299.0,26.0,https://www.jumia.ma/generic-table-rossini-o152-67766924.html,https://ma.jumia.is/unsafe/fit-in/300x300/filters:fill(white)/product/42/966776/1.jpg?7533,jumia,Salle A Manger,2026-06-11 18:51:11,True,Milieu (1500-4000),jumia_1075
Lux Table Multifonctionnels Table d'appoint support de café artistique Table utilitaires Table de Lecture Table a Manger,259.0,400.0,35.0,https://www.jumia.ma/generic-lux-table-multifonctionnels-table-dappoint-support-de-cafe-artistique-table-utilitaires-table-de-lecture-table-a-manger-67885385.html,https://ma.jumia.is/unsafe/fit-in/300x300/filters:fill(white)/product/58/358876/1.jpg?0602,jumia,Salle A Manger,2026-06-11 18:50:48,True,Entrée (<500),jumia_1094
Table Basse modern en bois MDF élégant,900.0,1300.0,31.0,https://www.jumia.ma/generic-table-basse-modern-en-bois-mdf-elegant-67293326.html,https://ma.jumia.is/unsafe/fit-in/300x300/filters:fill(white)/product/62/339276/1.jpg?2820,jumia,Salle A Manger,2026-06-11 18:51:49,True,Économique (500-1500),jumia_1103
Grande Table de basse,699.0,1299.0,46.0,https://www.jumia.ma/generic-grande-table-de-basse-67401518.html,https://ma.jumia.is/unsafe/fit-in/300x300/filters:fill(white)/product/81/510476/1.jpg?0713,jumia,Salle A Manger,2026-06-11 18:51:10,True,Économique (500-1500),jumia_1111
"2 tables pliables de haute qualité en bois massif multifonctions, tables utilitaires bleues et marron, tables basses",458.58,764.3,40.0,https://www.jumia.ma/2-tables-pliables-de-haute-qualite-en-bois-massif-multifonctions-tables-utilitaires-bleues-et-marron-tables-basses-generic-mpg1561569.html,https://ma.jumia.is/unsafe/fit-in/300x300/filters:fill(white)/product/47/795576/1.jpg?6680,jumia,Salle A Manger,2026-06-11 18:51:57,True,Entrée (<500),jumia_1114
Dansmamaison.ma OSLO Chaise style scandinave - Bordeaux,452.0,675.0,33.0,https://www.jumia.ma/dansmamaison.ma-oslo-chaise-style-scandinave-bordeaux-67307187.html,https://ma.jumia.is/unsafe/fit-in/300x300/filters:fill(white)/product/78/170376/1.jpg?1456,jumia,Salle A Manger,2026-06-11 18:50:58,True,Entrée (<500),jumia_1116
Table À Manger Ronde - Table Ronde En Bois,499.0,700.0,29.0,https://www.jumia.ma/generic-table-a-manger-ronde-table-ronde-en-bois-63134942.html,https://ma.jumia.is/unsafe/fit-in/300x300/filters:fill(white)/product/24/943136/1.jpg?5686,jumia,Salle A Manger,2026-06-11 18:50:46,True,Entrée (<500),jumia_1146
"Bureau d'ordinateur réglable et portable pour lit ou canapé, au bureau, à la maison ou pour étudier.",269.0,349.0,23.0,https://www.jumia.ma/generic-bureau-dordinateur-reglable-et-portable-pour-lit-ou-canape-au-bureau-a-la-maison-ou-pour-etudier.-67992468.html,https://ma.jumia.is/unsafe/fit-in/300x300/filters:fill(white)/product/86/429976/1.jpg?3316,jumia,Salle A Manger,2026-06-11 18:51:57,True,Entrée (<500),jumia_1159
Dansmamaison.ma MARIEL Chaise de salle a manger - Bleu,1350.0,,0.0,https://www.jumia.ma/dansmamaison.ma-mariel-chaise-de-salle-a-manger-bleu-67675232.html,https://ma.jumia.is/unsafe/fit-in/300x300/filters:fill(white)/product/23/257676/1.jpg?0882,jumia,Salle A Manger,2026-06-11 18:51:11,False,Économique (500-1500),jumia_1161
Dansmamaison.ma OSLO Chaise style scandinave - Blanc,452.0,675.0,33.0,https://www.jumia.ma/dansmamaison.ma-oslo-chaise-style-scandinave-blanc-67307188.html,https://ma.jumia.is/unsafe/fit-in/300x300/filters:fill(white)/product/88/170376/1.jpg?1457,jumia,Salle A Manger,2026-06-11 18:50:39,True,Entrée (<500),jumia_1163
Kitea Caisson Polar Pro - Blanc,999.0,,0.0,https://www.jumia.ma/kitea-caisson-polar-pro-blanc-67659598.html,https://ma.jumia.is/unsafe/fit-in/300x300/filters:fill(white)/product/89/595676/1.jpg?0927,jumia,Salle A Manger,2026-06-11 18:51:18,False,Économique (500-1500),jumia_1173
Kitea TABLE BASSE GIGOGNE BROKLYN - Chêne,1595.0,2495.0,36.0,https://www.jumia.ma/kitea-table-basse-gigogne-broklyn-chene-65702163.html,https://ma.jumia.is/unsafe/fit-in/300x300/filters:fill(white)/product/36/120756/1.jpg?9566,jumia,Salle A Manger,2026-06-11 18:51:10,True,Milieu (1500-4000),jumia_1176
Afer table basse moderne O2040,1499.0,,0.0,https://www.jumia.ma/afer-table-basse-moderne-o2040-41027548.html,https://ma.jumia.is/unsafe/fit-in/300x300/filters:fill(white)/product/84/572014/1.jpg?9537,jumia,Salle A Manger,2026-06-11 18:51:27,False,Économique (500-1500),jumia_1182
Table Basse Ronde Chêne Chaud/Noir Ø70cm Style Scandinave Moderne Salon Chambre Design Élégant Durable,1079.0,1402.7,23.0,https://www.jumia.ma/generic-table-basse-ronde-chene-chaudnoir-o70cm-style-scandinave-moderne-salon-chambre-design-elegant-durable-67639340.html,https://ma.jumia.is/unsafe/fit-in/300x300/filters:fill(white)/product/04/393676/1.jpg?2786,jumia,Salle A Manger,2026-06-11 18:50:46,True,Économique (500-1500),jumia_1195
Dansmamaison.ma LILY Chaise en tissus bouclette – Vert,950.0,,0.0,https://www.jumia.ma/dansmamaison.ma-lily-chaise-en-tissus-bouclette-vert-67916742.html,https://ma.jumia.is/unsafe/fit-in/300x300/filters:fill(white)/product/24/761976/1.jpg?4328,jumia,Salle A Manger,2026-06-11 18:50:39,False,Économique (500-1500),jumia_1207
Table Basse modern en bois mdf  AVEC etagere,949.0,1300.0,27.0,https://www.jumia.ma/generic-table-basse-modern-en-bois-mdf-avec-etagere-66967255.html,https://ma.jumia.is/unsafe/fit-in/300x300/filters:fill(white)/product/55/276966/1.jpg?4783,jumia,Salle A Manger,2026-06-11 18:51:18,True,Économique (500-1500),jumia_1237
Dansmamaison.ma LOT de 4 Amber chaises de salle à manger gris,2138.0,3200.0,33.0,https://www.jumia.ma/dansmamaison.ma-lot-de-4-amber-chaises-de-salle-a-manger-gris-64876751.html,https://ma.jumia.is/unsafe/fit-in/300x300/filters:fill(white)/product/15/767846/1.jpg?4044,jumia,Salle A Manger,2026-06-11 18:51:11,True,Milieu (1500-4000),jumia_1241
Modern side coffee table with a unique design that combines elegance and modernity,197.1,239.0,18.0,https://www.jumia.ma/generic-modern-side-coffee-table-with-a-unique-design-that-combines-elegance-and-modernity-66553800.html,https://ma.jumia.is/unsafe/fit-in/300x300/filters:fill(white)/product/00/835566/1.jpg?4255,jumia,Salle A Manger,2026-06-11 18:50:48,True,Entrée (<500),jumia_1245
Mini bureau portable pour enfant adultes Table d'etude,49.0,200.0,76.0,https://www.jumia.ma/generic-mini-bureau-portable-pour-enfant-adultes-table-detude-37220755.html,https://ma.jumia.is/unsafe/fit-in/300x300/filters:fill(white)/product/55/702273/1.jpg?0354,jumia,Salle A Manger,2026-06-11 18:50:58,True,Entrée (<500),jumia_1252
Table d'appoint en bois Azizi 40×30 cm - DOR154,433.0,1200.0,64.0,https://www.jumia.ma/generic-table-dappoint-en-bois-azizi-4030-cm-dor154-67184201.html,https://ma.jumia.is/unsafe/fit-in/300x300/filters:fill(white)/product/10/248176/1.jpg?8778,jumia,Salle A Manger,2026-06-11 18:51:37,True,Entrée (<500),jumia_1254
Kitea Table Basse Relevable NEW COSMIT,1795.0,,0.0,https://www.jumia.ma/kitea-table-basse-relevable-new-cosmit-67971466.html,https://ma.jumia.is/unsafe/fit-in/300x300/filters:fill(white)/product/66/417976/1.jpg?2195,jumia,Salle A Manger,2026-06-11 18:51:43,False,Milieu (1500-4000),jumia_1262
Dansmamaison.ma MYA Fauteuil visiteur,1350.0,,0.0,https://www.jumia.ma/dansmamaison.ma-mya-fauteuil-visiteur-67916914.html,https://ma.jumia.is/unsafe/fit-in/300x300/filters:fill(white)/product/41/961976/1.jpg?4621,jumia,Salle A Manger,2026-06-11 18:51:11,False,Économique (500-1500),jumia_1274
Table basse de souche d'arbre naturel,379.0,590.0,36.0,https://www.jumia.ma/table-basse-de-souche-darbre-naturel-generic-mpg1361097.html,https://ma.jumia.is/unsafe/fit-in/300x300/filters:fill(white)/product/10/709625/1.jpg?4667,jumia,Salle A Manger,2026-06-11 18:51:10,True,Entrée (<500),jumia_1282
"Bout de Canapé 31xH41cm - Fibre Naturelle Tressée - Support de Plante, Vase & Objet d'Art - Style Scandinave/Bohème",595.0,773.5,23.0,https://www.jumia.ma/generic-bout-de-canape-31xh41cm-fibre-naturelle-tressee-support-de-plante-vase-objet-dart-style-scandinaveboheme-67345456.html,https://ma.jumia.is/unsafe/fit-in/300x300/filters:fill(white)/product/65/454376/1.jpg?4606,jumia,Salle A Manger,2026-06-11 18:50:46,True,Économique (500-1500),jumia_1284
L’alliée idéale pour un coin cosy et tendance,259.0,399.0,35.0,https://www.jumia.ma/generic-lalliee-ideale-pour-un-coin-cosy-et-tendance-67881051.html,https://ma.jumia.is/unsafe/fit-in/300x300/filters:fill(white)/product/15/018876/1.jpg?9281,jumia,Salle A Manger,2026-06-11 18:51:49,True,Entrée (<500),jumia_1290
Table d'appoint 30×40 cm - LOG492,500.0,1200.0,58.0,https://www.jumia.ma/generic-table-dappoint-3040-cm-log492-67184316.html,https://ma.jumia.is/unsafe/fit-in/300x300/filters:fill(white)/product/61/348176/1.jpg?8866,jumia,Salle A Manger,2026-06-11 18:50:56,True,Entrée (<500),jumia_1300
2 Table Basse modern en bois mdf  AVEC etagere,950.0,1200.0,21.0,https://www.jumia.ma/generic-2-table-basse-modern-en-bois-mdf-avec-etagere-66967276.html,https://ma.jumia.is/unsafe/fit-in/300x300/filters:fill(white)/product/67/276966/1.jpg?4846,jumia,Salle A Manger,2026-06-11 18:51:18,True,Économique (500-1500),jumia_1302
TABLE RECTANGULAR 150,1349.0,,0.0,https://www.jumia.ma/generic-table-rectangular-150-67767241.html,https://ma.jumia.is/unsafe/fit-in/300x300/filters:fill(white)/product/14/276776/1.jpg?6562,jumia,Salle A Manger,2026-06-11 18:50:58,False,Économique (500-1500),jumia_1309
Kitea Table Basse CARPINUS - Chêne,2690.0,3295.0,18.0,https://www.jumia.ma/kitea-table-basse-carpinus-chene-65807570.html,https://ma.jumia.is/unsafe/fit-in/300x300/filters:fill(white)/product/07/570856/1.jpg?5782,jumia,Salle A Manger,2026-06-11 18:51:27,True,Milieu (1500-4000),jumia_1311
Table ronde berbère,469.0,999.0,53.0,https://www.jumia.ma/generic-table-ronde-berbere-54909915.html,https://ma.jumia.is/unsafe/fit-in/300x300/filters:fill(white)/product/51/990945/1.jpg?5571,jumia,Salle A Manger,2026-06-11 18:50:56,True,Entrée (<500),jumia_1318
Dansmamaison.ma TAMARIS Ensemble de jardin 3 pièces,2450.0,,0.0,https://www.jumia.ma/dansmamaison.ma-tamaris-ensemble-de-jardin-3-pieces-67840614.html,https://ma.jumia.is/unsafe/fit-in/300x300/filters:fill(white)/product/41/604876/1.jpg?7651,jumia,Salle A Manger,2026-06-11 18:50:58,False,Milieu (1500-4000),jumia_1320
rabattable en bois Table de Cuisine Table Enfant 50x70cm,169.0,179.99,6.0,https://www.jumia.ma/generic-rabattable-en-bois-table-de-cuisine-table-enfant-50x70cm-38184562.html,https://ma.jumia.is/unsafe/fit-in/300x300/filters:fill(white)/product/26/548183/1.jpg?5045,jumia,Salle A Manger,2026-06-11 18:50:39,True,Entrée (<500),jumia_1324
Table Basse moderne en bois MDF,900.0,1200.0,25.0,https://www.jumia.ma/generic-table-basse-moderne-en-bois-mdf-67583179.html,https://ma.jumia.is/unsafe/fit-in/300x300/filters:fill(white)/product/97/138576/1.jpg?5871,jumia,Salle A Manger,2026-06-11 18:51:18,True,Économique (500-1500),jumia_1329
Kitea Table à Manger MAX avec piètement Noir - Noyer Clair.,1999.0,,0.0,https://www.jumia.ma/kitea-table-a-manger-max-avec-pietement-noir-noyer-clair.-67389675.html,https://ma.jumia.is/unsafe/fit-in/300x300/filters:fill(white)/product/57/698376/1.jpg?2655,jumia,Salle A Manger,2026-06-11 18:51:27,False,Milieu (1500-4000),jumia_1343
Kitea Table à Manger HARDY - Marron,4995.0,5995.0,17.0,https://www.jumia.ma/kitea-table-a-manger-hardy-marron-66253825.html,https://ma.jumia.is/unsafe/fit-in/300x300/filters:fill(white)/product/52/835266/1.jpg?3180,jumia,Salle A Manger,2026-06-11 18:51:43,True,Premium (4000-10k),jumia_1350
Table basse marron,1399.0,1799.0,22.0,https://www.jumia.ma/generic-table-basse-marron-64634610.html,https://ma.jumia.is/unsafe/fit-in/300x300/filters:fill(white)/product/01/643646/1.jpg?8775,jumia,Salle A Manger,2026-06-11 18:51:27,True,Économique (500-1500),jumia_1373
Kitea Table De Coin FLEMENS 45x45x46cm - Taupe / Chêne,795.0,,0.0,https://www.jumia.ma/kitea-table-de-coin-flemens-45x45x46cm-taupe-chene-65799133.html,https://ma.jumia.is/unsafe/fit-in/300x300/filters:fill(white)/product/33/199756/1.jpg?9970,jumia,Salle A Manger,2026-06-11 18:51:18,False,Économique (500-1500),jumia_1388
Table Basse Fondue RKHAMI EN BOIS MDF - Ovale - Laqué - Livrée montée,900.0,1250.0,28.0,https://www.jumia.ma/generic-table-basse-fondue-rkhami-en-bois-mdf-ovale-laque-livree-montee-67284415.html,https://ma.jumia.is/unsafe/fit-in/300x300/filters:fill(white)/product/51/448276/1.jpg?4127,jumia,Salle A Manger,2026-06-11 18:51:27,True,Économique (500-1500),jumia_1395
Dansmamaison.ma AINA Table à manger 120 cm en pierre marbrée  ( sans chaises ),3150.0,,0.0,https://www.jumia.ma/dansmamaison.ma-aina-table-a-manger-120-cm-en-pierre-marbree-sans-chaises-67675217.html,https://ma.jumia.is/unsafe/fit-in/300x300/filters:fill(white)/product/71/257676/1.jpg?0872,jumia,Salle A Manger,2026-06-11 18:50:58,False,Milieu (1500-4000),jumia_1406
"Table de chevet multifonctionnelle, portable et pliable pour ordinateur, tablette et ordinateur portable avec tiroir",115.9,135.5,15.0,https://www.jumia.ma/generic-table-de-chevet-multifonctionnelle-portable-et-pliable-pour-ordinateur-tablette-et-ordinateur-portable-avec-tiroir-67394489.html,https://ma.jumia.is/unsafe/fit-in/300x300/filters:fill(white)/product/98/449376/1.jpg?1144,jumia,Salle A Manger,2026-06-11 18:51:11,True,Entrée (<500),jumia_1408
Table basse en bois de Style nordique,299.0,599.0,50.0,https://www.jumia.ma/generic-table-basse-en-bois-de-style-nordique-51478568.html,https://ma.jumia.is/unsafe/fit-in/300x300/filters:fill(white)/product/86/587415/1.jpg?1614,jumia,Salle A Manger,2026-06-11 18:51:27,True,Entrée (<500),jumia_1409
Grand Piédestal Ø25xH60cm - Couleur NOIR MAT - Support de Plante Hauteur Élancée - Style Industriel & Moderne,509.0,661.7,23.0,https://www.jumia.ma/generic-grand-piedestal-o25xh60cm-couleur-noir-mat-support-de-plante-hauteur-elancee-style-industriel-moderne-67346851.html,https://ma.jumia.is/unsafe/fit-in/300x300/filters:fill(white)/product/15/864376/1.jpg?4410,jumia,Salle A Manger,2026-06-11 18:51:49,True,Économique (500-1500),jumia_1412
Table Basse Ronde En Bois Rustique - Rob,499.0,650.0,23.0,https://www.jumia.ma/generic-table-basse-ronde-en-bois-rustique-rob-64404345.html,https://ma.jumia.is/unsafe/fit-in/300x300/filters:fill(white)/product/54/340446/1.jpg?0807,jumia,Salle A Manger,2026-06-11 18:51:10,True,Entrée (<500),jumia_1415
"2 pcs Tables basses et de coin, à motif de marbre",499.0,789.0,37.0,https://www.jumia.ma/2-pcs-tables-basses-et-de-coin-a-motif-de-marbre-generic-mpg954649.html,https://ma.jumia.is/unsafe/fit-in/300x300/filters:fill(white)/product/56/772083/1.jpg?2902,jumia,Salle A Manger,2026-06-11 18:50:56,True,Entrée (<500),jumia_1423
Grande Table basse,699.0,999.0,30.0,https://www.jumia.ma/generic-grande-table-basse-64545799.html,https://ma.jumia.is/unsafe/fit-in/300x300/filters:fill(white)/product/99/754546/1.jpg?8707,jumia,Salle A Manger,2026-06-11 18:51:18,True,Économique (500-1500),jumia_1428
Table ronde élégante WOOD & RESIN _ 60*50cm,690.0,750.0,8.0,https://www.jumia.ma/generic-table-ronde-elegante-wood-resin-6050cm-65761242.html,https://ma.jumia.is/unsafe/fit-in/300x300/filters:fill(white)/product/24/216756/1.jpg?1848,jumia,Salle A Manger,2026-06-11 18:50:56,True,Économique (500-1500),jumia_1431
"chaise pliable avec sac portable, plage et Camping, Siège Relax et peche",115.0,,0.0,https://www.jumia.ma/generic-chaise-pliable-avec-sac-portable-plage-et-camping-siege-relax-et-peche-67702286.html,https://ma.jumia.is/unsafe/fit-in/300x300/filters:fill(white)/product/68/220776/1.jpg?7560,jumia,Salle A Manger,2026-06-11 18:50:39,False,Entrée (<500),jumia_1435
Kitea Table De Coin HEAVEN - Beige,1395.0,1895.0,26.0,https://www.jumia.ma/kitea-table-de-coin-heaven-beige-65998257.html,https://ma.jumia.is/unsafe/fit-in/300x300/filters:fill(white)/product/75/289956/1.jpg?0166,jumia,Salle A Manger,2026-06-11 18:51:10,True,Économique (500-1500),jumia_1442
Kitea Table basse DURO - Chêne Gris,1695.0,,0.0,https://www.jumia.ma/kitea-table-basse-duro-chene-gris-63343370.html,https://ma.jumia.is/unsafe/fit-in/300x300/filters:fill(white)/product/07/334336/1.jpg?9718,jumia,Salle A Manger,2026-06-11 18:51:18,False,Milieu (1500-4000),jumia_1447
Dansmamaison.ma ANNICK Fauteuil de bureau,1450.0,,0.0,https://www.jumia.ma/dansmamaison.ma-annick-fauteuil-de-bureau-67916736.html,https://ma.jumia.is/unsafe/fit-in/300x300/filters:fill(white)/product/63/761976/1.jpg?4325,jumia,Salle A Manger,2026-06-11 18:51:11,False,Économique (500-1500),jumia_1462
Kitea Table À Manger Extensible Cut Out - Chêne Beige,2995.0,3595.0,17.0,https://www.jumia.ma/kitea-table-a-manger-extensible-cut-out-chene-beige-67739128.html,https://ma.jumia.is/unsafe/fit-in/300x300/filters:fill(white)/product/82/193776/1.jpg?7945,jumia,Salle A Manger,2026-06-11 18:51:49,True,Milieu (1500-4000),jumia_1464
Dansmamaison.ma Lot de 4 chaises Oslo - Gris foncé,1611.0,2400.0,33.0,https://www.jumia.ma/dansmamaison.ma-lot-de-4-chaises-oslo-gris-fonce-67302390.html,https://ma.jumia.is/unsafe/fit-in/300x300/filters:fill(white)/product/09/320376/1.jpg?5888,jumia,Salle A Manger,2026-06-11 18:50:39,True,Milieu (1500-4000),jumia_1483
Table,449.0,499.0,10.0,https://www.jumia.ma/generic-table-66106855.html,https://ma.jumia.is/unsafe/fit-in/300x300/filters:fill(white)/product/55/860166/1.jpg?6505,jumia,Salle A Manger,2026-06-11 18:51:57,True,Entrée (<500),jumia_1487
Dansmamaison.ma NATASHA Chaise de luxe,1475.0,,0.0,https://www.jumia.ma/dansmamaison.ma-natasha-chaise-de-luxe-67675237.html,https://ma.jumia.is/unsafe/fit-in/300x300/filters:fill(white)/product/73/257676/1.jpg?0964,jumia,Salle A Manger,2026-06-11 18:51:20,False,Économique (500-1500),jumia_1493
Dansmamaison.ma IMANE Chaise en tissus bouclette – Blanc cassé,879.0,1450.0,39.0,https://www.jumia.ma/dansmamaison.ma-imane-chaise-en-tissus-bouclette-blanc-casse-67302389.html,https://ma.jumia.is/unsafe/fit-in/300x300/filters:fill(white)/product/98/320376/1.jpg?5888,jumia,Salle A Manger,2026-06-11 18:50:48,True,Économique (500-1500),jumia_1500
haute Table basse salon bois gain De place Table basse moderne Mesa latérale Mini Mesa De Centro Sala meubles Buffets Et bahuts,219.0,600.0,64.0,https://www.jumia.ma/generic-haute-table-basse-salon-bois-gain-de-place-table-basse-moderne-mesa-laterale-mini-mesa-de-centro-sala-meubles-buffets-et-bahuts-67589750.html,https://ma.jumia.is/unsafe/fit-in/300x300/filters:fill(white)/product/05/798576/1.jpg?1691,jumia,Salle A Manger,2026-06-11 18:50:39,True,Entrée (<500),jumia_1502
"Table d'Appoint – Style scandinave bois et métal :  Diamètre: 55 cm, Hauteur: 45 cm",779.0,1012.7,23.0,https://www.jumia.ma/generic-table-dappoint-style-scandinave-bois-et-metal-diametre-55-cm-hauteur-45-cm-67123247.html,https://ma.jumia.is/unsafe/fit-in/300x300/filters:fill(white)/product/74/232176/1.jpg?8899,jumia,Salle A Manger,2026-06-11 18:50:56,True,Économique (500-1500),jumia_1504
"Table de chevet personnalisée, petite table élévatrice mobile, bureau d'étudiant, dortoir, bureau d'ordinateur, chambre à coucher, ménage Tables basses",239.0,690.0,65.0,https://www.jumia.ma/generic-table-de-chevet-personnalisee-petite-table-elevatrice-mobile-bureau-detudiant-dortoir-bureau-dordinateur-chambre-a-coucher-menage-tables-basses-67608085.html,https://ma.jumia.is/unsafe/fit-in/300x300/filters:fill(white)/product/58/080676/1.jpg?5936,jumia,Salle A Manger,2026-06-11 18:50:46,True,Entrée (<500),jumia_1506
Kitea Table Basse SHIELD - Beige / Gris,995.0,2195.0,55.0,https://www.jumia.ma/kitea-table-basse-shield-beige-gris-65590986.html,https://ma.jumia.is/unsafe/fit-in/300x300/filters:fill(white)/product/68/909556/1.jpg?1324,jumia,Salle A Manger,2026-06-11 18:50:56,True,Économique (500-1500),jumia_1511
set 2 table basse ensemble - Ballare -NOIR - 90x35x60cm - 60x40x40cm - Monté,899.0,1100.0,18.0,https://www.jumia.ma/generic-set-2-table-basse-ensemble-ballare-noir-90x35x60cm-60x40x40cm-monte-67284425.html,https://ma.jumia.is/unsafe/fit-in/300x300/filters:fill(white)/product/52/448276/1.jpg?4135,jumia,Salle A Manger,2026-06-11 18:51:10,True,Économique (500-1500),jumia_1521
Kitea TABLE DE COIN SEOUL GIGOGNE - Blanc / Argenté,595.0,995.0,40.0,https://www.jumia.ma/kitea-table-de-coin-seoul-gigogne-blanc-argente-65682629.html,https://ma.jumia.is/unsafe/fit-in/300x300/filters:fill(white)/product/92/628656/1.jpg?5886,jumia,Salle A Manger,2026-06-11 18:50:46,True,Économique (500-1500),jumia_1527
Tabouret de comptoir avec Repose-Pieds. en Similicuir et métal. Brun,590.0,1200.0,51.0,https://www.jumia.ma/generic-tabouret-de-comptoir-avec-repose-pieds.-en-similicuir-et-metal.-brun-62639157.html,https://ma.jumia.is/unsafe/fit-in/300x300/filters:fill(white)/product/75/193626/1.jpg?2299,jumia,Salle A Manger,2026-06-11 18:50:48,True,Économique (500-1500),jumia_1530
Table de basse,499.0,699.0,29.0,https://www.jumia.ma/generic-table-de-basse-64545801.html,https://ma.jumia.is/unsafe/fit-in/300x300/filters:fill(white)/product/10/854546/1.jpg?8707,jumia,Salle A Manger,2026-06-11 18:51:43,True,Entrée (<500),jumia_1534
Kitea Table ronde SOLI 45x48cm - Noir / Bois,1295.0,1699.0,24.0,https://www.jumia.ma/kitea-table-ronde-soli-45x48cm-noir-bois-67390759.html,https://ma.jumia.is/unsafe/fit-in/300x300/filters:fill(white)/product/95/709376/1.jpg?6480,jumia,Salle A Manger,2026-06-11 18:50:56,True,Économique (500-1500),jumia_1543
Chaises en tissu,199.0,,0.0,https://www.jumia.ma/generic-chaises-en-tissu-67124034.html,https://ma.jumia.is/unsafe/fit-in/300x300/filters:fill(white)/product/43/042176/1.jpg?9630,jumia,Salle A Manger,2026-06-11 18:51:11,False,Entrée (<500),jumia_1547
Table Basse Fondue chene - Ovale - Laqué - Livrée montée,1250.0,,0.0,https://www.jumia.ma/generic-table-basse-fondue-chene-ovale-laque-livree-montee-67284411.html,https://ma.jumia.is/unsafe/fit-in/300x300/filters:fill(white)/product/11/448276/1.jpg?4124,jumia,Salle A Manger,2026-06-11 18:51:18,False,Économique (500-1500),jumia_1568
Meuble cuisine Luna,1800.0,2499.0,28.0,https://www.jumia.ma/generic-meuble-cuisine-luna-67827605.html,https://ma.jumia.is/unsafe/fit-in/300x300/filters:fill(white)/product/50/672876/1.jpg?7749,jumia,Salle A Manger,2026-06-11 18:50:48,True,Milieu (1500-4000),jumia_1575
"Rouleau à Pâtisserie en Acier Inoxydable Robuste avec Tube Creux Léger - Compatible pour la Pâtisserie, Adapté pour les Croûtes de Tarte, la Pâte à Pizza, la Pâtisserie - Rouleau à Pâtisserie en Acier Inoxydable",89.0,199.0,55.0,https://www.jumia.ma/generic-rouleau-a-patisserie-en-acier-inoxydable-robuste-avec-tube-creux-leger-compatible-pour-la-patisserie-adapte-pour-les-croutes-de-tarte-la-pate-a-pizza-la-patisserie-rouleau-a-patisserie-en-acier-inoxydable-67562912.html,https://ma.jumia.is/unsafe/fit-in/300x300/filters:fill(white)/product/21/926576/1.jpg?2619,jumia,Salle A Manger,2026-06-11 18:51:11,True,Entrée (<500),jumia_1593
Kitea Table De Coin CARPINUS 48x45x48cm - Chêne,895.0,1195.0,25.0,https://www.jumia.ma/kitea-table-de-coin-carpinus-48x45x48cm-chene-65752509.html,https://ma.jumia.is/unsafe/fit-in/300x300/filters:fill(white)/product/90/525756/1.jpg?1464,jumia,Salle A Manger,2026-06-11 18:51:27,True,Économique (500-1500),jumia_1603
Kitea Table Café RESPECT - Noyer / Gris,1299.0,3299.0,61.0,https://www.jumia.ma/kitea-table-cafe-respect-noyer-gris-64611051.html,https://ma.jumia.is/unsafe/fit-in/300x300/filters:fill(white)/product/15/011646/1.jpg?3860,jumia,Salle A Manger,2026-06-11 18:51:43,True,Économique (500-1500),jumia_1611
"Table Plateau pliable portable, Support Table Bureau de lit plateau de café",146.0,367.0,60.0,https://www.jumia.ma/generic-table-plateau-pliable-portable-support-table-bureau-de-lit-plateaudecafe-65963104.html,https://ma.jumia.is/unsafe/fit-in/300x300/filters:fill(white)/product/40/136956/1.jpg?8269,jumia,Salle A Manger,2026-06-11 18:50:48,True,Entrée (<500),jumia_1622
"Table sur pied Table d'appoint Mobile nordique de luxe, meuble d'extrémité de canapé épais, Anti-chute, petite Table de balcon, support de café artistique",249.0,690.0,64.0,https://www.jumia.ma/generic-table-sur-pied-table-dappoint-mobile-nordique-de-luxe-meuble-dextremite-de-canape-epais-anti-chute-petite-table-de-balcon-support-de-cafe-artistique-67616365.html,https://ma.jumia.is/unsafe/fit-in/300x300/filters:fill(white)/product/56/361676/1.jpg?1921,jumia,Salle A Manger,2026-06-11 18:51:37,True,Entrée (<500),jumia_1644
Kitea Table à Manger VITTORIA - Blanc Laqué Brillant,2595.0,2995.0,13.0,https://www.jumia.ma/kitea-table-a-manger-vittoria-blanc-laque-brillant-65755824.html,https://ma.jumia.is/unsafe/fit-in/300x300/filters:fill(white)/product/42/855756/1.jpg?4709,jumia,Salle A Manger,2026-06-11 18:51:43,True,Milieu (1500-4000),jumia_1651
Dansmamaison.ma ASMA Tabouret de bar réglable - Blanc,756.0,1250.0,40.0,https://www.jumia.ma/dansmamaison.ma-asma-tabouret-de-bar-reglable-blanc-67293803.html,https://ma.jumia.is/unsafe/fit-in/300x300/filters:fill(white)/product/30/839276/1.jpg?5469,jumia,Salle A Manger,2026-06-11 18:50:39,True,Économique (500-1500),jumia_1669
Dansmamaison.ma ARTIGAS Fauteuil de bureau en similicuir - Gris Foncé,1516.0,2600.0,42.0,https://www.jumia.ma/dansmamaison.ma-artigas-fauteuil-de-bureau-en-similicuir-gris-fonce-67235577.html,https://ma.jumia.is/unsafe/fit-in/300x300/filters:fill(white)/product/77/553276/1.jpg?2897,jumia,Salle A Manger,2026-06-11 18:50:58,True,Milieu (1500-4000),jumia_1674
Table de Camping Pliante en Aluminium 70x70 cm – Table Carrée Portable avec Plateau Enroulable et Sac de Transport – Pour 4 Personnes,967.08,1353.91,29.0,https://www.jumia.ma/generic-table-de-camping-pliante-en-aluminium-70x70-cm-table-carree-portable-avec-plateau-enroulable-et-sac-de-transport-pour-4-personnes-67721566.html,https://ma.jumia.is/unsafe/fit-in/300x300/filters:fill(white)/product/66/512776/1.jpg?7891,jumia,Salle A Manger,2026-06-11 18:50:58,True,Économique (500-1500),jumia_1677
"Plateau de lit en bambou, petit-déjeuner au lit, plateau de petit-déjeuner, plateau de service, table d'appoint, table pliante pour ordinateur portable",135.0,159.0,15.0,https://www.jumia.ma/generic-plateau-de-lit-en-bambou-petit-dejeuner-au-lit-plateau-de-petit-dejeuner-plateau-de-service-table-dappoint-table-pliante-pour-ordinateur-portable-67124568.html,https://ma.jumia.is/unsafe/fit-in/300x300/filters:fill(white)/product/86/542176/1.jpg?1411,jumia,Salle A Manger,2026-06-11 18:51:20,True,Entrée (<500),jumia_1687
"PACK de 2 Tables Pliables 1 Noire et 1 Bleue pour Plusieurs Utilisations  Table de Lit, Table à Manger, Table d'ordinateur Laptop Tablet Mini PC Tables Basses",458.58,764.3,40.0,https://www.jumia.ma/generic-pack-de-2-tables-pliables-1-noire-et-1-bleue-pour-plusieurs-utilisations-table-de-lit-table-a-manger-table-dordinateur-laptop-tablet-mini-pc-tables-basses-67568439.html,https://ma.jumia.is/unsafe/fit-in/300x300/filters:fill(white)/product/93/486576/1.jpg?0562,jumia,Salle A Manger,2026-06-11 18:51:57,True,Entrée (<500),jumia_1695
Table basse tranche d'arbre,399.0,642.0,38.0,https://www.jumia.ma/generic-table-basse-tranche-darbre-52628628.html,https://ma.jumia.is/unsafe/fit-in/300x300/filters:fill(white)/product/82/682625/1.jpg?3329,jumia,Salle A Manger,2026-06-11 18:51:10,True,Entrée (<500),jumia_1697
2 Tables Multifonctionnels Pour Ordinateur PC Et Repas Pliable Table En bois Table De Lit Rose Et Marron Tables basses,458.58,764.3,40.0,https://www.jumia.ma/2-tables-multifonctionnels-pour-ordinateur-pc-et-repas-pliable-table-en-bois-table-de-lit-rose-et-marron-tables-basses-generic-mpg1560499.html,https://ma.jumia.is/unsafe/fit-in/300x300/filters:fill(white)/product/54/695576/1.jpg?6605,jumia,Salle A Manger,2026-06-11 18:51:49,True,Entrée (<500),jumia_1703
Table basse – L’élégance nordique en toute simplicité,1079.0,1402.7,23.0,https://www.jumia.ma/generic-table-basse-lelegance-nordique-en-toute-simplicite-67123194.html,https://ma.jumia.is/unsafe/fit-in/300x300/filters:fill(white)/product/49/132176/1.jpg?0903,jumia,Salle A Manger,2026-06-11 18:51:10,True,Économique (500-1500),jumia_1712
Bout de Canapé Rond 40 cm - Style Industriel Chic Chêne Chaud et Pieds Noir Mat - Table d'Appoint Salon,959.0,1246.7,23.0,https://www.jumia.ma/generic-bout-de-canape-rond-40-cm-style-industriel-chic-chene-chaud-et-pieds-noir-mat-table-dappoint-salon-67367301.html,https://ma.jumia.is/unsafe/fit-in/300x300/filters:fill(white)/product/10/376376/1.jpg?8967,jumia,Salle A Manger,2026-06-11 18:51:18,True,Économique (500-1500),jumia_1717
Kitea TABLE À MANGER EXTENSIBLE BLACK DURO - Chêne / Noir,2550.0,,0.0,https://www.jumia.ma/kitea-table-a-manger-extensible-black-duro-chene-noir-66358251.html,https://ma.jumia.is/unsafe/fit-in/300x300/filters:fill(white)/product/15/285366/1.jpg?2844,jumia,Salle A Manger,2026-06-11 18:50:56,False,Milieu (1500-4000),jumia_1731
Table de basse 60cmx40cm,999.0,,0.0,https://www.jumia.ma/generic-table-de-basse-60cmx40cm-58208974.html,https://ma.jumia.is/unsafe/fit-in/300x300/filters:fill(white)/product/47/980285/1.jpg?6988,jumia,Salle A Manger,2026-06-11 18:51:49,False,Économique (500-1500),jumia_1736
Boite a mouchoirs artisanale en bois,90.0,,0.0,https://www.jumia.ma/boite-a-mouchoirs-artisanale-en-bois-generic-mpg925110.html,https://ma.jumia.is/unsafe/fit-in/300x300/filters:fill(white)/product/97/693983/1.jpg?5035,jumia,Salle A Manger,2026-06-11 18:51:11,False,Entrée (<500),jumia_1744
Tables basses modernes : COFFEE TABLE,189.0,299.0,37.0,https://www.jumia.ma/generic-tables-basses-modernes-coffee-table-67791081.html,https://ma.jumia.is/unsafe/fit-in/300x300/filters:fill(white)/product/18/019776/1.jpg?4815,jumia,Salle A Manger,2026-06-11 18:51:20,True,Entrée (<500),jumia_1760
Kitea Table Basse INFINITO - Noir / Marron,2495.0,3295.0,24.0,https://www.jumia.ma/kitea-table-basse-infinito-noir-marron-64611057.html,https://ma.jumia.is/unsafe/fit-in/300x300/filters:fill(white)/product/75/011646/1.jpg?3859,jumia,Salle A Manger,2026-06-11 18:51:37,True,Milieu (1500-4000),jumia_1768
Kitea Table Basse BAILEY - Chêne,995.0,1200.0,17.0,https://www.jumia.ma/generic-kitea-table-basse-bailey-chene-67587416.html,https://ma.jumia.is/unsafe/fit-in/300x300/filters:fill(white)/product/61/478576/1.jpg?9413,jumia,Salle A Manger,2026-06-11 18:51:43,True,Économique (500-1500),jumia_1771
Table basse en tronc d'arbre naturel Résistant à l'humidité,399.0,,0.0,https://www.jumia.ma/generic-table-basse-en-tronc-darbre-naturel-resistant-a-lhumidite-47128803.html,https://ma.jumia.is/unsafe/fit-in/300x300/filters:fill(white)/product/30/882174/1.jpg?9611,jumia,Salle A Manger,2026-06-11 18:51:10,False,Entrée (<500),jumia_1777
Multifonctionnels Table support de café artistique Table utilitaires Table de Lecture Table a Manger,229.0,400.0,43.0,https://www.jumia.ma/generic-multifonctionnels-table-support-de-cafe-artistique-table-utilitaires-table-de-lecture-table-a-manger-67916798.html,https://ma.jumia.is/unsafe/fit-in/300x300/filters:fill(white)/product/89/761976/1.jpg?4427,jumia,Salle A Manger,2026-06-11 18:51:28,True,Entrée (<500),jumia_1780
Kitea TABLE À MANGER NORICA - Noir / Doré,3499.0,,0.0,https://www.jumia.ma/kitea-table-a-manger-norica-noir-dore-67390601.html,https://ma.jumia.is/unsafe/fit-in/300x300/filters:fill(white)/product/10/609376/1.jpg?6794,jumia,Salle A Manger,2026-06-11 18:51:11,False,Milieu (1500-4000),jumia_1794
Kitea Set table Avec 4 Chaises STANFORD  -  Marron,4495.0,5790.0,22.0,https://www.jumia.ma/kitea-set-table-avec-4-chaises-stanford-marron-63343952.html,https://ma.jumia.is/unsafe/fit-in/300x300/filters:fill(white)/product/25/934336/1.jpg?9822,jumia,Salle A Manger,2026-06-11 18:50:39,True,Premium (4000-10k),jumia_1798
"Table console 120cm, Table d’entrée moderne, Table en verre trempé, Cadre en métal, 2 étagères, Pieds réglables, Pour salon, Couloir",1349.0,,0.0,https://www.jumia.ma/generic-table-console-120cm-table-dentree-moderne-table-en-verre-trempe-cadre-en-metal-2-etageres-pieds-reglables-pour-salon-couloir-65726882.html,https://ma.jumia.is/unsafe/fit-in/300x300/filters:fill(white)/product/28/862756/1.jpg?1423,jumia,Salle A Manger,2026-06-11 18:50:46,False,Économique (500-1500),jumia_1803
Table de basse -140cm-,699.0,1299.0,46.0,https://www.jumia.ma/generic-table-de-basse-140cm-61368287.html,https://ma.jumia.is/unsafe/fit-in/300x300/filters:fill(white)/product/78/286316/1.jpg?5124,jumia,Salle A Manger,2026-06-11 18:51:10,True,Économique (500-1500),jumia_1810
meuble tv en ois mdf moderne noyee,799.0,1100.0,27.0,https://www.jumia.ma/generic-meuble-tv-en-ois-mdf-moderne-noyee-67579320.html,https://ma.jumia.is/unsafe/fit-in/300x300/filters:fill(white)/product/02/397576/1.jpg?8216,jumia,Salle A Manger,2026-06-11 18:51:10,True,Économique (500-1500),jumia_1813
Dansmamaison.ma JULIA Chaise de salle à manger,523.0,950.0,45.0,https://www.jumia.ma/dansmamaison.ma-julia-chaise-de-salle-a-manger-67280706.html,https://ma.jumia.is/unsafe/fit-in/300x300/filters:fill(white)/product/60/708276/1.jpg?2272,jumia,Salle A Manger,2026-06-11 18:51:11,True,Économique (500-1500),jumia_1820
Dansmamaison.ma NADI Fauteuil avec accoudoirs - Noir,1350.0,,0.0,https://www.jumia.ma/dansmamaison.ma-nadi-fauteuil-avec-accoudoirs-noir-67675219.html,https://ma.jumia.is/unsafe/fit-in/300x300/filters:fill(white)/product/91/257676/1.jpg?0874,jumia,Salle A Manger,2026-06-11 18:50:58,False,Économique (500-1500),jumia_1828
Artisanat du Maroc Fauteuil artisanal en bois naturel et cuir tressé,349.0,499.0,30.0,https://www.jumia.ma/artisanat-du-maroc-fauteuil-artisanal-en-bois-naturel-et-cuir-tresse-67652092.html,https://ma.jumia.is/unsafe/fit-in/300x300/filters:fill(white)/product/29/025676/1.jpg?5863,jumia,Salle A Manger,2026-06-11 18:50:39,True,Entrée (<500),jumia_1830
148 Pcs Table Chairs Furniture Foot Pads,199.0,,0.0,https://www.jumia.ma/148-pcs-table-chairs-furniture-foot-pads-generic-mpg911465.html,https://ma.jumia.is/unsafe/fit-in/300x300/filters:fill(white)/product/41/698973/1.jpg?9161,jumia,Salle A Manger,2026-06-11 18:50:39,False,Entrée (<500),jumia_1832
Kitea Table Haute MOON Ronde - Blanc,1199.0,1359.0,12.0,https://www.jumia.ma/kitea-table-haute-moon-ronde-blanc-63959447.html,https://ma.jumia.is/unsafe/fit-in/300x300/filters:fill(white)/product/74/495936/1.jpg?2785,jumia,Salle A Manger,2026-06-11 18:51:37,True,Économique (500-1500),jumia_1834
Kitea Table basse BROLO - Marron,1690.0,,0.0,https://www.jumia.ma/kitea-table-basse-brolo-marron-63344079.html,https://ma.jumia.is/unsafe/fit-in/300x300/filters:fill(white)/product/97/044336/1.jpg?9149,jumia,Salle A Manger,2026-06-11 18:51:37,False,Milieu (1500-4000),jumia_1862
Kitea Table Basse Rotative TRAPP - Blanc Brillant,2099.0,2995.0,30.0,https://www.jumia.ma/kitea-table-basse-rotative-trapp-blanc-brillant-64124899.html,https://ma.jumia.is/unsafe/fit-in/300x300/filters:fill(white)/product/99/842146/1.jpg?2342,jumia,Salle A Manger,2026-06-11 18:50:56,True,Milieu (1500-4000),jumia_1872
Grande table rustique,699.0,1299.0,46.0,https://www.jumia.ma/generic-grande-table-rustique-65849253.html,https://ma.jumia.is/unsafe/fit-in/300x300/filters:fill(white)/product/35/294856/1.jpg?1626,jumia,Salle A Manger,2026-06-11 18:50:56,True,Économique (500-1500),jumia_1880
"Table basse d'appoint en pin, pieds ronds en métal",490.0,,0.0,https://www.jumia.ma/generic-table-basse-dappoint-en-pin-pieds-ronds-en-metal-47982064.html,https://ma.jumia.is/unsafe/fit-in/300x300/filters:fill(white)/product/46/028974/1.jpg?6861,jumia,Salle A Manger,2026-06-11 18:51:27,False,Entrée (<500),jumia_1883
Table pliable et réglable pour ordinateur portable,233.1,279.0,17.0,https://www.jumia.ma/generic-table-pliable-et-reglable-pour-ordinateur-portable-66362908.html,https://ma.jumia.is/unsafe/fit-in/300x300/filters:fill(white)/product/80/926366/1.jpg?9024,jumia,Salle A Manger,2026-06-11 18:50:48,True,Entrée (<500),jumia_1906
Table pliante R122 d'excellente qualite pour les conférences et les fetes,1259.1,1599.0,21.0,https://www.jumia.ma/generic-table-pliante-r122-dexcellente-qualite-pour-les-conferences-et-les-fetes-67161473.html,https://ma.jumia.is/unsafe/fit-in/300x300/filters:fill(white)/product/37/416176/1.jpg?0431,jumia,Salle A Manger,2026-06-11 18:51:11,True,Économique (500-1500),jumia_1908
Kitea Table Basse BALEA - Blanc,2095.0,,0.0,https://www.jumia.ma/kitea-table-basse-balea-blanc-63343475.html,https://ma.jumia.is/unsafe/fit-in/300x300/filters:fill(white)/product/57/434336/1.jpg?4565,jumia,Salle A Manger,2026-06-11 18:51:43,False,Milieu (1500-4000),jumia_1910
Dansmamaison.ma ASMA Tabouret de bar réglable – Gris noir,756.0,1250.0,40.0,https://www.jumia.ma/dansmamaison.ma-asma-tabouret-de-bar-reglable-gris-noir-67318158.html,https://ma.jumia.is/unsafe/fit-in/300x300/filters:fill(white)/product/85/181376/1.jpg?8484,jumia,Salle A Manger,2026-06-11 18:50:39,True,Économique (500-1500),jumia_1924
Kitea Table Basse TOBAGO – Chêne,999.0,1595.0,37.0,https://www.jumia.ma/kitea-table-basse-tobago-chene-62104036.html,https://ma.jumia.is/unsafe/fit-in/300x300/filters:fill(white)/product/63/040126/1.jpg?1748,jumia,Salle A Manger,2026-06-11 18:51:18,True,Économique (500-1500),jumia_1938
Kitea TABLE GIGOGNE 3 Pièces CALCUTTA - Gris / Noir,1995.0,3095.0,36.0,https://www.jumia.ma/kitea-table-gigogne-3-pieces-calcutta-gris-noir-65998343.html,https://ma.jumia.is/unsafe/fit-in/300x300/filters:fill(white)/product/34/389956/1.jpg?0587,jumia,Salle A Manger,2026-06-11 18:51:43,True,Milieu (1500-4000),jumia_1943
Table De Basse De Thé Arabe,599.0,850.0,30.0,https://www.jumia.ma/generic-table-de-basse-de-the-arabe-55905641.html,https://ma.jumia.is/unsafe/fit-in/300x300/filters:fill(white)/product/14/650955/1.jpg?1083,jumia,Salle A Manger,2026-06-11 18:51:37,True,Économique (500-1500),jumia_1947
Dansmamaison.ma MIKA Chaise de salle à manger,642.0,1100.0,42.0,https://www.jumia.ma/dansmamaison.ma-mika-chaise-de-salle-a-manger-67302485.html,https://ma.jumia.is/unsafe/fit-in/300x300/filters:fill(white)/product/58/420376/1.jpg?9803,jumia,Salle A Manger,2026-06-11 18:50:48,True,Économique (500-1500),jumia_1955
"Étagère de rangement métallique 5 niveaux avec roulettes – Organisateur solide multifonction gain de place, idéale pour optimiser votre espace au quotidien",639.0,799.0,20.0,https://www.jumia.ma/etagere-de-rangement-metallique-5-niveaux-avec-roulettes-organisateur-solide-multifonction-gain-de-place-ideale-pour-optimiser-votre-espace-au-quotidien-generic-mpg1614441.html,https://ma.jumia.is/unsafe/fit-in/300x300/filters:fill(white)/product/78/437876/1.jpg?4010,jumia,Salle A Manger,2026-06-11 18:50:48,True,Économique (500-1500),jumia_1959
"PACK de 2 Tables Pliables 1 Noire et 1 Bleue pour Plusieurs Utilisations : Table de Lit, Table à Manger, Table d'ordinateur Laptop Tablet Mini PC Tables Basses",458.58,764.3,40.0,https://www.jumia.ma/pack-de-2-tables-pliables-1-noire-et-1-bleue-pour-plusieurs-utilisations-table-de-lit-table-a-manger-table-dordinateur-laptop-tablet-mini-pc-tables-basses-generic-mpg1561186.html,https://ma.jumia.is/unsafe/fit-in/300x300/filters:fill(white)/product/31/206576/1.jpg?6933,jumia,Salle A Manger,2026-06-11 18:51:57,True,Entrée (<500),jumia_1979
"table canapé moderne, table latérale compacte",152.1,179.0,15.0,https://www.jumia.ma/generic-table-canape-moderne-table-laterale-compacte-67590190.html,https://ma.jumia.is/unsafe/fit-in/300x300/filters:fill(white)/product/09/109576/1.jpg?2823,jumia,Salle A Manger,2026-06-11 18:51:28,True,Entrée (<500),jumia_1984
"Table basse Blanc brillant 60x50x36,5 cm Bois MDF",539.0,655.0,18.0,https://www.jumia.ma/generic-table-basse-blanc-brillant-60x50x365-cm-bois-mdf-67202647.html,https://ma.jumia.is/unsafe/fit-in/300x300/filters:fill(white)/product/74/620276/1.jpg?8247,jumia,Salle A Manger,2026-06-11 18:51:37,True,Économique (500-1500),jumia_1991
Elg Table plateau pliable en bois 38*38*45 cm,650.0,1500.0,57.0,https://www.jumia.ma/elg-table-plateau-pliable-en-bois-383845-cm-67373312.html,https://ma.jumia.is/unsafe/fit-in/300x300/filters:fill(white)/product/21/337376/1.jpg?2854,jumia,Salle A Manger,2026-06-11 18:51:49,True,Économique (500-1500),jumia_1998
Table Basse Fondue Noir - Ovale - Laqué - Livrée montée,900.0,1250.0,28.0,https://www.jumia.ma/generic-table-basse-fondue-noir-ovale-laque-livree-montee-67583900.html,https://ma.jumia.is/unsafe/fit-in/300x300/filters:fill(white)/product/00/938576/1.jpg?0541,jumia,Salle A Manger,2026-06-11 18:51:49,True,Économique (500-1500),jumia_2002
Kitea TABLE BASSE WENDY - Chêne Clair,1995.0,2495.0,20.0,https://www.jumia.ma/kitea-table-basse-wendy-chene-clair-65682621.html,https://ma.jumia.is/unsafe/fit-in/300x300/filters:fill(white)/product/12/628656/1.jpg?5828,jumia,Salle A Manger,2026-06-11 18:51:43,True,Milieu (1500-4000),jumia_2016
Armoire de Rangement Portable 3 Portes - 10 Poches Intérieures. 130/45/175 cm,297.0,,0.0,https://www.jumia.ma/generic-armoire-de-rangement-portable-3-portes-10-poches-interieures.-13045175-cm-67633165.html,https://ma.jumia.is/unsafe/fit-in/300x300/filters:fill(white)/product/56/133676/1.jpg?4535,jumia,Salle A Manger,2026-06-11 18:51:20,False,Entrée (<500),jumia_2027
Coffee table 45×100 cm,675.0,999.0,32.0,https://www.jumia.ma/generic-coffee-table-45100-cm-67171123.html,https://ma.jumia.is/unsafe/fit-in/300x300/filters:fill(white)/product/32/117176/1.jpg?6048,jumia,Salle A Manger,2026-06-11 18:50:56,True,Économique (500-1500),jumia_2050
Dansmamaison.ma MIKA Chaise de salle à manger - Taupe,675.0,,0.0,https://www.jumia.ma/dansmamaison.ma-mika-chaise-de-salle-a-manger-taupe-67916434.html,https://ma.jumia.is/unsafe/fit-in/300x300/filters:fill(white)/product/43/461976/1.jpg?4174,jumia,Salle A Manger,2026-06-11 18:51:20,False,Économique (500-1500),jumia_2057
Bureau Pliable blanc utiliser pour table cuisine aussi 70/50cm,175.99,,0.0,https://www.jumia.ma/bureau-pliable-blanc-utiliser-pour-table-cuisine-aussi-7050cm-generic-mpg1479700.html,https://ma.jumia.is/unsafe/fit-in/300x300/filters:fill(white)/product/83/587283/1.jpg?3328,jumia,Salle A Manger,2026-06-11 18:51:10,False,Entrée (<500),jumia_2094
"Pompe distributrice d'eau pour bouteilles et carafes de 5L, 8L et 10L profesional",31.0,,0.0,https://www.jumia.ma/generic-pompe-distributrice-deau-pour-bouteilles-et-carafes-de-5l-8l-et-10l-profesional-67517919.html,https://ma.jumia.is/unsafe/fit-in/300x300/filters:fill(white)/product/91/971576/1.jpg?4450,jumia,Salle A Manger,2026-06-11 18:51:43,False,Entrée (<500),jumia_2097
Dansmamaison.ma CUSCO Buffet avec 3 portes et 3 tiroirs 171 cm,3950.0,,0.0,https://www.jumia.ma/dansmamaison.ma-cusco-buffet-avec-3-portes-et-3-tiroirs-171-cm-67675240.html,https://ma.jumia.is/unsafe/fit-in/300x300/filters:fill(white)/product/04/257676/1.jpg?0965,jumia,Salle A Manger,2026-06-11 18:50:58,False,Milieu (1500-4000),jumia_2105
Table Basse modern en bois MDF,900.0,1200.0,25.0,https://www.jumia.ma/generic-table-basse-modern-en-bois-mdf-67293294.html,https://ma.jumia.is/unsafe/fit-in/300x300/filters:fill(white)/product/49/239276/1.jpg?2769,jumia,Salle A Manger,2026-06-11 18:51:10,True,Économique (500-1500),jumia_2112
Kitea Table À Manger FLEMENS - Taupe / Chêne,2890.0,3395.0,15.0,https://www.jumia.ma/kitea-table-a-manger-flemens-taupe-chene-63959428.html,https://ma.jumia.is/unsafe/fit-in/300x300/filters:fill(white)/product/82/495936/1.jpg?2793,jumia,Salle A Manger,2026-06-11 18:50:48,True,Milieu (1500-4000),jumia_2134
Table Basse Beldi Blad - Mbarek,459.0,700.0,34.0,https://www.jumia.ma/generic-table-basse-beldi-blad-mbarek-63347811.html,https://ma.jumia.is/unsafe/fit-in/300x300/filters:fill(white)/product/11/874336/1.jpg?5485,jumia,Salle A Manger,2026-06-11 18:51:27,True,Entrée (<500),jumia_2137
Ensemble Podium Tables basses - 90x35x60cm + 85x40x30cm - Noir,950.0,1250.0,24.0,https://www.jumia.ma/generic-ensemble-podium-tables-basses-90x35x60cm-85x40x30cm-noir-67583062.html,https://ma.jumia.is/unsafe/fit-in/300x300/filters:fill(white)/product/26/038576/1.jpg?5797,jumia,Salle A Manger,2026-06-11 18:51:49,True,Économique (500-1500),jumia_2145
Coffee table blanc 50×100 cm,1250.0,1700.0,27.0,https://www.jumia.ma/generic-coffee-table-blanc-50100-cm-67171121.html,https://ma.jumia.is/unsafe/fit-in/300x300/filters:fill(white)/product/12/117176/1.jpg?6047,jumia,Salle A Manger,2026-06-11 18:51:49,True,Économique (500-1500),jumia_2153
Bout de Canapé Rond Sable Clair Ø47cm Table d'Appoint Moderne en Acier et Polypropylène Design Scandinave,295.0,383.5,23.0,https://www.jumia.ma/generic-bout-de-canape-rond-sable-clair-o47cm-table-dappoint-moderne-en-acier-et-polypropylene-design-scandinave-67639359.html,https://ma.jumia.is/unsafe/fit-in/300x300/filters:fill(white)/product/95/393676/1.jpg?2803,jumia,Salle A Manger,2026-06-11 18:50:56,True,Entrée (<500),jumia_2158
set 2 table basse ensemble - Ballare - RKHAMI - 90x35x60cm - 60x40x40cm - Monté,949.0,1200.0,21.0,https://www.jumia.ma/generic-set-2-table-basse-ensemble-ballare-rkhami-90x35x60cm-60x40x40cm-monte-67284418.html,https://ma.jumia.is/unsafe/fit-in/300x300/filters:fill(white)/product/81/448276/1.jpg?4129,jumia,Salle A Manger,2026-06-11 18:51:10,True,Économique (500-1500),jumia_2174
Dansmamaison.ma ENOLA Fauteuil de bureau -Noir,1375.0,,0.0,https://www.jumia.ma/dansmamaison.ma-enola-fauteuil-de-bureau-noir-67916927.html,https://ma.jumia.is/unsafe/fit-in/300x300/filters:fill(white)/product/72/961976/1.jpg?4650,jumia,Salle A Manger,2026-06-11 18:51:20,False,Économique (500-1500),jumia_2180
Table Basse en bois MDF moderne et élégante,900.0,1300.0,31.0,https://www.jumia.ma/generic-table-basse-en-bois-mdf-moderne-et-elegante-67293327.html,https://ma.jumia.is/unsafe/fit-in/300x300/filters:fill(white)/product/72/339276/1.jpg?2821,jumia,Salle A Manger,2026-06-11 18:51:10,True,Économique (500-1500),jumia_2181
Kitea TABLE BASSE NORICA 1 TIROIR - Noir / Doré,2499.0,,0.0,https://www.jumia.ma/kitea-table-basse-norica-1-tiroir-noir-dore-67390597.html,https://ma.jumia.is/unsafe/fit-in/300x300/filters:fill(white)/product/79/509376/1.jpg?6541,jumia,Salle A Manger,2026-06-11 18:51:49,False,Milieu (1500-4000),jumia_2183
Table basse,449.0,699.0,36.0,https://www.jumia.ma/table-basse-generic-mpg1361095.html,https://ma.jumia.is/unsafe/fit-in/300x300/filters:fill(white)/product/46/609625/1.jpg?4669,jumia,Salle A Manger,2026-06-11 18:51:27,True,Entrée (<500),jumia_2188
Dansmamaison.ma MYA Fauteuil de bureau,1750.0,,0.0,https://www.jumia.ma/dansmamaison.ma-mya-fauteuil-de-bureau-67916979.html,https://ma.jumia.is/unsafe/fit-in/300x300/filters:fill(white)/product/97/961976/1.jpg?4755,jumia,Salle A Manger,2026-06-11 18:51:20,False,Milieu (1500-4000),jumia_2192
Dansmamaison.ma DARA Chaise de salle a manger - Gris,1550.0,,0.0,https://www.jumia.ma/dansmamaison.ma-dara-chaise-de-salle-a-manger-gris-67675229.html,https://ma.jumia.is/unsafe/fit-in/300x300/filters:fill(white)/product/92/257676/1.jpg?0879,jumia,Salle A Manger,2026-06-11 18:50:48,False,Milieu (1500-4000),jumia_2199
Kitea BUFFET BLACK DURO 4 Portes + 2 Tiroirs - Chêne / Noir,3699.0,,0.0,https://www.jumia.ma/kitea-buffet-black-duro-4-portes-2-tiroirs-chene-noir-66358259.html,https://ma.jumia.is/unsafe/fit-in/300x300/filters:fill(white)/product/95/285366/1.jpg?6933,jumia,Salle A Manger,2026-06-11 18:50:48,False,Milieu (1500-4000),jumia_2217
Grand Piédestal Décoratif 35xH60cm - Couleur BEIGE/SABLE - Support de Plante Haut - Style Minimaliste & Scandi,905.0,1176.5,23.0,https://www.jumia.ma/generic-grand-piedestal-decoratif-35xh60cm-couleur-beigesable-support-de-plante-haut-style-minimaliste-scandi-67346852.html,https://ma.jumia.is/unsafe/fit-in/300x300/filters:fill(white)/product/25/864376/1.jpg?4411,jumia,Salle A Manger,2026-06-11 18:51:43,True,Économique (500-1500),jumia_2220
Kitea Table à Manger OSLO Extensible avec piètement Noir - Noyer Clair,2599.0,,0.0,https://www.jumia.ma/kitea-table-a-manger-oslo-extensible-avec-pietement-noir-noyer-clair-65760163.html,https://ma.jumia.is/unsafe/fit-in/300x300/filters:fill(white)/product/36/106756/1.jpg?0167,jumia,Salle A Manger,2026-06-11 18:51:10,False,Milieu (1500-4000),jumia_2232
Table Basse Noyer - Bohi,320.0,450.0,29.0,https://www.jumia.ma/generic-table-basse-noyer-bohi-64404335.html,https://ma.jumia.is/unsafe/fit-in/300x300/filters:fill(white)/product/53/340446/1.jpg?0811,jumia,Salle A Manger,2026-06-11 18:51:27,True,Entrée (<500),jumia_2234
Kitea Table basse HEAVEN 82x40cm - Beige,1795.0,2195.0,18.0,https://www.jumia.ma/kitea-table-basse-heaven-82x40cm-beige-63344033.html,https://ma.jumia.is/unsafe/fit-in/300x300/filters:fill(white)/product/33/044336/1.jpg?9815,jumia,Salle A Manger,2026-06-11 18:51:37,True,Milieu (1500-4000),jumia_2237
Kitea Table Basse LIONTE - Blanc,2259.0,2699.0,16.0,https://www.jumia.ma/kitea-table-basse-lionte-blanc-65980472.html,https://ma.jumia.is/unsafe/fit-in/300x300/filters:fill(white)/product/27/408956/1.jpg?5166,jumia,Salle A Manger,2026-06-11 18:51:43,True,Milieu (1500-4000),jumia_2254
Table piédestal artisanale en bois de thuya,650.0,1200.0,46.0,https://www.jumia.ma/generic-table-piedestal-artisanale-en-bois-de-thuya-67639535.html,https://ma.jumia.is/unsafe/fit-in/300x300/filters:fill(white)/product/53/593676/1.jpg?6909,jumia,Salle A Manger,2026-06-11 18:51:49,True,Économique (500-1500),jumia_2258
Foldable and adjustable laptop table,170.1,199.0,15.0,https://www.jumia.ma/generic-foldable-and-adjustable-laptop-table-66585945.html,https://ma.jumia.is/unsafe/fit-in/300x300/filters:fill(white)/product/54/958566/1.jpg?8930,jumia,Salle A Manger,2026-06-11 18:50:58,True,Entrée (<500),jumia_2267
Table ronde élégante WOOD & RESIN _ 50*50CM,590.0,750.0,21.0,https://www.jumia.ma/generic-table-ronde-elegante-wood-resin-5050cm-65761320.html,https://ma.jumia.is/unsafe/fit-in/300x300/filters:fill(white)/product/02/316756/1.jpg?2582,jumia,Salle A Manger,2026-06-11 18:51:18,True,Économique (500-1500),jumia_2271
"Plateau de Lit Pliable pour Petit-Déjeuner en Bois de Bambou, avec poignée et Pieds de Table pliants, Plateau pour Ordinateur Portable, table de pique-nique extérieure",139.0,299.0,54.0,https://www.jumia.ma/generic-plateau-de-lit-pliable-pour-petit-dejeuner-en-bois-de-bambou-avec-poignee-et-pieds-de-table-pliants-plateau-pour-ordinateur-portable-table-de-pique-nique-exterieure-66286953.html,https://ma.jumia.is/unsafe/fit-in/300x300/filters:fill(white)/product/35/968266/1.jpg?9847,jumia,Salle A Manger,2026-06-11 18:50:39,True,Entrée (<500),jumia_2282
Kitea Table basse ALCANO - Marron,1695.0,,0.0,https://www.jumia.ma/kitea-table-basse-alcano-marron-63343533.html,https://ma.jumia.is/unsafe/fit-in/300x300/filters:fill(white)/product/33/534336/1.jpg?9675,jumia,Salle A Manger,2026-06-11 18:51:10,False,Milieu (1500-4000),jumia_2289
"162Pcs/ Kinee Scratch Autocollant Rond, 600 Paires 10mm Adhésif Rond",130.0,,0.0,https://www.jumia.ma/162pcs-kinee-scratch-autocollant-rond-600-paires-10mm-adhesif-rond-generic-mpg911470.html,https://ma.jumia.is/unsafe/fit-in/300x300/filters:fill(white)/product/80/698973/1.jpg?9162,jumia,Salle A Manger,2026-06-11 18:50:58,False,Entrée (<500),jumia_2294
Table canapé,499.0,799.0,38.0,https://www.jumia.ma/generic-table-canape-52277112.html,https://ma.jumia.is/unsafe/fit-in/300x300/filters:fill(white)/product/21/177225/1.jpg?1378,jumia,Salle A Manger,2026-06-11 18:51:49,True,Entrée (<500),jumia_2317
Chaise pliante gris pour petit espace– Confort Idéale pour la cuisine et les événements,289.0,375.7,23.0,https://www.jumia.ma/generic-chaise-pliante-gris-pour-petit-espace-confort-ideale-pour-la-cuisine-et-les-evenements-67122243.html,https://ma.jumia.is/unsafe/fit-in/300x300/filters:fill(white)/product/34/222176/1.jpg?2955,jumia,Salle A Manger,2026-06-11 18:51:11,True,Entrée (<500),jumia_2322
Table tranche d'arbre,449.0,599.0,25.0,https://www.jumia.ma/generic-table-tranche-darbre-65810086.html,https://ma.jumia.is/unsafe/fit-in/300x300/filters:fill(white)/product/68/001856/1.jpg?7609,jumia,Salle A Manger,2026-06-11 18:51:49,True,Entrée (<500),jumia_2330
"Decorat Rylia, Chaise de table à manger Antitache Premium",1250.0,1799.0,31.0,https://www.jumia.ma/decorat-rylia-chaise-de-table-a-manger-antitache-premium-67426243.html,https://ma.jumia.is/unsafe/fit-in/300x300/filters:fill(white)/product/34/262476/1.jpg?7040,jumia,Salle A Manger,2026-06-11 18:51:11,True,Économique (500-1500),jumia_2342
Table Basse Noyer - Boouh,340.0,450.0,24.0,https://www.jumia.ma/generic-table-basse-noyer-boouh-64553635.html,https://ma.jumia.is/unsafe/fit-in/300x300/filters:fill(white)/product/53/635546/1.jpg?4368,jumia,Salle A Manger,2026-06-11 18:51:27,True,Entrée (<500),jumia_2346
"Minimaliste, chic et ultra pratique au quotidien",230.51,399.0,42.0,https://www.jumia.ma/generic-minimaliste-chic-et-ultra-pratique-au-quotidien-67881045.html,https://ma.jumia.is/unsafe/fit-in/300x300/filters:fill(white)/product/54/018876/1.jpg?9276,jumia,Salle A Manger,2026-06-11 18:51:43,True,Entrée (<500),jumia_2349
Decorat Marbella – Table basse Gigogne en Marbre Blanc Ibiza,2999.0,,0.0,https://www.jumia.ma/decorat-marbella-table-basse-gigogne-en-marbre-blanc-ibiza-67426247.html,https://ma.jumia.is/unsafe/fit-in/300x300/filters:fill(white)/product/74/262476/1.jpg?2503,jumia,Salle A Manger,2026-06-11 18:51:18,False,Milieu (1500-4000),jumia_2351
Coffee table 120x60cm,799.0,1500.0,47.0,https://www.jumia.ma/generic-coffee-table-120x60cm-67171118.html,https://ma.jumia.is/unsafe/fit-in/300x300/filters:fill(white)/product/81/117176/1.jpg?6042,jumia,Salle A Manger,2026-06-11 18:51:37,True,Économique (500-1500),jumia_2355
Ensemble Podium Tables basses - 90x35x60cm + 85x40x30cm - Chene,950.0,1250.0,24.0,https://www.jumia.ma/generic-ensemble-podium-tables-basses-90x35x60cm-85x40x30cm-chene-67271490.html,https://ma.jumia.is/unsafe/fit-in/300x300/filters:fill(white)/product/09/417276/1.jpg?0511,jumia,Salle A Manger,2026-06-11 18:51:18,True,Économique (500-1500),jumia_2363
Kitea TABLE BASSE BLACK DURO Avec Plateau Relevable - Chêne / Noir,1899.0,,0.0,https://www.jumia.ma/kitea-table-basse-black-duro-avec-plateau-relevable-chene-noir-66308758.html,https://ma.jumia.is/unsafe/fit-in/300x300/filters:fill(white)/product/85/780366/1.jpg?7315,jumia,Salle A Manger,2026-06-11 18:51:37,False,Milieu (1500-4000),jumia_2371
Dansmamaison.ma LAURE Fauteuil en tissus bouclette - Terracotta,1300.0,,0.0,https://www.jumia.ma/dansmamaison.ma-laure-fauteuil-en-tissus-bouclette-terracotta-67916965.html,https://ma.jumia.is/unsafe/fit-in/300x300/filters:fill(white)/product/56/961976/1.jpg?4731,jumia,Salle A Manger,2026-06-11 18:51:20,False,Économique (500-1500),jumia_2380
"Tables sur pied Bureau d'ordinateur mobile relevable, table de chevet, étudiant, écriture, ménage, simple, dortoir, paresseux,Tables utilitaires",219.0,450.0,51.0,https://www.jumia.ma/generic-tables-sur-pied-bureau-dordinateur-mobile-relevable-table-de-chevet-etudiant-ecriture-menage-simple-dortoir-paresseuxtables-utilitaires-66017763.html,https://ma.jumia.is/unsafe/fit-in/300x300/filters:fill(white)/product/36/771066/1.jpg?2340,jumia,Salle A Manger,2026-06-11 18:51:10,True,Entrée (<500),jumia_2381
Chaise style scandinave – Parfaite pour la salle à manger,845.0,1098.5,23.0,https://www.jumia.ma/generic-chaise-style-scandinave-parfaite-pour-la-salle-a-manger-67122450.html,https://ma.jumia.is/unsafe/fit-in/300x300/filters:fill(white)/product/05/422176/1.jpg?0162,jumia,Salle A Manger,2026-06-11 18:50:39,True,Économique (500-1500),jumia_2383
Table de basse 70cm,399.0,599.0,33.0,https://www.jumia.ma/generic-table-de-basse-70cm-50632037.html,https://ma.jumia.is/unsafe/fit-in/300x300/filters:fill(white)/product/73/023605/1.jpg?1040,jumia,Salle A Manger,2026-06-11 18:50:56,True,Entrée (<500),jumia_2385
Dansmamaison.ma ENOLA Fauteuil visiteur - NOIR,1050.0,,0.0,https://www.jumia.ma/dansmamaison.ma-enola-fauteuil-visiteur-noir-67916710.html,https://ma.jumia.is/unsafe/fit-in/300x300/filters:fill(white)/product/01/761976/1.jpg?4303,jumia,Salle A Manger,2026-06-11 18:50:58,False,Économique (500-1500),jumia_2394
Kitea Table De Coin Heaven Verre Transparent Argent,1395.0,1995.0,30.0,https://www.jumia.ma/kitea-table-de-coin-heaven-verre-transparent-argent-67709814.html,https://ma.jumia.is/unsafe/fit-in/300x300/filters:fill(white)/product/41/890776/1.jpg?7314,jumia,Salle A Manger,2026-06-11 18:51:18,True,Économique (500-1500),jumia_2396
Dansmamaison.ma IMANE Chaise en tissus bouclette – Gris foncé,879.0,1450.0,39.0,https://www.jumia.ma/dansmamaison.ma-imane-chaise-en-tissus-bouclette-gris-fonce-67308326.html,https://ma.jumia.is/unsafe/fit-in/300x300/filters:fill(white)/product/62/380376/1.jpg?4326,jumia,Salle A Manger,2026-06-11 18:51:20,True,Économique (500-1500),jumia_2399
Fores KIRA Desserte avec 2 portes et 1 tiroir,1421.0,1750.0,19.0,https://www.jumia.ma/fores-kira-desserte-avec-2-portes-et-1-tiroir-64027674.html,https://ma.jumia.is/unsafe/fit-in/300x300/filters:fill(white)/product/47/672046/1.jpg?7980,jumia,Salle A Manger,2026-06-11 18:50:48,True,Économique (500-1500),jumia_2401
Kitea Table à manger Extensible VODOL - Beige / Noir,3190.0,3990.0,20.0,https://www.jumia.ma/kitea-table-a-manger-extensible-vodol-beige-noir-65589051.html,https://ma.jumia.is/unsafe/fit-in/300x300/filters:fill(white)/product/15/098556/1.jpg?5347,jumia,Salle A Manger,2026-06-11 18:51:10,True,Milieu (1500-4000),jumia_2410
Table Basse Beldi Blad,429.0,700.0,39.0,https://www.jumia.ma/generic-table-basse-beldi-blad-56719385.html,https://ma.jumia.is/unsafe/fit-in/300x300/filters:fill(white)/product/58/391765/1.jpg?9254,jumia,Salle A Manger,2026-06-11 18:50:46,True,Entrée (<500),jumia_2424
Kitea TABLE à MANGER EXTENSIBLE DEDELOS - Marron / Beige,2499.0,,0.0,https://www.jumia.ma/kitea-table-a-manger-extensible-dedelos-marron-beige-66308675.html,https://ma.jumia.is/unsafe/fit-in/300x300/filters:fill(white)/product/57/680366/1.jpg?0725,jumia,Salle A Manger,2026-06-11 18:51:49,False,Milieu (1500-4000),jumia_2427
Table d’Appoint Design Dorée avec Base doré Élégance Moderne pour Salon,900.0,,0.0,https://www.jumia.ma/generic-table-dappoint-design-doree-avec-base-dore-elegance-moderne-pour-salon-67659592.html,https://ma.jumia.is/unsafe/fit-in/300x300/filters:fill(white)/product/29/595676/1.jpg?2487,jumia,Salle A Manger,2026-06-11 18:50:56,False,Économique (500-1500),jumia_2433
Double tables rustique,799.0,999.0,20.0,https://www.jumia.ma/generic-double-tables-rustique-64036048.html,https://ma.jumia.is/unsafe/fit-in/300x300/filters:fill(white)/product/84/063046/1.jpg?8724,jumia,Salle A Manger,2026-06-11 18:51:49,True,Économique (500-1500),jumia_2440
Meuble cuisine  Luna,1800.0,2499.0,28.0,https://www.jumia.ma/generic-meuble-cuisine-luna-67844487.html,https://ma.jumia.is/unsafe/fit-in/300x300/filters:fill(white)/product/78/444876/1.jpg?8754,jumia,Salle A Manger,2026-06-11 18:50:48,True,Milieu (1500-4000),jumia_2444
Kitea Table À Manger WILMA  - Chêne,1495.0,2090.0,29.0,https://www.jumia.ma/kitea-table-a-manger-wilma-chene-63343578.html,https://ma.jumia.is/unsafe/fit-in/300x300/filters:fill(white)/product/87/534336/1.jpg?9666,jumia,Salle A Manger,2026-06-11 18:50:39,True,Économique (500-1500),jumia_2446
Table pliante d'excellente qualite pour les conférences et les fete,1399.0,1599.0,13.0,https://www.jumia.ma/generic-table-pliante-dexcellente-qualite-pour-les-conferences-et-les-fete-67161478.html,https://ma.jumia.is/unsafe/fit-in/300x300/filters:fill(white)/product/87/416176/1.jpg?1079,jumia,Salle A Manger,2026-06-11 18:50:48,True,Économique (500-1500),jumia_2455
Dansmamaison.ma LILY Chaise en tissus bouclette – Terracotta,950.0,,0.0,https://www.jumia.ma/dansmamaison.ma-lily-chaise-en-tissus-bouclette-terracotta-67917001.html,https://ma.jumia.is/unsafe/fit-in/300x300/filters:fill(white)/product/10/071976/1.jpg?4813,jumia,Salle A Manger,2026-06-11 18:50:39,False,Économique (500-1500),jumia_2459
"table de base moderne, table de nuit, Live Edge",550.0,,0.0,https://www.jumia.ma/generic-table-de-base-moderne-table-de-nuit-live-edge-52579025.html,https://ma.jumia.is/unsafe/fit-in/300x300/filters:fill(white)/product/52/097525/1.jpg?1258,jumia,Salle A Manger,2026-06-11 18:51:27,False,Économique (500-1500),jumia_2468
Kitea TABLE BASSE AJUSTABLE CORTADO ARTISAN OAK - Beige,2295.0,4249.0,46.0,https://www.jumia.ma/kitea-table-basse-ajustable-cortado-artisan-oak-beige-66178115.html,https://ma.jumia.is/unsafe/fit-in/300x300/filters:fill(white)/product/51/187166/1.jpg?6747,jumia,Salle A Manger,2026-06-11 18:51:37,True,Milieu (1500-4000),jumia_2473
PACK 2 Tables Pliable 1 Noir ET 1 Bleu Pleusieurs Utilisations Table De Lit Table a Manger Table d'ordinateur laptop tablet Mini PC Tables Basses,343.5,572.5,40.0,https://www.jumia.ma/pack-2-tables-pliable-1-noir-et-1-bleu-pleusieurs-utilisations-table-de-lit-table-a-manger-table-dordinateur-laptop-tablet-mini-pc-tables-basses-generic-mpg1561748.html,https://ma.jumia.is/unsafe/fit-in/300x300/filters:fill(white)/product/55/206576/1.jpg?6958,jumia,Salle A Manger,2026-06-11 18:51:49,True,Entrée (<500),jumia_2485
Table de Camping Pliante en Aluminium 70x70 cm – Table Carrée Portable avec Plateau Enroulable et Sac de Transport – Idéale pour 4 Personnes,239.0,349.0,32.0,https://www.jumia.ma/generic-table-de-camping-pliante-en-aluminium-70x70-cm-table-carree-portable-avec-plateau-enroulable-et-sac-de-transport-ideale-pour-4-personnes-67840621.html,https://ma.jumia.is/unsafe/fit-in/300x300/filters:fill(white)/product/12/604876/1.jpg?7656,jumia,Salle A Manger,2026-06-11 18:50:48,True,Entrée (<500),jumia_2495
Table console Table d’Appoint Table d'entrée contemporain,550.0,,0.0,https://www.jumia.ma/generic-table-console-table-dappoint-table-dentree-contemporain-48319217.html,https://ma.jumia.is/unsafe/fit-in/300x300/filters:fill(white)/product/71/291384/1.jpg?4634,jumia,Salle A Manger,2026-06-11 18:50:46,False,Économique (500-1500),jumia_2503
Dansmamaison.ma OSLO Chaise style scandinave - Gris Foncé,452.0,675.0,33.0,https://www.jumia.ma/dansmamaison.ma-oslo-chaise-style-scandinave-gris-fonce-67307134.html,https://ma.jumia.is/unsafe/fit-in/300x300/filters:fill(white)/product/43/170376/1.jpg?0461,jumia,Salle A Manger,2026-06-11 18:50:39,True,Entrée (<500),jumia_2507
Kitea Table de coin URANUS en verre Noir,1195.0,1999.0,40.0,https://www.jumia.ma/kitea-table-de-coin-uranus-en-verre-noir-65807527.html,https://ma.jumia.is/unsafe/fit-in/300x300/filters:fill(white)/product/72/570856/1.jpg?5781,jumia,Salle A Manger,2026-06-11 18:51:18,True,Économique (500-1500),jumia_2519
Dansmamaison.ma ASMA Tabouret de bar réglable - Marron,756.0,1250.0,40.0,https://www.jumia.ma/dansmamaison.ma-asma-tabouret-de-bar-reglable-marron-67302490.html,https://ma.jumia.is/unsafe/fit-in/300x300/filters:fill(white)/product/09/420376/1.jpg?9807,jumia,Salle A Manger,2026-06-11 18:50:39,True,Économique (500-1500),jumia_2522
Kitea Table Basse RESPECT - Noyer / Gris,2499.0,,0.0,https://www.jumia.ma/kitea-table-basse-respect-noyer-gris-64611055.html,https://ma.jumia.is/unsafe/fit-in/300x300/filters:fill(white)/product/55/011646/1.jpg?3859,jumia,Salle A Manger,2026-06-11 18:51:57,False,Milieu (1500-4000),jumia_2544
Table Basse Fondue CHENE ET NOIR EN BOIS MDF - Ovale - Laqué - Livrée montée,900.0,1250.0,28.0,https://www.jumia.ma/generic-table-basse-fondue-chene-et-noir-en-bois-mdf-ovale-laque-livree-montee-67583166.html,https://ma.jumia.is/unsafe/fit-in/300x300/filters:fill(white)/product/66/138576/1.jpg?5863,jumia,Salle A Manger,2026-06-11 18:51:49,True,Économique (500-1500),jumia_2551
Kitea TABLE BASSE BUSAN - Chêne,995.0,1695.0,41.0,https://www.jumia.ma/kitea-table-basse-busan-chene-65702143.html,https://ma.jumia.is/unsafe/fit-in/300x300/filters:fill(white)/product/34/120756/1.jpg?9388,jumia,Salle A Manger,2026-06-11 18:50:46,True,Économique (500-1500),jumia_2555
Design unique en forme de courbe pour un style raffiné,230.51,399.0,42.0,https://www.jumia.ma/generic-design-unique-en-forme-de-courbe-pour-un-style-raffine-67881047.html,https://ma.jumia.is/unsafe/fit-in/300x300/filters:fill(white)/product/74/018876/1.jpg?9278,jumia,Salle A Manger,2026-06-11 18:51:57,True,Entrée (<500),jumia_2558
Dansmamaison.ma ARUS Chaise de salle a manger - Gris,750.0,,0.0,https://www.jumia.ma/dansmamaison.ma-arus-chaise-de-salle-a-manger-gris-67675226.html,https://ma.jumia.is/unsafe/fit-in/300x300/filters:fill(white)/product/62/257676/1.jpg?0878,jumia,Salle A Manger,2026-06-11 18:51:20,False,Économique (500-1500),jumia_2571
Kitea Table basse Monaco – 80 × 80 × 44 cm,1395.0,,0.0,https://www.jumia.ma/kitea-table-basse-monaco-80-80-44-cm-67891158.html,https://ma.jumia.is/unsafe/fit-in/300x300/filters:fill(white)/product/85/119876/1.jpg?1039,jumia,Salle A Manger,2026-06-11 18:51:43,False,Économique (500-1500),jumia_2572
Dimensions ouvert Diam.152 x H.74 cm Matière Structure : En acier finition peinture époxy Gris. Matière Plateau : Polyéthylène Haute Densité (PEHD). Epaisseur Plateau : 4 cm Couleur Pieds : Gris Couleur Plateau : gris Charge maximum supportée : 150 kg,1699.0,,0.0,https://www.jumia.ma/generic-dimensions-ouvert-diam.152-x-h.74-cm-matiere-structure-en-acier-finition-peinture-epoxy-gris.-matiere-plateau-polyethylene-haute-densite-pehd.-epaisseur-plateau-4-cm-couleur-pieds-gris-couleur-plateau-gris-charge-maximum-supportee-150-kg-67161641.html,https://ma.jumia.is/unsafe/fit-in/300x300/filters:fill(white)/product/14/616176/1.jpg?3752,jumia,Salle A Manger,2026-06-11 18:51:11,False,Milieu (1500-4000),jumia_2578
Bureau Pliable blanc utiliser pour table cuisine aussi 80/50cm,179.0,299.0,40.0,https://www.jumia.ma/bureau-pliable-blanc-utiliser-pour-table-cuisine-aussi-8050cm-generic-mpg1530514.html,https://ma.jumia.is/unsafe/fit-in/300x300/filters:fill(white)/product/61/491944/1.jpg?3869,jumia,Salle A Manger,2026-06-11 18:50:46,True,Entrée (<500),jumia_2588
Table de travail pour enfant table pour pc en lit,99.0,,0.0,https://www.jumia.ma/generic-table-de-travail-pour-enfant-table-pour-pc-en-lit-37391506.html,https://ma.jumia.is/unsafe/fit-in/300x300/filters:fill(white)/product/60/519373/1.jpg?8872,jumia,Salle A Manger,2026-06-11 18:50:48,False,Entrée (<500),jumia_2590
Dansmamaison.ma LARA Chaise de salle à manger,547.0,1100.0,50.0,https://www.jumia.ma/dansmamaison.ma-lara-chaise-de-salle-a-manger-67293794.html,https://ma.jumia.is/unsafe/fit-in/300x300/filters:fill(white)/product/49/739276/1.jpg?5154,jumia,Salle A Manger,2026-06-11 18:50:39,True,Économique (500-1500),jumia_2594
Table de canapé noir,499.0,785.0,36.0,https://www.jumia.ma/generic-table-de-canape-noir-57084667.html,https://ma.jumia.is/unsafe/fit-in/300x300/filters:fill(white)/product/76/648075/1.jpg?6264,jumia,Salle A Manger,2026-06-11 18:51:57,True,Entrée (<500),jumia_2619
Table d’appoint carrée en bois avec étagère de rangement,323.1,550.0,41.0,https://www.jumia.ma/generic-table-dappoint-carree-en-bois-avec-etagere-de-rangement-67344890.html,https://ma.jumia.is/unsafe/fit-in/300x300/filters:fill(white)/product/09/844376/1.jpg?2180,jumia,Salle A Manger,2026-06-11 18:51:10,True,Entrée (<500),jumia_2645
Dansmamaison.ma LAURE Fauteuil en tissus bouclette - Beige,1300.0,,0.0,https://www.jumia.ma/dansmamaison.ma-laure-fauteuil-en-tissus-bouclette-beige-67916717.html,https://ma.jumia.is/unsafe/fit-in/300x300/filters:fill(white)/product/71/761976/1.jpg?4310,jumia,Salle A Manger,2026-06-11 18:51:11,False,Économique (500-1500),jumia_2648
Kitea Table À Manger SAINT TROPEZ - Blanc Brillant,2995.0,3250.0,8.0,https://www.jumia.ma/kitea-table-a-manger-saint-tropez-blanc-brillant-63959430.html,https://ma.jumia.is/unsafe/fit-in/300x300/filters:fill(white)/product/03/495936/1.jpg?2793,jumia,Salle A Manger,2026-06-11 18:50:48,True,Milieu (1500-4000),jumia_2651
Multifonctionnels Table d'appoint support de café artistique Table utilitaires Table de Lecture Table a Manger,229.0,400.0,43.0,https://www.jumia.ma/generic-multifonctionnels-table-dappoint-support-de-cafe-artistique-table-utilitaires-table-de-lecture-table-a-manger-67911965.html,https://ma.jumia.is/unsafe/fit-in/300x300/filters:fill(white)/product/56/911976/1.jpg?0010,jumia,Salle A Manger,2026-06-11 18:51:11,True,Entrée (<500),jumia_2659
"Live Edge Coffee Table, Round Coffee Table",390.0,450.0,13.0,https://www.jumia.ma/generic-live-edge-coffee-table-round-coffee-table-63134948.html,https://ma.jumia.is/unsafe/fit-in/300x300/filters:fill(white)/product/84/943136/1.jpg?5684,jumia,Salle A Manger,2026-06-11 18:51:37,True,Entrée (<500),jumia_2672
Bistro Chaise en tube double en aluminium finition bois,899.0,,0.0,https://www.jumia.ma/bistro-chaise-en-tube-double-en-aluminium-finition-bois-65796192.html,https://ma.jumia.is/unsafe/fit-in/300x300/filters:fill(white)/product/29/169756/1.jpg?8190,jumia,Salle A Manger,2026-06-11 18:50:48,False,Économique (500-1500),jumia_2682
Dansmamaison.ma IRIS Table ronde tulipe en pierre frittée 80 cm – Noir ( sans les chaises ),1350.0,,0.0,https://www.jumia.ma/dansmamaison.ma-iris-table-ronde-tulipe-en-pierre-frittee-80-cm-noir-sans-les-chaises-67917030.html,https://ma.jumia.is/unsafe/fit-in/300x300/filters:fill(white)/product/03/071976/1.jpg?4858,jumia,Salle A Manger,2026-06-11 18:50:48,False,Économique (500-1500),jumia_2687
Coffee table 100x50cm,1299.0,1700.0,24.0,https://www.jumia.ma/generic-coffee-table-100x50cm-67171117.html,https://ma.jumia.is/unsafe/fit-in/300x300/filters:fill(white)/product/71/117176/1.jpg?6042,jumia,Salle A Manger,2026-06-11 18:50:56,True,Économique (500-1500),jumia_2691
Table console étroite console rustique,450.0,,0.0,https://www.jumia.ma/generic-table-console-etroite-console-rustique-52277651.html,https://ma.jumia.is/unsafe/fit-in/300x300/filters:fill(white)/product/15/677225/1.jpg?3600,jumia,Salle A Manger,2026-06-11 18:50:46,False,Entrée (<500),jumia_2693
Kitea Console WILMA - Chêne,995.0,1050.0,5.0,https://www.jumia.ma/kitea-console-wilma-chene-65807636.html,https://ma.jumia.is/unsafe/fit-in/300x300/filters:fill(white)/product/63/670856/1.jpg?5796,jumia,Salle A Manger,2026-06-11 18:50:46,True,Économique (500-1500),jumia_2715
meuble TV en bois MDF moderne noyer,850.0,1100.0,23.0,https://www.jumia.ma/generic-meuble-tv-en-bois-mdf-moderne-noyer-67293306.html,https://ma.jumia.is/unsafe/fit-in/300x300/filters:fill(white)/product/60/339276/1.jpg?2808,jumia,Salle A Manger,2026-06-11 18:51:18,True,Économique (500-1500),jumia_2721
Table d'appoint d'arbre naturel,499.0,599.0,17.0,https://www.jumia.ma/generic-table-dappoint-darbre-naturel-65152344.html,https://ma.jumia.is/unsafe/fit-in/300x300/filters:fill(white)/product/44/325156/1.jpg?1407,jumia,Salle A Manger,2026-06-11 18:51:37,True,Entrée (<500),jumia_2725
Table en épingle à cheveux en chêne ébène - SELENA,399.0,700.0,43.0,https://www.jumia.ma/generic-table-en-epingle-a-cheveux-en-chene-ebene-selena-53896998.html,https://ma.jumia.is/unsafe/fit-in/300x300/filters:fill(white)/product/89/969835/1.jpg?5893,jumia,Salle A Manger,2026-06-11 18:51:49,True,Entrée (<500),jumia_2729
Table basse en bois - Gray,490.0,650.0,25.0,https://www.jumia.ma/generic-table-basse-en-bois-gray-54735984.html,https://ma.jumia.is/unsafe/fit-in/300x300/filters:fill(white)/product/48/953745/1.jpg?1125,jumia,Salle A Manger,2026-06-11 18:51:57,True,Entrée (<500),jumia_2734
Kitea Table à Manger Extensible LEWISVILLE - Beige / Crème,2990.0,3990.0,25.0,https://www.jumia.ma/kitea-table-a-manger-extensible-lewisville-beige-creme-65756096.html,https://ma.jumia.is/unsafe/fit-in/300x300/filters:fill(white)/product/69/065756/1.jpg?4755,jumia,Salle A Manger,2026-06-11 18:51:27,True,Milieu (1500-4000),jumia_2738
Dansmamaison.ma Lot de 4 chaises Oslo - vert,1611.0,2400.0,33.0,https://www.jumia.ma/dansmamaison.ma-lot-de-4-chaises-oslo-vert-67302386.html,https://ma.jumia.is/unsafe/fit-in/300x300/filters:fill(white)/product/68/320376/1.jpg?5864,jumia,Salle A Manger,2026-06-11 18:50:48,True,Milieu (1500-4000),jumia_2742
Chaise pour salon– Élégance scandinave et confort raffiné,719.0,934.7,23.0,https://www.jumia.ma/generic-chaise-pour-salon-elegance-scandinave-et-confort-raffine-67122300.html,https://ma.jumia.is/unsafe/fit-in/300x300/filters:fill(white)/product/00/322176/1.jpg?7251,jumia,Salle A Manger,2026-06-11 18:51:20,True,Économique (500-1500),jumia_2756
Table à manger ronde- Table à manger ronde rustique- Table ronde en bois,349.0,715.0,51.0,https://www.jumia.ma/table-a-manger-ronde-table-a-manger-ronde-rustique-table-ronde-en-bois-generic-mpg1374770.html,https://ma.jumia.is/unsafe/fit-in/300x300/filters:fill(white)/product/99/472935/1.jpg?9826,jumia,Salle A Manger,2026-06-11 18:51:43,True,Entrée (<500),jumia_2757
Table pliable JUNO noir et effet chêne 104cm,979.0,999.0,2.0,https://www.jumia.ma/generic-table-pliable-juno-noir-et-effet-chene-104cm-65963163.html,https://ma.jumia.is/unsafe/fit-in/300x300/filters:fill(white)/product/36/136956/1.jpg?8274,jumia,Salle A Manger,2026-06-11 18:50:46,True,Économique (500-1500),jumia_2766
Dansmamaison.ma ARUS Chaise de salle a manger - Noir,750.0,,0.0,https://www.jumia.ma/dansmamaison.ma-arus-chaise-de-salle-a-manger-noir-67675222.html,https://ma.jumia.is/unsafe/fit-in/300x300/filters:fill(white)/product/22/257676/1.jpg?0876,jumia,Salle A Manger,2026-06-11 18:51:20,False,Économique (500-1500),jumia_2787
Table Basse modern en bois mdf,494.1,750.0,34.0,https://www.jumia.ma/generic-table-basse-modern-en-bois-mdf-67704327.html,https://ma.jumia.is/unsafe/fit-in/300x300/filters:fill(white)/product/72/340776/1.jpg?3174,jumia,Salle A Manger,2026-06-11 18:51:37,True,Entrée (<500),jumia_2788
Kitea SET TABLE À MANGER PUNE + 4 CHAISES - Beige / Gris,2595.0,3795.0,32.0,https://www.jumia.ma/kitea-set-table-a-manger-pune-4-chaises-beige-gris-65893051.html,https://ma.jumia.is/unsafe/fit-in/300x300/filters:fill(white)/product/15/039856/1.jpg?7505,jumia,Salle A Manger,2026-06-11 18:50:46,True,Milieu (1500-4000),jumia_2799
Table artisanale réalisée par des artistes marocains à partir de bois d'olivier,599.0,750.0,20.0,https://www.jumia.ma/generic-table-artisanale-realisee-par-des-artistes-marocains-a-partir-de-bois-dolivier-64545326.html,https://ma.jumia.is/unsafe/fit-in/300x300/filters:fill(white)/product/62/354546/1.jpg?5166,jumia,Salle A Manger,2026-06-11 18:51:27,True,Économique (500-1500),jumia_2814
Dansmamaison.ma LUCIE Chaise de salle a manger – Gris,1050.0,,0.0,https://www.jumia.ma/dansmamaison.ma-lucie-chaise-de-salle-a-manger-gris-67733759.html,https://ma.jumia.is/unsafe/fit-in/300x300/filters:fill(white)/product/95/733776/1.jpg?5127,jumia,Salle A Manger,2026-06-11 18:51:11,False,Économique (500-1500),jumia_2817
Kitea Table à Manger Extensible LACETTI - Beige / Crème,3990.0,,0.0,https://www.jumia.ma/kitea-table-a-manger-extensible-lacetti-beige-creme-65601328.html,https://ma.jumia.is/unsafe/fit-in/300x300/filters:fill(white)/product/82/310656/1.jpg?4909,jumia,Salle A Manger,2026-06-11 18:51:10,False,Milieu (1500-4000),jumia_2818
Dansmamaison.ma LAURE Fauteuil en tissus bouclette - Moutarde,1300.0,,0.0,https://www.jumia.ma/dansmamaison.ma-laure-fauteuil-en-tissus-bouclette-moutarde-67916954.html,https://ma.jumia.is/unsafe/fit-in/300x300/filters:fill(white)/product/45/961976/1.jpg?4710,jumia,Salle A Manger,2026-06-11 18:50:58,False,Économique (500-1500),jumia_2828
Tensai 4 Chaise en polypropylène empilable Salle à Manger café bar Rome Grand Soleil,2000.0,,0.0,https://www.jumia.ma/tensai-4-chaise-en-polypropylene-empilable-salle-a-manger-cafe-bar-rome-grand-soleil-65619194.html,https://ma.jumia.is/unsafe/fit-in/300x300/filters:fill(white)/product/49/191656/1.jpg?2528,jumia,Salle A Manger,2026-06-11 18:51:11,False,Milieu (1500-4000),jumia_2838
Kitea TABLE BASSE AJUSTABLE CORTADO - Blanc,2295.0,4249.0,46.0,https://www.jumia.ma/kitea-table-basse-ajustable-cortado-blanc-66178113.html,https://ma.jumia.is/unsafe/fit-in/300x300/filters:fill(white)/product/31/187166/1.jpg?6747,jumia,Salle A Manger,2026-06-11 18:51:37,True,Milieu (1500-4000),jumia_2853
Dansmamaison.ma Lot de 4 chaises Oslo - noir,1611.0,2400.0,33.0,https://www.jumia.ma/dansmamaison.ma-lot-de-4-chaises-oslo-noir-67302385.html,https://ma.jumia.is/unsafe/fit-in/300x300/filters:fill(white)/product/58/320376/1.jpg?5857,jumia,Salle A Manger,2026-06-11 18:50:48,True,Milieu (1500-4000),jumia_2857
Dansmamaison.ma NANOU Fauteuil pivotant - Vert,2751.0,3950.0,30.0,https://www.jumia.ma/dansmamaison.ma-nanou-fauteuil-pivotant-vert-67302489.html,https://ma.jumia.is/unsafe/fit-in/300x300/filters:fill(white)/product/98/420376/1.jpg?9806,jumia,Salle A Manger,2026-06-11 18:50:39,True,Milieu (1500-4000),jumia_2865
Table Basse Noyer - Bohih,360.0,450.0,20.0,https://www.jumia.ma/generic-table-basse-noyer-bohih-64553632.html,https://ma.jumia.is/unsafe/fit-in/300x300/filters:fill(white)/product/23/635546/1.jpg?4368,jumia,Salle A Manger,2026-06-11 18:51:10,True,Entrée (<500),jumia_2869
Kitea Table à Manger NEW COSMIT,2995.0,,0.0,https://www.jumia.ma/kitea-table-a-manger-new-cosmit-67971519.html,https://ma.jumia.is/unsafe/fit-in/300x300/filters:fill(white)/product/91/517976/1.jpg?2258,jumia,Salle A Manger,2026-06-11 18:51:49,False,Milieu (1500-4000),jumia_2873
Dansmamaison.ma OSLO Chaise style scandinave - Noir,452.0,675.0,33.0,https://www.jumia.ma/dansmamaison.ma-oslo-chaise-style-scandinave-noir-67307181.html,https://ma.jumia.is/unsafe/fit-in/300x300/filters:fill(white)/product/18/170376/1.jpg?1451,jumia,Salle A Manger,2026-06-11 18:50:58,True,Entrée (<500),jumia_2880
Table d'appoint ronde en noyer - LION,369.0,499.0,26.0,https://www.jumia.ma/generic-table-dappoint-ronde-en-noyer-lion-63134947.html,https://ma.jumia.is/unsafe/fit-in/300x300/filters:fill(white)/product/74/943136/1.jpg?5685,jumia,Salle A Manger,2026-06-11 18:51:10,True,Entrée (<500),jumia_2885
"Table pliable retractable , bureau etudier , coin caffé ,rangement cuisine ,miroire makiage",249.0,600.0,62.0,https://www.jumia.ma/generic-table-pliable-retractable-bureau-etudier-coin-caffe-rangement-cuisine-miroire-makiage-66100479.html,https://ma.jumia.is/unsafe/fit-in/300x300/filters:fill(white)/product/97/400166/1.jpg?9085,jumia,Salle A Manger,2026-06-11 18:50:39,True,Entrée (<500),jumia_2887
Table d’Appoint Design Dorée avec Base Noire Élégance Moderne pour Salon,900.0,,0.0,https://www.jumia.ma/generic-table-dappoint-design-doree-avec-base-noire-elegance-moderne-pour-salon-67659589.html,https://ma.jumia.is/unsafe/fit-in/300x300/filters:fill(white)/product/98/595676/1.jpg?2485,jumia,Salle A Manger,2026-06-11 18:51:18,False,Économique (500-1500),jumia_2891
Kitea Table De Réunion DAVINCI BRERA - Noyer,4999.0,,0.0,https://www.jumia.ma/kitea-table-de-reunion-davinci-brera-noyer-63343336.html,https://ma.jumia.is/unsafe/fit-in/300x300/filters:fill(white)/product/63/334336/1.jpg?9724,jumia,Salle A Manger,2026-06-11 18:51:43,False,Premium (4000-10k),jumia_2897
Kitea Table Basse Rotative TRAPP - Sonoma / Chêne,1599.0,2095.0,24.0,https://www.jumia.ma/kitea-table-basse-rotative-trapp-sonoma-chene-62940539.html,https://ma.jumia.is/unsafe/fit-in/300x300/filters:fill(white)/product/93/504926/1.jpg?7644,jumia,Salle A Manger,2026-06-11 18:51:18,True,Milieu (1500-4000),jumia_2899
Kitea Console BOLZANO - Chêne Béton,2595.0,4295.0,40.0,https://www.jumia.ma/kitea-console-bolzano-chene-beton-65752458.html,https://ma.jumia.is/unsafe/fit-in/300x300/filters:fill(white)/product/85/425756/1.jpg?9126,jumia,Salle A Manger,2026-06-11 18:51:49,True,Milieu (1500-4000),jumia_2902
Table Basse moderne en bois MDF élégant,900.0,1300.0,31.0,https://www.jumia.ma/generic-table-basse-moderne-en-bois-mdf-elegant-67583837.html,https://ma.jumia.is/unsafe/fit-in/300x300/filters:fill(white)/product/73/838576/1.jpg?0263,jumia,Salle A Manger,2026-06-11 18:51:10,True,Économique (500-1500),jumia_2904
Table Basse Ronde En Bois Rustique - Ivan - 50*50cm,370.0,550.0,33.0,https://www.jumia.ma/generic-table-basse-ronde-en-bois-rustique-ivan-5050cm-64560362.html,https://ma.jumia.is/unsafe/fit-in/300x300/filters:fill(white)/product/26/306546/1.jpg?2046,jumia,Salle A Manger,2026-06-11 18:50:56,True,Entrée (<500),jumia_2908
"Table d'Appoint, Bout de canapé – Design scandinave blanc & bambou naturel",375.0,487.5,23.0,https://www.jumia.ma/generic-table-dappoint-bout-de-canape-design-scandinave-blanc-bambou-naturel-67123279.html,https://ma.jumia.is/unsafe/fit-in/300x300/filters:fill(white)/product/97/232176/1.jpg?7383,jumia,Salle A Manger,2026-06-11 18:50:56,True,Entrée (<500),jumia_2927
Dansmamaison.ma ANNA Chaise de salle à manger fleuris,756.0,1300.0,42.0,https://www.jumia.ma/dansmamaison.ma-anna-chaise-de-salle-a-manger-fleuris-67204809.html,https://ma.jumia.is/unsafe/fit-in/300x300/filters:fill(white)/product/90/840276/1.jpg?2799,jumia,Salle A Manger,2026-06-11 18:51:11,True,Économique (500-1500),jumia_2938
Cmp Un Lot de 4 chaises SCANDI - Kaki,2086.0,5000.0,58.0,https://www.jumia.ma/cmp-un-lot-de-4-chaises-scandi-kaki-64108232.html,https://ma.jumia.is/unsafe/fit-in/300x300/filters:fill(white)/product/23/280146/1.jpg?8037,jumia,Salle A Manger,2026-06-11 18:50:48,True,Milieu (1500-4000),jumia_2946
Table d'appoint Ronde Chêne Chaud et Noir Ø40cm MDF/Acier Moderne Salon Chambre Bureau Polyvalente,489.0,635.7,23.0,https://www.jumia.ma/generic-table-dappoint-ronde-chene-chaud-et-noir-o40cm-mdfacier-moderne-salon-chambre-bureau-polyvalente-67639367.html,https://ma.jumia.is/unsafe/fit-in/300x300/filters:fill(white)/product/76/393676/1.jpg?2810,jumia,Salle A Manger,2026-06-11 18:51:43,True,Entrée (<500),jumia_2961
Table de salon,349.0,549.0,36.0,https://www.jumia.ma/generic-table-de-salon-61902057.html,https://ma.jumia.is/unsafe/fit-in/300x300/filters:fill(white)/product/75/020916/1.jpg?1965,jumia,Salle A Manger,2026-06-11 18:51:37,True,Entrée (<500),jumia_2975
Table pliante de petit-déjeuner en bambou avec poignées modulaires,299.0,,0.0,https://www.jumia.ma/generic-table-pliante-de-petit-dejeuner-en-bambou-avec-poignees-modulaires-38988863.html,https://ma.jumia.is/unsafe/fit-in/300x300/filters:fill(white)/product/36/888983/1.jpg?3985,jumia,Salle A Manger,2026-06-11 18:51:49,False,Entrée (<500),jumia_2979
Kitea Table À Manger DURO - Beige,2650.0,,0.0,https://www.jumia.ma/kitea-table-a-manger-duro-beige-63959425.html,https://ma.jumia.is/unsafe/fit-in/300x300/filters:fill(white)/product/52/495936/1.jpg?2796,jumia,Salle A Manger,2026-06-11 18:50:48,False,Milieu (1500-4000),jumia_2983
"Table d'Appoint Circulaire Design ""C"" – Noyer & Métal Noir",320.0,500.0,36.0,https://www.jumia.ma/generic-table-dappoint-circulaire-design-c-noyer-metal-noir-67769369.html,https://ma.jumia.is/unsafe/fit-in/300x300/filters:fill(white)/product/96/396776/1.jpg?2435,jumia,Salle A Manger,2026-06-11 18:50:46,True,Entrée (<500),jumia_2986
Elg Petite Table d'appoint moderne de forme ovale en bois brûlé et cadre en métal,850.0,2000.0,58.0,https://www.jumia.ma/elg-petite-table-dappoint-moderne-de-forme-ovale-en-bois-brule-et-cadre-en-metal-67374812.html,https://ma.jumia.is/unsafe/fit-in/300x300/filters:fill(white)/product/21/847376/1.jpg?4026,jumia,Salle A Manger,2026-06-11 18:51:43,True,Économique (500-1500),jumia_2988
Table basse ronde en chêne,349.0,499.0,30.0,https://www.jumia.ma/generic-table-basse-ronde-en-chene-63781194.html,https://ma.jumia.is/unsafe/fit-in/300x300/filters:fill(white)/product/49/118736/1.jpg?9864,jumia,Salle A Manger,2026-06-11 18:51:18,True,Entrée (<500),jumia_2991
Table basse 120x60cm - SHAM88,850.0,1200.0,29.0,https://www.jumia.ma/generic-table-basse-120x60cm-sham88-67184528.html,https://ma.jumia.is/unsafe/fit-in/300x300/filters:fill(white)/product/82/548176/1.jpg?9218,jumia,Salle A Manger,2026-06-11 18:50:46,True,Économique (500-1500),jumia_2999
Table Basse Ronde En Bois Rustique - Ivan - 40*50cm,349.0,450.0,22.0,https://www.jumia.ma/generic-table-basse-ronde-en-bois-rustique-ivan-4050cm-64560361.html,https://ma.jumia.is/unsafe/fit-in/300x300/filters:fill(white)/product/16/306546/1.jpg?2046,jumia,Salle A Manger,2026-06-11 18:50:46,True,Entrée (<500),jumia_3007
"Table d'appoint, petite table d'appoint, en forme de C, table de canapé mobile, table de salon, en forme de C avec cadre en métal, table ronde comme surface de rangement pour canapé pour café et ordinateur portable, 60 x diamètre 39 cm,",430.0,520.0,17.0,https://www.jumia.ma/generic-table-dappoint-petite-table-dappoint-en-forme-de-c-table-de-canape-mobile-table-de-salon-en-forme-de-c-avec-cadre-en-metal-table-ronde-comme-surface-de-rangement-pour-canape-pour-cafe-et-ordinateur-portable-60-x-diametre-39-cm-66400311.html,https://ma.jumia.is/unsafe/fit-in/300x300/filters:fill(white)/product/11/300466/1.jpg?6768,jumia,Salle A Manger,2026-06-11 18:51:18,True,Entrée (<500),jumia_3023
"Tables pliantes portables en plastique, table pour l'extérieur, le camping, le jardin, vente en gros",1499.0,,0.0,https://www.jumia.ma/generic-tables-pliantes-portables-en-plastique-table-pour-lexterieur-le-camping-le-jardin-vente-en-gros-65704446.html,https://ma.jumia.is/unsafe/fit-in/300x300/filters:fill(white)/product/64/440756/1.jpg?4485,jumia,Salle A Manger,2026-06-11 18:50:58,False,Économique (500-1500),jumia_3026
Kitea Table À Manger CARPINUS - Marron,2990.0,3695.0,19.0,https://www.jumia.ma/kitea-table-a-manger-carpinus-marron-63959424.html,https://ma.jumia.is/unsafe/fit-in/300x300/filters:fill(white)/product/42/495936/1.jpg?2794,jumia,Salle A Manger,2026-06-11 18:50:58,True,Milieu (1500-4000),jumia_3070
2 tables de salon,799.0,1400.0,43.0,https://www.jumia.ma/generic-2-tables-de-salon-59752368.html,https://ma.jumia.is/unsafe/fit-in/300x300/filters:fill(white)/product/86/325795/1.jpg?6925,jumia,Salle A Manger,2026-06-11 18:50:56,True,Économique (500-1500),jumia_3074
"Table basse, Table basse Live Edge - TONI",720.0,850.0,15.0,https://www.jumia.ma/generic-table-basse-table-basse-live-edge-toni-63134954.html,https://ma.jumia.is/unsafe/fit-in/300x300/filters:fill(white)/product/45/943136/1.jpg?5684,jumia,Salle A Manger,2026-06-11 18:51:49,True,Économique (500-1500),jumia_3078
Table avec 2 chaises pour jardins,2899.0,,0.0,https://www.jumia.ma/generic-table-avec-2-chaises-pour-jardins-65943642.html,https://ma.jumia.is/unsafe/fit-in/300x300/filters:fill(white)/product/24/634956/1.jpg?3247,jumia,Salle A Manger,2026-06-11 18:50:39,False,Milieu (1500-4000),jumia_3084
Kitea Set table à manger MIRO avec 4 chaises - Blanc,3990.0,,0.0,https://www.jumia.ma/kitea-set-table-a-manger-miro-avec-4-chaises-blanc-65980471.html,https://ma.jumia.is/unsafe/fit-in/300x300/filters:fill(white)/product/17/408956/1.jpg?5165,jumia,Salle A Manger,2026-06-11 18:51:18,False,Milieu (1500-4000),jumia_3092
Table Basse Ronde En Bois Rustique - Black To Gold,499.0,650.0,23.0,https://www.jumia.ma/generic-table-basse-ronde-en-bois-rustique-black-to-gold-63362039.html,https://ma.jumia.is/unsafe/fit-in/300x300/filters:fill(white)/product/93/026336/1.jpg?8645,jumia,Salle A Manger,2026-06-11 18:51:27,True,Entrée (<500),jumia_3100
Kitea SET TABLE À MANGER INDORE + 4 CHAISES - Blanc / Noir,1995.0,3095.0,36.0,https://www.jumia.ma/kitea-set-table-a-manger-indore-4-chaises-blanc-noir-65775180.html,https://ma.jumia.is/unsafe/fit-in/300x300/filters:fill(white)/product/08/157756/1.jpg?7386,jumia,Salle A Manger,2026-06-11 18:50:46,True,Milieu (1500-4000),jumia_3109
Dansmamaison.ma LILY Chaise en tissus bouclette – Jaune,950.0,,0.0,https://www.jumia.ma/dansmamaison.ma-lily-chaise-en-tissus-bouclette-jaune-67916968.html,https://ma.jumia.is/unsafe/fit-in/300x300/filters:fill(white)/product/86/961976/1.jpg?4736,jumia,Salle A Manger,2026-06-11 18:50:39,False,Économique (500-1500),jumia_3117
Kitea Set Table + 4 Chaises PRINCETON - Marron,4795.0,5990.0,20.0,https://www.jumia.ma/kitea-set-table-4-chaises-princeton-marron-67348000.html,https://ma.jumia.is/unsafe/fit-in/300x300/filters:fill(white)/product/00/084376/1.jpg?7829,jumia,Salle A Manger,2026-06-11 18:51:10,True,Premium (4000-10k),jumia_3127
Active chef Plaque de cuisson à gaz encastrable inox premium 4 feux 60cm allumage électrique,1749.0,,0.0,https://www.jumia.ma/active-chef-plaque-de-cuisson-a-gaz-encastrable-inox-premium-4-feux-60cm-allumage-electrique-67321899.html,https://ma.jumia.is/unsafe/fit-in/300x300/filters:fill(white)/product/99/812376/1.jpg?2958,jumia,Salle A Manger,2026-06-11 18:50:58,False,Milieu (1500-4000),jumia_3141
Kitea Buffet OAK SQUERE 2 Portes – Beige,2999.0,,0.0,https://www.jumia.ma/kitea-buffet-oak-squere-2-portes-beige-66596171.html,https://ma.jumia.is/unsafe/fit-in/300x300/filters:fill(white)/product/17/169566/1.jpg?2822,jumia,Salle A Manger,2026-06-11 18:50:48,False,Milieu (1500-4000),jumia_3155
Bout de Canapé Ronde Chêne Chaud/Noir Ø55cm Style Scandinave Table d'Appoint Salon Chambre Design Moderne,779.0,1012.7,23.0,https://www.jumia.ma/generic-bout-de-canape-ronde-chene-chaudnoir-o55cm-style-scandinave-table-dappoint-salon-chambre-design-moderne-67639368.html,https://ma.jumia.is/unsafe/fit-in/300x300/filters:fill(white)/product/86/393676/1.jpg?2812,jumia,Salle A Manger,2026-06-11 18:51:37,True,Économique (500-1500),jumia_3157
Kitea Table Basse CARDIGAN - Beige / Blanc,1695.0,2395.0,29.0,https://www.jumia.ma/kitea-table-basse-cardigan-beige-blanc-65590984.html,https://ma.jumia.is/unsafe/fit-in/300x300/filters:fill(white)/product/48/909556/1.jpg?1324,jumia,Salle A Manger,2026-06-11 18:51:18,True,Milieu (1500-4000),jumia_3164
"Table pc portable, plateau petit déjeuner, Table de lit pliable",511.21,715.69,29.0,https://www.jumia.ma/generic-table-pc-portable-plateau-petit-dejeuner-table-de-lit-pliable-67687020.html,https://ma.jumia.is/unsafe/fit-in/300x300/filters:fill(white)/product/02/078676/1.jpg?3569,jumia,Salle A Manger,2026-06-11 18:50:58,True,Économique (500-1500),jumia_3168
Kitea TABLE BASSE AJUSTABLE CORTADO VIKING- Noyer,2295.0,4249.0,46.0,https://www.jumia.ma/kitea-table-basse-ajustable-cortado-viking-noyer-66194026.html,https://ma.jumia.is/unsafe/fit-in/300x300/filters:fill(white)/product/62/049166/1.jpg?2926,jumia,Salle A Manger,2026-06-11 18:51:43,True,Milieu (1500-4000),jumia_3187
Kitea Table Ronde Soli 65X40Cm - Blanc / Noir,2995.0,4299.0,30.0,https://www.jumia.ma/kitea-table-ronde-soli-65x40cm-blanc-noir-67584156.html,https://ma.jumia.is/unsafe/fit-in/300x300/filters:fill(white)/product/65/148576/1.jpg?2799,jumia,Salle A Manger,2026-06-11 18:51:37,True,Milieu (1500-4000),jumia_3204
"Table d'appoint Mobile nordique de luxe, meuble d'extrémité de canapé épais, Anti-chute, petite Table de balcon, support de café artistique moderne",249.0,590.0,58.0,https://www.jumia.ma/table-dappoint-mobile-nordique-de-luxe-meuble-dextremite-de-canape-epais-anti-chute-petite-table-de-balcon-support-de-cafe-artistique-moderne-generic-mpg1568423.html,https://ma.jumia.is/unsafe/fit-in/300x300/filters:fill(white)/product/91/289576/1.jpg?8126,jumia,Salle A Manger,2026-06-11 18:50:48,True,Entrée (<500),jumia_3207
Table Basse modern en bois mdf elegant,900.0,1300.0,31.0,https://www.jumia.ma/generic-table-basse-modern-en-bois-mdf-elegant-67583056.html,https://ma.jumia.is/unsafe/fit-in/300x300/filters:fill(white)/product/65/038576/1.jpg?5793,jumia,Salle A Manger,2026-06-11 18:51:10,True,Économique (500-1500),jumia_3220
"Table console 130cm avec 3 étagères, table de canapé, table d’entrée,  étagère en verre trempé, style moderne, pour chambre à coucher de salon d’entrée",1729.0,,0.0,https://www.jumia.ma/generic-table-console-130cm-avec-3-etageres-table-de-canape-table-dentree-etagere-en-verre-trempe-style-moderne-pour-chambre-a-coucher-de-salon-dentree-65726890.html,https://ma.jumia.is/unsafe/fit-in/300x300/filters:fill(white)/product/09/862756/1.jpg?5843,jumia,Salle A Manger,2026-06-11 18:51:27,False,Milieu (1500-4000),jumia_3222
Dansmamaison.ma MARTIN Tabouret de bar en similicuir et piétement en métal - Marron,713.0,1200.0,41.0,https://www.jumia.ma/dansmamaison.ma-martin-tabouret-de-bar-en-similicuir-et-pietement-en-metal-marron-67234134.html,https://ma.jumia.is/unsafe/fit-in/300x300/filters:fill(white)/product/43/143276/1.jpg?4991,jumia,Salle A Manger,2026-06-11 18:50:48,True,Économique (500-1500),jumia_3230
Pack de 2 Tables Gigognes Rondes Chêne Naturel Ø55/45cm Design Scandinave Moderne Salon Chambre Gain de Place,1889.0,2455.7,23.0,https://www.jumia.ma/generic-pack-de-2-tables-gigognes-rondes-chene-naturel-o5545cm-design-scandinave-moderne-salon-chambre-gain-de-place-67639354.html,https://ma.jumia.is/unsafe/fit-in/300x300/filters:fill(white)/product/45/393676/1.jpg?2798,jumia,Salle A Manger,2026-06-11 18:51:43,True,Milieu (1500-4000),jumia_3244
Kitea Table Basse OAK SQUERE - Beige,1299.0,,0.0,https://www.jumia.ma/kitea-table-basse-oak-squere-beige-66596194.html,https://ma.jumia.is/unsafe/fit-in/300x300/filters:fill(white)/product/49/169566/1.jpg?2827,jumia,Salle A Manger,2026-06-11 18:51:37,False,Économique (500-1500),jumia_3257
Kitea Table basse SAINT TROPEZ - Marron et Blanc,1995.0,,0.0,https://www.jumia.ma/kitea-table-basse-saint-tropez-marron-et-blanc-63959434.html,https://ma.jumia.is/unsafe/fit-in/300x300/filters:fill(white)/product/43/495936/1.jpg?2791,jumia,Salle A Manger,2026-06-11 18:50:56,False,Milieu (1500-4000),jumia_3261
Bout de Canapé Blanc/Bambou 55x55cm Table Basse Design Scandinave Moderne Salon Chambre Multifonctionnelle,435.0,565.5,23.0,https://www.jumia.ma/generic-bout-de-canape-blancbambou-55x55cm-table-basse-design-scandinave-moderne-salon-chambre-multifonctionnelle-67639352.html,https://ma.jumia.is/unsafe/fit-in/300x300/filters:fill(white)/product/25/393676/1.jpg?2797,jumia,Salle A Manger,2026-06-11 18:51:37,True,Entrée (<500),jumia_3275
Dansmamaison.ma OSLO Chaise style scandinave - Taupe,452.0,675.0,33.0,https://www.jumia.ma/dansmamaison.ma-oslo-chaise-style-scandinave-taupe-67307186.html,https://ma.jumia.is/unsafe/fit-in/300x300/filters:fill(white)/product/68/170376/1.jpg?1456,jumia,Salle A Manger,2026-06-11 18:50:39,True,Entrée (<500),jumia_3285
Kitea Set De 2 Tables Basses Carrées Merve - Blanc Mat,2990.0,3490.0,14.0,https://www.jumia.ma/kitea-set-de-2-tables-basses-carrees-merve-blanc-mat-67756593.html,https://ma.jumia.is/unsafe/fit-in/300x300/filters:fill(white)/product/39/565776/1.jpg?8747,jumia,Salle A Manger,2026-06-11 18:51:43,True,Milieu (1500-4000),jumia_3304
Table Basse Ronde En Bois Rustique - Ivan,499.0,650.0,23.0,https://www.jumia.ma/generic-table-basse-ronde-en-bois-rustique-ivan-64554026.html,https://ma.jumia.is/unsafe/fit-in/300x300/filters:fill(white)/product/62/045546/1.jpg?1144,jumia,Salle A Manger,2026-06-11 18:51:18,True,Entrée (<500),jumia_3336
Table de camping ronde pliante - ROUGE,215.1,259.0,17.0,https://www.jumia.ma/generic-table-de-camping-ronde-pliante-rouge-67389811.html,https://ma.jumia.is/unsafe/fit-in/300x300/filters:fill(white)/product/11/898376/1.jpg?5492,jumia,Salle A Manger,2026-06-11 18:51:20,True,Entrée (<500),jumia_3345
Grande Table d'Appoint Ronde 55 cm de Diamètre - Bout de Canapé Style Industriel - Chêne Chaud - Piétement Noir Solide,779.0,1012.7,23.0,https://www.jumia.ma/generic-grande-table-dappoint-ronde-55-cm-de-diametre-bout-de-canape-style-industriel-chene-chaud-pietement-noir-solide-67367329.html,https://ma.jumia.is/unsafe/fit-in/300x300/filters:fill(white)/product/92/376376/1.jpg?8990,jumia,Salle A Manger,2026-06-11 18:51:49,True,Économique (500-1500),jumia_3355
Table manucure/pliable en (MDF) 18mm neuf,850.0,999.0,15.0,https://www.jumia.ma/generic-table-manucurepliable-en-mdf-18mm-neuf-67555016.html,https://ma.jumia.is/unsafe/fit-in/300x300/filters:fill(white)/product/61/055576/1.jpg?6764,jumia,Salle A Manger,2026-06-11 18:50:39,True,Économique (500-1500),jumia_3357
Kitea Table rectangulaire CARACAS - Noir,1295.0,1899.0,32.0,https://www.jumia.ma/kitea-table-rectangulaire-caracas-noir-67390614.html,https://ma.jumia.is/unsafe/fit-in/300x300/filters:fill(white)/product/41/609376/1.jpg?8820,jumia,Salle A Manger,2026-06-11 18:51:43,True,Économique (500-1500),jumia_3368
Kitea Table Basse LAZIO 1 Tiroir - Blanc / Doré,2499.0,,0.0,https://www.jumia.ma/kitea-table-basse-lazio-1-tiroir-blanc-dore-67390588.html,https://ma.jumia.is/unsafe/fit-in/300x300/filters:fill(white)/product/88/509376/1.jpg?5700,jumia,Salle A Manger,2026-06-11 18:51:37,False,Milieu (1500-4000),jumia_3382
Table de Lit Pliable en Bambou Laqué  Plateau Petit Déjeuner en Bambou avec Poignées Modulables,299.0,,0.0,https://www.jumia.ma/table-de-lit-pliable-en-bambou-laque-plateau-petit-dejeuner-en-bambou-avec-poignees-modulables-generic-mpg1480593.html,https://ma.jumia.is/unsafe/fit-in/300x300/filters:fill(white)/product/08/538193/1.jpg?3240,jumia,Salle A Manger,2026-06-11 18:51:20,False,Entrée (<500),jumia_3393
Dansmamaison.ma AMANDINE Chaise de salle a manger - Gris,990.0,,0.0,https://www.jumia.ma/dansmamaison.ma-amandine-chaise-de-salle-a-manger-gris-67675233.html,https://ma.jumia.is/unsafe/fit-in/300x300/filters:fill(white)/product/33/257676/1.jpg?0882,jumia,Salle A Manger,2026-06-11 18:50:39,False,Économique (500-1500),jumia_3396
"Table d’appoint salon, table canapé moderne, table latérale compacte, table basse d’appoint intérieure.",143.1,189.0,24.0,https://www.jumia.ma/generic-table-dappoint-salon-table-canape-moderne-table-laterale-compacte-table-basse-dappoint-interieure.-67587159.html,https://ma.jumia.is/unsafe/fit-in/300x300/filters:fill(white)/product/95/178576/1.jpg?4324,jumia,Salle A Manger,2026-06-11 18:50:48,True,Entrée (<500),jumia_3399
Kitea Buffet Haut INFINITO - Noir / Marron,2995.0,4495.0,33.0,https://www.jumia.ma/kitea-buffet-haut-infinito-noir-marron-64611065.html,https://ma.jumia.is/unsafe/fit-in/300x300/filters:fill(white)/product/56/011646/1.jpg?3855,jumia,Salle A Manger,2026-06-11 18:50:48,True,Milieu (1500-4000),jumia_3425
Kitea Table À Manger Extensible 140 à 180cm SKY - Marron,2395.0,2795.0,14.0,https://www.jumia.ma/kitea-table-a-manger-extensible-140-a-180cm-sky-marron-65754510.html,https://ma.jumia.is/unsafe/fit-in/300x300/filters:fill(white)/product/01/545756/1.jpg?6445,jumia,Salle A Manger,2026-06-11 18:50:39,True,Milieu (1500-4000),jumia_3461
Dansmamaison.ma LORENZA Buffet avec 4 portes et 1 tiroir 180 cm - Chêne,3750.0,,0.0,https://www.jumia.ma/dansmamaison.ma-lorenza-buffet-avec-4-portes-et-1-tiroir-180-cm-chene-67674635.html,https://ma.jumia.is/unsafe/fit-in/300x300/filters:fill(white)/product/53/647676/1.jpg?9554,jumia,Salle A Manger,2026-06-11 18:50:58,False,Milieu (1500-4000),jumia_3473
Kitea Table À Manger Ruth - Blanc / Naturel,2995.0,4895.0,39.0,https://www.jumia.ma/kitea-table-a-manger-ruth-blanc-naturel-67709810.html,https://ma.jumia.is/unsafe/fit-in/300x300/filters:fill(white)/product/01/890776/1.jpg?7311,jumia,Salle A Manger,2026-06-11 18:51:43,True,Milieu (1500-4000),jumia_3479
Kitea Table Ronde Soli 45X45Cm - Blanc / Noir,1995.0,3299.0,40.0,https://www.jumia.ma/kitea-table-ronde-soli-45x45cm-blanc-noir-67584149.html,https://ma.jumia.is/unsafe/fit-in/300x300/filters:fill(white)/product/94/148576/1.jpg?2795,jumia,Salle A Manger,2026-06-11 18:51:37,True,Milieu (1500-4000),jumia_3493
Kitea Table Bar MOJO - Marron,3995.0,6499.0,39.0,https://www.jumia.ma/kitea-table-bar-mojo-marron-63959431.html,https://ma.jumia.is/unsafe/fit-in/300x300/filters:fill(white)/product/13/495936/1.jpg?2791,jumia,Salle A Manger,2026-06-11 18:51:43,True,Milieu (1500-4000),jumia_3496
Kitea Table De Réunion DISEGNO - Oak Foncé,3299.0,,0.0,https://www.jumia.ma/kitea-table-de-reunion-disegno-oak-fonce-63343447.html,https://ma.jumia.is/unsafe/fit-in/300x300/filters:fill(white)/product/74/434336/1.jpg?9699,jumia,Salle A Manger,2026-06-11 18:51:10,False,Milieu (1500-4000),jumia_3507
Fores Kikua Plus - Buffet 3 Portes Blanc et Chêne,1663.0,2700.0,38.0,https://www.jumia.ma/fores-kikua-plus-buffet-3-portes-blanc-et-chene-64027685.html,https://ma.jumia.is/unsafe/fit-in/300x300/filters:fill(white)/product/58/672046/1.jpg?7974,jumia,Salle A Manger,2026-06-11 18:50:39,True,Milieu (1500-4000),jumia_3517
"table de salon, dessus de table carré, cadre en acier robuste",400.0,,0.0,https://www.jumia.ma/table-de-salon-dessus-de-table-carre-cadre-en-acier-robuste-generic-mpg1267168.html,https://ma.jumia.is/unsafe/fit-in/300x300/filters:fill(white)/product/31/865374/1.jpg?1830,jumia,Salle A Manger,2026-06-11 18:50:46,False,Entrée (<500),jumia_3518
Kitea Table À Manger FLAIR - Blanc,2595.0,5995.0,57.0,https://www.jumia.ma/kitea-table-a-manger-flair-blanc-65974228.html,https://ma.jumia.is/unsafe/fit-in/300x300/filters:fill(white)/product/82/247956/1.jpg?6746,jumia,Salle A Manger,2026-06-11 18:50:56,True,Milieu (1500-4000),jumia_3520
Lot de 2 Tables Basses Naturel,649.0,890.0,27.0,https://www.jumia.ma/lot-de-2-tables-basses-naturel-generic-mpg1461892.html,https://ma.jumia.is/unsafe/fit-in/300x300/filters:fill(white)/product/03/943346/1.jpg?4127,jumia,Salle A Manger,2026-06-11 18:50:46,True,Économique (500-1500),jumia_3531
Kitea Table De coin LIONTE - Marron,2459.0,2999.0,18.0,https://www.jumia.ma/kitea-table-de-coin-lionte-marron-65892964.html,https://ma.jumia.is/unsafe/fit-in/300x300/filters:fill(white)/product/46/929856/1.jpg?7190,jumia,Salle A Manger,2026-06-11 18:51:37,True,Milieu (1500-4000),jumia_3537
Table de basse en bois et fer,499.0,699.0,29.0,https://www.jumia.ma/table-de-basse-en-bois-et-fer-generic-mpg1361101.html,https://ma.jumia.is/unsafe/fit-in/300x300/filters:fill(white)/product/59/609625/1.jpg?4666,jumia,Salle A Manger,2026-06-11 18:51:18,True,Entrée (<500),jumia_3567
Kitea Table Basse Vodol - Beige / Noir,2390.0,2990.0,20.0,https://www.jumia.ma/kitea-table-basse-vodol-beige-noir-65425397.html,https://ma.jumia.is/unsafe/fit-in/300x300/filters:fill(white)/product/79/352456/1.jpg?5424,jumia,Salle A Manger,2026-06-11 18:51:43,True,Milieu (1500-4000),jumia_3581
Kitea Table Basse SAVONA - Chêne,1195.0,1595.0,25.0,https://www.jumia.ma/kitea-table-basse-savona-chene-62104018.html,https://ma.jumia.is/unsafe/fit-in/300x300/filters:fill(white)/product/81/040126/1.jpg?1751,jumia,Salle A Manger,2026-06-11 18:50:46,True,Économique (500-1500),jumia_3586
Coffee table 50×100 cm,1750.0,,0.0,https://www.jumia.ma/generic-coffee-table-50100-cm-67171119.html,https://ma.jumia.is/unsafe/fit-in/300x300/filters:fill(white)/product/91/117176/1.jpg?6046,jumia,Salle A Manger,2026-06-11 18:51:49,False,Milieu (1500-4000),jumia_3596
Side table 30×40 cm - LOG493,399.0,699.0,43.0,https://www.jumia.ma/generic-side-table-3040-cm-log493-67171124.html,https://ma.jumia.is/unsafe/fit-in/300x300/filters:fill(white)/product/42/117176/1.jpg?6048,jumia,Salle A Manger,2026-06-11 18:50:56,True,Entrée (<500),jumia_3598
Kitea Table A Manger HULON - Marron,2695.0,3595.0,25.0,https://www.jumia.ma/kitea-table-a-manger-hulon-marron-63344182.html,https://ma.jumia.is/unsafe/fit-in/300x300/filters:fill(white)/product/28/144336/1.jpg?9803,jumia,Salle A Manger,2026-06-11 18:51:11,True,Milieu (1500-4000),jumia_3602
"Chaise pliante, noire",249.0,,0.0,https://www.jumia.ma/generic-chaise-pliante-noire-67159651.html,https://ma.jumia.is/unsafe/fit-in/300x300/filters:fill(white)/product/15/695176/1.jpg?5847,jumia,Salle A Manger,2026-06-11 18:51:20,False,Entrée (<500),jumia_3614
Kitea Set De 2 Tables Basses Carrées Merve - Noir,2990.0,3490.0,14.0,https://www.jumia.ma/kitea-set-de-2-tables-basses-carrees-merve-noir-67756605.html,https://ma.jumia.is/unsafe/fit-in/300x300/filters:fill(white)/product/50/665776/1.jpg?8811,jumia,Salle A Manger,2026-06-11 18:51:43,True,Milieu (1500-4000),jumia_3637
Grande table tranche d'arbre,399.0,499.0,20.0,https://www.jumia.ma/generic-grande-table-tranche-darbre-55132789.html,https://ma.jumia.is/unsafe/fit-in/300x300/filters:fill(white)/product/98/723155/1.jpg?0578,jumia,Salle A Manger,2026-06-11 18:50:46,True,Entrée (<500),jumia_3647
Table basse - plusieurs tailles - SHAM170,850.0,1200.0,29.0,https://www.jumia.ma/generic-table-basse-plusieurs-tailles-sham170-67184270.html,https://ma.jumia.is/unsafe/fit-in/300x300/filters:fill(white)/product/07/248176/1.jpg?8830,jumia,Salle A Manger,2026-06-11 18:50:56,True,Économique (500-1500),jumia_3657
Table Basse Ronde En Bois Rustique - Robio,450.0,650.0,31.0,https://www.jumia.ma/generic-table-basse-ronde-en-bois-rustique-robio-63134944.html,https://ma.jumia.is/unsafe/fit-in/300x300/filters:fill(white)/product/44/943136/1.jpg?5686,jumia,Salle A Manger,2026-06-11 18:50:46,True,Entrée (<500),jumia_3667
Dansmamaison.ma AMANDINE Chaise de salle a manger – Terracotta,990.0,,0.0,https://www.jumia.ma/dansmamaison.ma-amandine-chaise-de-salle-a-manger-terracotta-67733528.html,https://ma.jumia.is/unsafe/fit-in/300x300/filters:fill(white)/product/82/533776/1.jpg?4962,jumia,Salle A Manger,2026-06-11 18:50:58,False,Économique (500-1500),jumia_3701
Dansmamaison.ma LARA Table rectangulaire 150 x 80 cm ( sans chaises ),1511.0,2600.0,42.0,https://www.jumia.ma/dansmamaison.ma-lara-table-rectangulaire-150-x-80-cm-sans-chaises-67284890.html,https://ma.jumia.is/unsafe/fit-in/300x300/filters:fill(white)/product/09/848276/1.jpg?7853,jumia,Salle A Manger,2026-06-11 18:50:48,True,Milieu (1500-4000),jumia_3714
Kitea Table à manger OAK SQUERE- Beige,2999.0,,0.0,https://www.jumia.ma/kitea-table-a-manger-oak-squere-beige-66596168.html,https://ma.jumia.is/unsafe/fit-in/300x300/filters:fill(white)/product/86/169566/1.jpg?2819,jumia,Salle A Manger,2026-06-11 18:51:18,False,Milieu (1500-4000),jumia_3729
Elg Table d'appoint ronde avec pied noir,399.0,599.0,33.0,https://www.jumia.ma/elg-table-dappoint-ronde-avec-pied-noir-66003808.html,https://ma.jumia.is/unsafe/fit-in/300x300/filters:fill(white)/product/80/830066/1.jpg?9806,jumia,Salle A Manger,2026-06-11 18:50:56,True,Entrée (<500),jumia_3734
Double tables,799.0,999.0,20.0,https://www.jumia.ma/generic-double-tables-61542393.html,https://ma.jumia.is/unsafe/fit-in/300x300/filters:fill(white)/product/39/324516/1.jpg?7505,jumia,Salle A Manger,2026-06-11 18:51:57,True,Économique (500-1500),jumia_3736
Coffee table 50×100 Mdf,950.0,1000.0,5.0,https://www.jumia.ma/generic-coffee-table-50100-mdf-67171120.html,https://ma.jumia.is/unsafe/fit-in/300x300/filters:fill(white)/product/02/117176/1.jpg?6047,jumia,Salle A Manger,2026-06-11 18:50:56,True,Économique (500-1500),jumia_3739
"Table de camping ronde pliante,",251.1,299.0,16.0,https://www.jumia.ma/generic-table-de-camping-ronde-pliante-67144689.html,https://ma.jumia.is/unsafe/fit-in/300x300/filters:fill(white)/product/98/644176/1.jpg?2943,jumia,Salle A Manger,2026-06-11 18:51:11,True,Entrée (<500),jumia_3754
Dansmamaison.ma MARTIN Tabouret de bar en similicuir et piétement en métal - Gris foncé,713.0,1200.0,41.0,https://www.jumia.ma/dansmamaison.ma-martin-tabouret-de-bar-en-similicuir-et-pietement-en-metal-gris-fonce-67234132.html,https://ma.jumia.is/unsafe/fit-in/300x300/filters:fill(white)/product/23/143276/1.jpg?4989,jumia,Salle A Manger,2026-06-11 18:50:58,True,Économique (500-1500),jumia_3766
Table Haute Mange-Debout Pliante – L'Indispensable de vos Réceptions,690.0,999.0,31.0,https://www.jumia.ma/generic-table-haute-mange-debout-pliante-lindispensable-de-vos-receptions-67881389.html,https://ma.jumia.is/unsafe/fit-in/300x300/filters:fill(white)/product/98/318876/1.jpg?2305,jumia,Salle A Manger,2026-06-11 18:51:28,True,Économique (500-1500),jumia_3771
Kitea Table À Manger PLISSE Carrée Extensible - Chêne / Blanc,1995.0,7995.0,75.0,https://www.jumia.ma/kitea-table-a-manger-plisse-carree-extensible-chene-blanc-63344505.html,https://ma.jumia.is/unsafe/fit-in/300x300/filters:fill(white)/product/50/544336/1.jpg?9885,jumia,Salle A Manger,2026-06-11 18:50:48,True,Milieu (1500-4000),jumia_3777
schlëizer  Plaque de cuisson électrique - 1 feu - Electrique - 1500W - germany,199.0,219.0,9.0,https://www.jumia.ma/schleizer-plaque-de-cuisson-electrique-1-feu-electrique-1500w-germany-66065285.html,https://ma.jumia.is/unsafe/fit-in/300x300/filters:fill(white)/product/58/256066/1.jpg?8545,jumia,Salle A Manger,2026-06-11 18:50:48,True,Entrée (<500),jumia_3781
Grande table de tranche d'arbre,399.0,499.0,20.0,https://www.jumia.ma/generic-grande-table-de-tranche-darbre-64230424.html,https://ma.jumia.is/unsafe/fit-in/300x300/filters:fill(white)/product/42/403246/1.jpg?5405,jumia,Salle A Manger,2026-06-11 18:51:49,True,Entrée (<500),jumia_3787
Kitea Table À Manger INFINITO - Gris Anthracite / Marron,3895.0,4995.0,22.0,https://www.jumia.ma/kitea-table-a-manger-infinito-gris-anthracite-marron-65893040.html,https://ma.jumia.is/unsafe/fit-in/300x300/filters:fill(white)/product/04/039856/1.jpg?7504,jumia,Salle A Manger,2026-06-11 18:51:43,True,Milieu (1500-4000),jumia_3792
Kitea Table Basse Relevable LEVEL - Gris / Blanc,2199.0,3490.0,37.0,https://www.jumia.ma/kitea-table-basse-relevable-level-gris-blanc-64766599.html,https://ma.jumia.is/unsafe/fit-in/300x300/filters:fill(white)/product/99/566746/1.jpg?2157,jumia,Salle A Manger,2026-06-11 18:50:56,True,Milieu (1500-4000),jumia_3800
WeShop Horloge décoratif comme un vase en fer trés chic design moderne,600.0,,0.0,https://www.jumia.ma/weshop-horloge-decoratif-comme-un-vase-en-fer-tres-chic-design-moderne-17799353.html,https://ma.jumia.is/unsafe/fit-in/300x300/filters:fill(white)/product/35/399771/1.jpg?6550,jumia,Salle A Manger,2026-06-11 18:51:28,False,Économique (500-1500),jumia_3803
Kitea Table Basse HARDY - Marron,1999.0,2495.0,20.0,https://www.jumia.ma/kitea-table-basse-hardy-marron-64766643.html,https://ma.jumia.is/unsafe/fit-in/300x300/filters:fill(white)/product/34/666746/1.jpg?2129,jumia,Salle A Manger,2026-06-11 18:51:18,True,Milieu (1500-4000),jumia_3812
Kitea Table À Manger Extensible COBURG 140cm - Blanc,1499.0,2995.0,50.0,https://www.jumia.ma/kitea-table-a-manger-extensible-coburg-140cm-blanc-66243519.html,https://ma.jumia.is/unsafe/fit-in/300x300/filters:fill(white)/product/91/534266/1.jpg?6149,jumia,Salle A Manger,2026-06-11 18:51:18,True,Économique (500-1500),jumia_3835
Dansmamaison.ma MARTIN Tabouret de bar en similicuir et piétement en métal - Gris,713.0,1200.0,41.0,https://www.jumia.ma/dansmamaison.ma-martin-tabouret-de-bar-en-similicuir-et-pietement-en-metal-gris-67234135.html,https://ma.jumia.is/unsafe/fit-in/300x300/filters:fill(white)/product/53/143276/1.jpg?4991,jumia,Salle A Manger,2026-06-11 18:50:58,True,Économique (500-1500),jumia_3859
Side table 40×40 cm - LOG555,399.0,600.0,34.0,https://www.jumia.ma/generic-side-table-4040-cm-log555-67171122.html,https://ma.jumia.is/unsafe/fit-in/300x300/filters:fill(white)/product/22/117176/1.jpg?6047,jumia,Salle A Manger,2026-06-11 18:51:49,True,Entrée (<500),jumia_3868
Kitea Table basse LACETTI - Beige/ crème,2990.0,,0.0,https://www.jumia.ma/kitea-table-basse-lacetti-beige-creme-65426104.html,https://ma.jumia.is/unsafe/fit-in/300x300/filters:fill(white)/product/40/162456/1.jpg?8526,jumia,Salle A Manger,2026-06-11 18:51:18,False,Milieu (1500-4000),jumia_3884
Lot de 2 tables basses – Style nordique et Design naturel,1889.0,2455.7,23.0,https://www.jumia.ma/generic-lot-de-2-tables-basses-style-nordique-et-design-naturel-67123200.html,https://ma.jumia.is/unsafe/fit-in/300x300/filters:fill(white)/product/00/232176/1.jpg?1444,jumia,Salle A Manger,2026-06-11 18:51:37,True,Milieu (1500-4000),jumia_3889
Kitea Table À Manger Monti 160Cm – Noir,2295.0,3499.0,34.0,https://www.jumia.ma/kitea-table-a-manger-monti-160cm-noir-67709839.html,https://ma.jumia.is/unsafe/fit-in/300x300/filters:fill(white)/product/93/890776/1.jpg?7376,jumia,Salle A Manger,2026-06-11 18:51:49,True,Milieu (1500-4000),jumia_3898
Table d'appoint bois,799.0,999.0,20.0,https://www.jumia.ma/generic-table-dappoint-bois-53016932.html,https://ma.jumia.is/unsafe/fit-in/300x300/filters:fill(white)/product/23/961035/1.jpg?5501,jumia,Salle A Manger,2026-06-11 18:51:27,True,Économique (500-1500),jumia_3907
Dansmamaison.ma MARIEL Chaise de salle a manger - Gris,1350.0,,0.0,https://www.jumia.ma/dansmamaison.ma-mariel-chaise-de-salle-a-manger-gris-67675218.html,https://ma.jumia.is/unsafe/fit-in/300x300/filters:fill(white)/product/81/257676/1.jpg?0873,jumia,Salle A Manger,2026-06-11 18:50:58,False,Économique (500-1500),jumia_3918
Elg Table d'appoint avec range revues,449.0,,0.0,https://www.jumia.ma/elg-table-dappoint-avec-range-revues-66017750.html,https://ma.jumia.is/unsafe/fit-in/300x300/filters:fill(white)/product/05/771066/1.jpg?2338,jumia,Salle A Manger,2026-06-11 18:51:49,False,Entrée (<500),jumia_3923
2 tables de basse,799.0,1119.0,29.0,https://www.jumia.ma/generic-2-tables-de-basse-53927517.html,https://ma.jumia.is/unsafe/fit-in/300x300/filters:fill(white)/product/71/572935/1.jpg?9826,jumia,Salle A Manger,2026-06-11 18:51:57,True,Économique (500-1500),jumia_3926
Armoire De Rangements Porte-vêtements En Métal à Double Pôle.porte vêtements fer noir,229.0,490.0,53.0,https://www.jumia.ma/generic-armoire-de-rangements-porte-vetements-en-metal-a-double-pole.porte-vetements-fer-noir-67876711.html,https://ma.jumia.is/unsafe/fit-in/300x300/filters:fill(white)/product/11/767876/1.jpg?1345,jumia,Salle A Manger,2026-06-11 18:50:48,True,Entrée (<500),jumia_3929
Table Pliante Portable pour Ordinateur – Bureau Multifonction pour Lit et Canapé,185.0,269.0,31.0,https://www.jumia.ma/generic-table-pliante-portable-pour-ordinateur-bureau-multifonction-pour-lit-et-canape-67960214.html,https://ma.jumia.is/unsafe/fit-in/300x300/filters:fill(white)/product/41/206976/1.jpg?9846,jumia,Salle A Manger,2026-06-11 18:51:20,True,Entrée (<500),jumia_3945
Kitea Table Basse LEWISVILLE - Beige / Blanc,1290.0,1990.0,35.0,https://www.jumia.ma/kitea-table-basse-lewisville-beige-blanc-65590983.html,https://ma.jumia.is/unsafe/fit-in/300x300/filters:fill(white)/product/38/909556/1.jpg?1324,jumia,Salle A Manger,2026-06-11 18:50:56,True,Économique (500-1500),jumia_3947
Kitea Table Basse CARDIGAN - Beige / Noir,1695.0,2395.0,29.0,https://www.jumia.ma/kitea-table-basse-cardigan-beige-noir-65590985.html,https://ma.jumia.is/unsafe/fit-in/300x300/filters:fill(white)/product/58/909556/1.jpg?1324,jumia,Salle A Manger,2026-06-11 18:51:37,True,Milieu (1500-4000),jumia_3950
Kitea TABLE BASSE SUWAN - Marron,1595.0,2495.0,36.0,https://www.jumia.ma/kitea-table-basse-suwan-marron-65702147.html,https://ma.jumia.is/unsafe/fit-in/300x300/filters:fill(white)/product/74/120756/1.jpg?9387,jumia,Salle A Manger,2026-06-11 18:50:46,True,Milieu (1500-4000),jumia_3953
Afer Table basse minimaliste moderne avec rangement,1499.0,,0.0,https://www.jumia.ma/afer-table-basse-minimaliste-moderne-avec-rangement-41027546.html,https://ma.jumia.is/unsafe/fit-in/300x300/filters:fill(white)/product/64/572014/1.jpg?9537,jumia,Salle A Manger,2026-06-11 18:51:37,False,Économique (500-1500),jumia_3976
"Table en laiton avec Pieds en bois amovibles,",699.0,1299.0,46.0,https://www.jumia.ma/generic-table-en-laiton-avec-pieds-en-bois-amovibles-58201868.html,https://ma.jumia.is/unsafe/fit-in/300x300/filters:fill(white)/product/86/810285/1.jpg?9424,jumia,Salle A Manger,2026-06-11 18:50:56,True,Économique (500-1500),jumia_3980
"COINS INOX Étagère d'angle de salle de bain, étagère de douche, organisateur de rangement, flottant Ablage Bohren",129.0,200.0,36.0,https://www.jumia.ma/generic-coins-inox-etagere-dangle-de-salle-de-bain-etagere-de-douche-organisateur-de-rangement-flottant-ablage-bohren-67916749.html,https://ma.jumia.is/unsafe/fit-in/300x300/filters:fill(white)/product/94/761976/1.jpg?4335,jumia,Salle A Manger,2026-06-11 18:50:58,True,Entrée (<500),jumia_3982
Elg Table d'appoint avec bac de rangement,700.0,,0.0,https://www.jumia.ma/elg-table-dappoint-avec-bac-de-rangement-66004172.html,https://ma.jumia.is/unsafe/fit-in/300x300/filters:fill(white)/product/27/140066/1.jpg?0106,jumia,Salle A Manger,2026-06-11 18:51:37,False,Économique (500-1500),jumia_3994
Table pliante R152 d'excellente qualite pour les conférences et les fete,1899.0,2399.0,21.0,https://www.jumia.ma/generic-table-pliante-r152-dexcellente-qualite-pour-les-conferences-et-les-fete-67766870.html,https://ma.jumia.is/unsafe/fit-in/300x300/filters:fill(white)/product/07/866776/1.jpg?5268,jumia,Salle A Manger,2026-06-11 18:51:20,True,Milieu (1500-4000),jumia_4001
"Table pliable mural cuisine ,salle à manger , bureau, coin caffé",249.0,600.0,62.0,https://www.jumia.ma/generic-table-pliable-mural-cuisine-salle-a-manger-bureau-coin-caffe-66103548.html,https://ma.jumia.is/unsafe/fit-in/300x300/filters:fill(white)/product/84/530166/1.jpg?4186,jumia,Salle A Manger,2026-06-11 18:50:56,True,Entrée (<500),jumia_4002
Table de Camping Pliante en Aluminium 70x70 cm – Table céarre Portable avec Plateau Enroulable et Sac de Transport – Pour 4 Personnes,967.08,1353.91,29.0,https://www.jumia.ma/generic-table-de-camping-pliante-en-aluminium-70x70-cm-table-cearre-portable-avec-plateau-enroulable-et-sac-de-transport-pour-4-personnes-67721388.html,https://ma.jumia.is/unsafe/fit-in/300x300/filters:fill(white)/product/88/312776/1.jpg?2924,jumia,Salle A Manger,2026-06-11 18:51:20,True,Économique (500-1500),jumia_4006
Dansmamaison.ma ASILAH Ensemble de jardin 3 pièces,2650.0,,0.0,https://www.jumia.ma/dansmamaison.ma-asilah-ensemble-de-jardin-3-pieces-67840606.html,https://ma.jumia.is/unsafe/fit-in/300x300/filters:fill(white)/product/60/604876/1.jpg?7644,jumia,Salle A Manger,2026-06-11 18:51:11,False,Milieu (1500-4000),jumia_4007
Dansmamaison.ma BILBAO Tabouret de bar réglable - Blanc,566.0,950.0,40.0,https://www.jumia.ma/dansmamaison.ma-bilbao-tabouret-de-bar-reglable-blanc-67234137.html,https://ma.jumia.is/unsafe/fit-in/300x300/filters:fill(white)/product/73/143276/1.jpg?4993,jumia,Salle A Manger,2026-06-11 18:50:48,True,Économique (500-1500),jumia_4021
Table ronde de salon -50cm-,349.0,599.0,42.0,https://www.jumia.ma/generic-table-ronde-de-salon-50cm-59752369.html,https://ma.jumia.is/unsafe/fit-in/300x300/filters:fill(white)/product/96/325795/1.jpg?6925,jumia,Salle A Manger,2026-06-11 18:51:27,True,Entrée (<500),jumia_4023
Dansmamaison.ma Pack MYA - Ensemble Chaises de Bureau Complet Style Vintage 1 Direction + 2 Visiteurs - Marron,4450.0,,0.0,https://www.jumia.ma/dansmamaison.ma-pack-mya-ensemble-chaises-de-bureau-complet-style-vintage-1-direction-2-visiteurs-marron-67916987.html,https://ma.jumia.is/unsafe/fit-in/300x300/filters:fill(white)/product/78/961976/1.jpg?4771,jumia,Salle A Manger,2026-06-11 18:51:11,False,Premium (4000-10k),jumia_4043
Tabouret pour assistante dentaire,699.0,1300.0,46.0,https://www.jumia.ma/generic-tabouret-pour-assistante-dentaire-67559261.html,https://ma.jumia.is/unsafe/fit-in/300x300/filters:fill(white)/product/16/295576/1.jpg?8312,jumia,Salle A Manger,2026-06-11 18:51:20,True,Économique (500-1500),jumia_4046
Table basse ronde de 58 cm,849.0,999.0,15.0,https://www.jumia.ma/generic-table-basse-ronde-de-58-cm-66590433.html,https://ma.jumia.is/unsafe/fit-in/300x300/filters:fill(white)/product/33/409566/1.jpg?9947,jumia,Salle A Manger,2026-06-11 18:51:43,True,Économique (500-1500),jumia_4050
Table Basse Ronde  Ø70cm design Scandinave Moderne Chêne Chaud/Noir,599.0,,0.0,https://www.jumia.ma/generic-table-basse-ronde-o70cm-design-scandinave-moderne-chene-chaudnoir-67826014.html,https://ma.jumia.is/unsafe/fit-in/300x300/filters:fill(white)/product/41/062876/1.jpg?1658,jumia,Salle A Manger,2026-06-11 18:51:49,False,Économique (500-1500),jumia_4058
Dansmamaison.ma ROMY Chaise rembourrées au design moderne de luxe de haute qualité avec pieds en métal - Gris clair,1450.0,,0.0,https://www.jumia.ma/dansmamaison.ma-romy-chaise-rembourrees-au-design-moderne-de-luxe-de-haute-qualite-avec-pieds-en-metal-gris-clair-67916435.html,https://ma.jumia.is/unsafe/fit-in/300x300/filters:fill(white)/product/53/461976/1.jpg?4175,jumia,Salle A Manger,2026-06-11 18:51:11,False,Économique (500-1500),jumia_4062
Kitea TABLE à MANGER Extensible NOMA 140-200cm - Noir,4999.0,7995.0,38.0,https://www.jumia.ma/kitea-table-a-manger-extensible-noma-140-200cm-noir-67001270.html,https://ma.jumia.is/unsafe/fit-in/300x300/filters:fill(white)/product/07/210076/1.jpg?5781,jumia,Salle A Manger,2026-06-11 18:51:27,True,Premium (4000-10k),jumia_4075
Kitea Table ronde SOLI 65x43cm – Noir / Bois,1795.0,2499.0,28.0,https://www.jumia.ma/kitea-table-ronde-soli-65x43cm-noir-bois-67390770.html,https://ma.jumia.is/unsafe/fit-in/300x300/filters:fill(white)/product/07/709376/1.jpg?6896,jumia,Salle A Manger,2026-06-11 18:51:27,True,Milieu (1500-4000),jumia_4078
Table d'appoint de canapé contemporaine en forme de C en noyer avec roulettes pour espaces compacts,249.0,650.0,62.0,https://www.jumia.ma/generic-table-dappoint-de-canape-contemporaine-en-forme-de-c-en-noyer-avec-roulettes-pour-espaces-compacts-67588724.html,https://ma.jumia.is/unsafe/fit-in/300x300/filters:fill(white)/product/42/788576/1.jpg?3271,jumia,Salle A Manger,2026-06-11 18:51:20,True,Entrée (<500),jumia_4081
Table Basse modern en bois mdf modern,949.0,1260.0,25.0,https://www.jumia.ma/generic-table-basse-modern-en-bois-mdf-modern-66967261.html,https://ma.jumia.is/unsafe/fit-in/300x300/filters:fill(white)/product/16/276966/1.jpg?4783,jumia,Salle A Manger,2026-06-11 18:51:10,True,Économique (500-1500),jumia_4089
Table d'appoint Ronde Bordeaux Ø47cm Acier/PP Design Moderne Multifonctionnel Salon Chambre Bureau,295.0,383.5,23.0,https://www.jumia.ma/generic-table-dappoint-ronde-bordeaux-o47cm-acierpp-design-moderne-multifonctionnel-salon-chambre-bureau-67639353.html,https://ma.jumia.is/unsafe/fit-in/300x300/filters:fill(white)/product/35/393676/1.jpg?2798,jumia,Salle A Manger,2026-06-11 18:51:27,True,Entrée (<500),jumia_4109
Dansmamaison.ma JULIA Table rectangulaire 140 x 80 cm (sans chaises),1188.0,2100.0,43.0,https://www.jumia.ma/dansmamaison.ma-julia-table-rectangulaire-140-x-80-cm-sans-chaises-67302492.html,https://ma.jumia.is/unsafe/fit-in/300x300/filters:fill(white)/product/29/420376/1.jpg?9808,jumia,Salle A Manger,2026-06-11 18:50:39,True,Économique (500-1500),jumia_4119
TABLE BASSES style scandinave : COFFEE TABLE,189.0,299.0,37.0,https://www.jumia.ma/generic-table-basses-style-scandinave-coffee-table-67791089.html,https://ma.jumia.is/unsafe/fit-in/300x300/filters:fill(white)/product/98/019776/1.jpg?4819,jumia,Salle A Manger,2026-06-11 18:51:11,True,Entrée (<500),jumia_4140
Kitea Table À Manger Ruth En Verre Transparent Pieds - Argenté,2995.0,4895.0,39.0,https://www.jumia.ma/kitea-table-a-manger-ruth-en-verre-transparent-pieds-argente-67756563.html,https://ma.jumia.is/unsafe/fit-in/300x300/filters:fill(white)/product/36/565776/1.jpg?8619,jumia,Salle A Manger,2026-06-11 18:51:37,True,Milieu (1500-4000),jumia_4146
Dansmamaison.ma LORENZA Buffet avec 4 portes et 1 tiroir 180 cm - Taupe,3750.0,,0.0,https://www.jumia.ma/dansmamaison.ma-lorenza-buffet-avec-4-portes-et-1-tiroir-180-cm-taupe-67674636.html,https://ma.jumia.is/unsafe/fit-in/300x300/filters:fill(white)/product/63/647676/1.jpg?9555,jumia,Salle A Manger,2026-06-11 18:50:58,False,Milieu (1500-4000),jumia_4149
Kitea Table Basse FLEMENS - Taupe / Chêne,1995.0,2595.0,23.0,https://www.jumia.ma/kitea-table-basse-flemens-taupe-chene-65752865.html,https://ma.jumia.is/unsafe/fit-in/300x300/filters:fill(white)/product/56/825756/1.jpg?3086,jumia,Salle A Manger,2026-06-11 18:50:56,True,Milieu (1500-4000),jumia_4154
Table en bois d'arbre naturel avec deux petits tabourets,549.0,699.0,22.0,https://www.jumia.ma/table-en-bois-darbre-naturel-avec-deux-petits-tabourets-generic-mpg1374769.html,https://ma.jumia.is/unsafe/fit-in/300x300/filters:fill(white)/product/30/572935/1.jpg?9826,jumia,Salle A Manger,2026-06-11 18:51:43,True,Économique (500-1500),jumia_4159
Table élégante en bois massif de thuya,450.0,650.0,31.0,https://www.jumia.ma/generic-table-elegante-en-bois-massif-de-thuya-67622706.html,https://ma.jumia.is/unsafe/fit-in/300x300/filters:fill(white)/product/60/722676/1.jpg?6326,jumia,Salle A Manger,2026-06-11 18:51:49,True,Entrée (<500),jumia_4161
"Table d'appoint Gain de Place, Design Contemporain avec Plateau en Bois et Cadre Métallique, Idéale pour Salon ou Balcon",139.0,299.0,54.0,https://www.jumia.ma/generic-table-dappoint-gain-de-place-design-contemporain-avec-plateau-en-bois-et-cadre-metallique-ideale-pour-salon-ou-balcon-67936838.html,https://ma.jumia.is/unsafe/fit-in/300x300/filters:fill(white)/product/83/863976/1.jpg?7824,jumia,Salle A Manger,2026-06-11 18:50:46,True,Entrée (<500),jumia_4178
"Table basse, Bout de canapé – Design scandinave blanc & bambou naturel",435.0,565.5,23.0,https://www.jumia.ma/generic-table-basse-bout-de-canape-design-scandinave-blanc-bambou-naturel-67123389.html,https://ma.jumia.is/unsafe/fit-in/300x300/filters:fill(white)/product/98/332176/1.jpg?2959,jumia,Salle A Manger,2026-06-11 18:50:56,True,Entrée (<500),jumia_4205
Dansmamaison.ma OSLO Chaise style scandinave - Vert,452.0,675.0,33.0,https://www.jumia.ma/dansmamaison.ma-oslo-chaise-style-scandinave-vert-67306178.html,https://ma.jumia.is/unsafe/fit-in/300x300/filters:fill(white)/product/87/160376/1.jpg?9011,jumia,Salle A Manger,2026-06-11 18:50:58,True,Entrée (<500),jumia_4207
Kitea Table De Coin MARCELLA - Blanc / Marron,3495.0,4990.0,30.0,https://www.jumia.ma/kitea-table-de-coin-marcella-blanc-marron-65758456.html,https://ma.jumia.is/unsafe/fit-in/300x300/filters:fill(white)/product/65/485756/1.jpg?8999,jumia,Salle A Manger,2026-06-11 18:51:43,True,Milieu (1500-4000),jumia_4215
Kitea TABLE BASSE AJUSTABLE CORTADO - Marron,2295.0,4249.0,46.0,https://www.jumia.ma/kitea-table-basse-ajustable-cortado-marron-66178118.html,https://ma.jumia.is/unsafe/fit-in/300x300/filters:fill(white)/product/81/187166/1.jpg?6747,jumia,Salle A Manger,2026-06-11 18:51:27,True,Milieu (1500-4000),jumia_4219
Kitea Table basse LYON - Blanc / Chêne,1095.0,,0.0,https://www.jumia.ma/kitea-table-basse-lyon-blanc-chene-65694702.html,https://ma.jumia.is/unsafe/fit-in/300x300/filters:fill(white)/product/20/749656/1.jpg?4566,jumia,Salle A Manger,2026-06-11 18:50:46,False,Économique (500-1500),jumia_4223
2 Table Basse modern en bois mdf  AVEC etager,950.0,1300.0,27.0,https://www.jumia.ma/generic-2-table-basse-modern-en-bois-mdf-avec-etager-66968391.html,https://ma.jumia.is/unsafe/fit-in/300x300/filters:fill(white)/product/19/386966/1.jpg?4485,jumia,Salle A Manger,2026-06-11 18:51:43,True,Économique (500-1500),jumia_4225
Kitea Table Basse Extensible LEA - Blanc,2599.0,4490.0,42.0,https://www.jumia.ma/kitea-table-basse-extensible-lea-blanc-65755456.html,https://ma.jumia.is/unsafe/fit-in/300x300/filters:fill(white)/product/65/455756/1.jpg?4646,jumia,Salle A Manger,2026-06-11 18:51:37,True,Milieu (1500-4000),jumia_4230
Kitea Buffet DAMA à 2 Portes - Gris Foncé Brillant,3995.0,4495.0,11.0,https://www.jumia.ma/kitea-buffet-dama-a-2-portes-gris-fonce-brillant-66022301.html,https://ma.jumia.is/unsafe/fit-in/300x300/filters:fill(white)/product/10/322066/1.jpg?9426,jumia,Salle A Manger,2026-06-11 18:51:11,True,Milieu (1500-4000),jumia_4244
Dansmamaison.ma FORTALEZA Fauteuil visiteur en méche- Gris,1136.0,1550.0,27.0,https://www.jumia.ma/dansmamaison.ma-fortaleza-fauteuil-visiteur-en-meche-gris-67302486.html,https://ma.jumia.is/unsafe/fit-in/300x300/filters:fill(white)/product/68/420376/1.jpg?9804,jumia,Salle A Manger,2026-06-11 18:50:58,True,Économique (500-1500),jumia_4249
Bout de Canapé Blanc/Bambou 40x40cm Table Basse Design Scandinave Moderne Salon Chambre Multifonctionnel,375.0,487.5,23.0,https://www.jumia.ma/generic-bout-de-canape-blancbambou-40x40cm-table-basse-design-scandinave-moderne-salon-chambre-multifonctionnel-67639365.html,https://ma.jumia.is/unsafe/fit-in/300x300/filters:fill(white)/product/56/393676/1.jpg?2809,jumia,Salle A Manger,2026-06-11 18:51:10,True,Entrée (<500),jumia_4258
Table pliable murale 1m/ 50,199.0,390.0,49.0,https://www.jumia.ma/generic-table-pliable-murale-1m-50-67669239.html,https://ma.jumia.is/unsafe/fit-in/300x300/filters:fill(white)/product/93/296676/1.jpg?6165,jumia,Salle A Manger,2026-06-11 18:50:56,True,Entrée (<500),jumia_4265
Kitea Caisson Start Pro - Noyer/Gris,999.0,,0.0,https://www.jumia.ma/kitea-caisson-start-pro-noyergris-67659599.html,https://ma.jumia.is/unsafe/fit-in/300x300/filters:fill(white)/product/99/595676/1.jpg?2493,jumia,Salle A Manger,2026-06-11 18:51:10,False,Économique (500-1500),jumia_4269
Table d'appoint C design moderne - couleur aleatoire,175.12,199.0,12.0,https://www.jumia.ma/generic-table-dappoint-c-design-moderne-couleur-aleatoire-67724342.html,https://ma.jumia.is/unsafe/fit-in/300x300/filters:fill(white)/product/24/342776/1.jpg?0741,jumia,Salle A Manger,2026-06-11 18:51:11,True,Entrée (<500),jumia_4289
Kitea Table À Manger HEAVEN 119x76cm -  Beige,2995.0,3695.0,19.0,https://www.jumia.ma/kitea-table-a-manger-heaven-119x76cm-beige-63343472.html,https://ma.jumia.is/unsafe/fit-in/300x300/filters:fill(white)/product/27/434336/1.jpg?9690,jumia,Salle A Manger,2026-06-11 18:50:58,True,Milieu (1500-4000),jumia_4295
"Table Plateau pliable portable, Support Table Bureau de lit plateau de café",366.71,513.39,29.0,https://www.jumia.ma/table-plateau-pliable-portable-support-table-bureau-de-lit-plateau-de-cafe-generic-mpg1580079.html,https://ma.jumia.is/unsafe/fit-in/300x300/filters:fill(white)/product/74/007676/1.jpg?6348,jumia,Salle A Manger,2026-06-11 18:51:20,True,Entrée (<500),jumia_4307
Table de cuisine,599.0,799.0,25.0,https://www.jumia.ma/generic-table-de-cuisine-61368288.html,https://ma.jumia.is/unsafe/fit-in/300x300/filters:fill(white)/product/88/286316/1.jpg?5191,jumia,Salle A Manger,2026-06-11 18:50:39,True,Économique (500-1500),jumia_4330
"Table de luxe, meuble d'extrémité de canapé épais, Anti-chute, petite Table de balcon, support de café artistique moderne Casiers de Baker",229.0,400.0,43.0,https://www.jumia.ma/generic-table-de-luxe-meuble-dextremite-de-canape-epais-anti-chute-petite-table-de-balcon-support-de-cafe-artistique-moderne-casiers-de-baker-67916814.html,https://ma.jumia.is/unsafe/fit-in/300x300/filters:fill(white)/product/41/861976/1.jpg?4462,jumia,Salle A Manger,2026-06-11 18:50:39,True,Entrée (<500),jumia_4336
Kitea Table Basse Cut Out - Chêne Beige,1495.0,1795.0,17.0,https://www.jumia.ma/kitea-table-basse-cut-out-chene-beige-67739122.html,https://ma.jumia.is/unsafe/fit-in/300x300/filters:fill(white)/product/22/193776/1.jpg?7942,jumia,Salle A Manger,2026-06-11 18:50:46,True,Économique (500-1500),jumia_4340
Table de petit-déjeuner en bois pliable – Multifonction pour lit et canapé – Design élégant et stable,149.0,249.0,40.0,https://www.jumia.ma/table-de-petit-dejeuner-en-bois-pliable-multifonction-pour-lit-et-canape-design-elegant-et-stable-generic-mpg1553053.html,https://ma.jumia.is/unsafe/fit-in/300x300/filters:fill(white)/product/58/969476/1.jpg?3843,jumia,Salle A Manger,2026-06-11 18:51:20,True,Entrée (<500),jumia_4342
Kitea Table extensible BROLO - Noir / Chêne,2990.0,,0.0,https://www.jumia.ma/kitea-table-extensible-brolo-noir-chene-63344433.html,https://ma.jumia.is/unsafe/fit-in/300x300/filters:fill(white)/product/33/444336/1.jpg?9902,jumia,Salle A Manger,2026-06-11 18:50:48,False,Milieu (1500-4000),jumia_4352
Kitea TABLE BASSE TORNADO - Chêne,1295.0,1795.0,28.0,https://www.jumia.ma/kitea-table-basse-tornado-chene-65787003.html,https://ma.jumia.is/unsafe/fit-in/300x300/filters:fill(white)/product/30/078756/1.jpg?3441,jumia,Salle A Manger,2026-06-11 18:51:37,True,Économique (500-1500),jumia_4360
Dansmamaison.ma Lot de 4 chaises Oslo - bordeau,1611.0,2400.0,33.0,https://www.jumia.ma/dansmamaison.ma-lot-de-4-chaises-oslo-bordeau-67302387.html,https://ma.jumia.is/unsafe/fit-in/300x300/filters:fill(white)/product/78/320376/1.jpg?5868,jumia,Salle A Manger,2026-06-11 18:50:58,True,Milieu (1500-4000),jumia_4378
"Table de cuisine Anti-chute, petite Table de balcon, support de café artistique moderne",259.0,440.0,41.0,https://www.jumia.ma/generic-table-de-cuisine-anti-chute-petite-table-de-balcon-support-de-cafe-artistique-moderne-67916867.html,https://ma.jumia.is/unsafe/fit-in/300x300/filters:fill(white)/product/76/861976/1.jpg?4551,jumia,Salle A Manger,2026-06-11 18:50:48,True,Entrée (<500),jumia_4380
Afer Table basse comptoir,1699.0,,0.0,https://www.jumia.ma/afer-table-basse-comptoir-41027547.html,https://ma.jumia.is/unsafe/fit-in/300x300/filters:fill(white)/product/74/572014/1.jpg?9536,jumia,Salle A Manger,2026-06-11 18:51:18,False,Milieu (1500-4000),jumia_4392
Kitea Table basse SAVOY Chêne Marron Clair,1495.0,,0.0,https://www.jumia.ma/kitea-table-basse-savoy-chene-marron-clair-63343995.html,https://ma.jumia.is/unsafe/fit-in/300x300/filters:fill(white)/product/59/934336/1.jpg?9818,jumia,Salle A Manger,2026-06-11 18:51:43,False,Économique (500-1500),jumia_4402
Grande Table de salon,449.0,799.0,44.0,https://www.jumia.ma/generic-grande-table-de-salon-61735736.html,https://ma.jumia.is/unsafe/fit-in/300x300/filters:fill(white)/product/63/753716/1.jpg?4805,jumia,Salle A Manger,2026-06-11 18:51:27,True,Entrée (<500),jumia_4405
Table basse - plusieurs tailles - SHAM136,750.0,1200.0,38.0,https://www.jumia.ma/generic-table-basse-plusieurs-tailles-sham136-67184226.html,https://ma.jumia.is/unsafe/fit-in/300x300/filters:fill(white)/product/62/248176/1.jpg?8798,jumia,Salle A Manger,2026-06-11 18:50:56,True,Économique (500-1500),jumia_4408
Kitea Table Basse BAILEY - Vintage,995.0,,0.0,https://www.jumia.ma/kitea-table-basse-bailey-vintage-62104032.html,https://ma.jumia.is/unsafe/fit-in/300x300/filters:fill(white)/product/23/040126/1.jpg?1749,jumia,Salle A Manger,2026-06-11 18:50:46,False,Économique (500-1500),jumia_4422
Kitea Table Basse AZUL - Bleu Transparent,999.0,1495.0,33.0,https://www.jumia.ma/kitea-table-basse-azul-bleu-transparent-65756035.html,https://ma.jumia.is/unsafe/fit-in/300x300/filters:fill(white)/product/53/065756/1.jpg?4741,jumia,Salle A Manger,2026-06-11 18:51:18,True,Économique (500-1500),jumia_4437
"Table basse compacte – Plastique démontable, idéale pour les petits espaces",68.0,92.0,26.0,https://www.jumia.ma/generic-table-basse-compacte-plastique-demontable-ideale-pour-les-petits-espaces-67226878.html,https://ma.jumia.is/unsafe/fit-in/300x300/filters:fill(white)/product/87/862276/1.jpg?6026,jumia,Salle A Manger,2026-06-11 18:50:46,True,Entrée (<500),jumia_4451
Kitea Set De 2 Tables Basses Riley - Blanc Brillant,2490.0,2990.0,17.0,https://www.jumia.ma/kitea-set-de-2-tables-basses-riley-blanc-brillant-67756609.html,https://ma.jumia.is/unsafe/fit-in/300x300/filters:fill(white)/product/90/665776/1.jpg?8814,jumia,Salle A Manger,2026-06-11 18:51:37,True,Milieu (1500-4000),jumia_4454
Kitea Table À Manger Laroja - Blanc Transparent,2295.0,2995.0,23.0,https://www.jumia.ma/kitea-table-a-manger-laroja-blanc-transparent-67709807.html,https://ma.jumia.is/unsafe/fit-in/300x300/filters:fill(white)/product/70/890776/1.jpg?7309,jumia,Salle A Manger,2026-06-11 18:51:37,True,Milieu (1500-4000),jumia_4459
Elg Petite table d'appoint ovale avec range revues,449.0,590.0,24.0,https://www.jumia.ma/elg-petite-table-dappoint-ovale-avec-range-revues-66003794.html,https://ma.jumia.is/unsafe/fit-in/300x300/filters:fill(white)/product/49/730066/1.jpg?8606,jumia,Salle A Manger,2026-06-11 18:50:46,True,Entrée (<500),jumia_4511
"Table basse, Table basse Live Edge - TON",720.0,850.0,15.0,https://www.jumia.ma/generic-table-basse-table-basse-live-edge-ton-64462990.html,https://ma.jumia.is/unsafe/fit-in/300x300/filters:fill(white)/product/09/926446/1.jpg?5054,jumia,Salle A Manger,2026-06-11 18:51:43,True,Économique (500-1500),jumia_4518
Elg Table plateau pliable en bois,699.0,,0.0,https://www.jumia.ma/elg-table-plateau-pliable-en-bois-66003801.html,https://ma.jumia.is/unsafe/fit-in/300x300/filters:fill(white)/product/10/830066/1.jpg?9145,jumia,Salle A Manger,2026-06-11 18:51:49,False,Économique (500-1500),jumia_4526
"Table d'appoint, table d'appoint avec 3 pieds - ARISTO",650.0,,0.0,https://www.jumia.ma/generic-table-dappoint-table-dappoint-avec-3-pieds-aristo-52705609.html,https://ma.jumia.is/unsafe/fit-in/300x300/filters:fill(white)/product/90/650725/1.jpg?4576,jumia,Salle A Manger,2026-06-11 18:51:27,False,Économique (500-1500),jumia_4533
Elg Table plateau ronde,399.0,,0.0,https://www.jumia.ma/elg-table-plateau-ronde-66003798.html,https://ma.jumia.is/unsafe/fit-in/300x300/filters:fill(white)/product/89/730066/1.jpg?8965,jumia,Salle A Manger,2026-06-11 18:51:18,False,Entrée (<500),jumia_4537
Table basse d'appoint en pin,399.0,650.0,39.0,https://www.jumia.ma/generic-table-basse-dappoint-en-pin-48340460.html,https://ma.jumia.is/unsafe/fit-in/300x300/filters:fill(white)/product/06/404384/1.jpg?6917,jumia,Salle A Manger,2026-06-11 18:51:43,True,Entrée (<500),jumia_4551
set 2 table basse ensemble - Ballare - Chêne - 90x35x60cm - 60x40x40cm - Monté,899.0,1100.0,18.0,https://www.jumia.ma/generic-set-2-table-basse-ensemble-ballare-chene-90x35x60cm-60x40x40cm-monte-67284412.html,https://ma.jumia.is/unsafe/fit-in/300x300/filters:fill(white)/product/21/448276/1.jpg?4124,jumia,Salle A Manger,2026-06-11 18:51:57,True,Économique (500-1500),jumia_4553
Table Basse Naturel - SILVEY,390.0,419.0,7.0,https://www.jumia.ma/generic-table-basse-naturel-silvey-65830129.html,https://ma.jumia.is/unsafe/fit-in/300x300/filters:fill(white)/product/92/103856/1.jpg?8225,jumia,Salle A Manger,2026-06-11 18:51:10,True,Entrée (<500),jumia_4559
Kitea Table À Manger MOJO  - Marron,3995.0,5990.0,33.0,https://www.jumia.ma/kitea-table-a-manger-mojo-marron-63959429.html,https://ma.jumia.is/unsafe/fit-in/300x300/filters:fill(white)/product/92/495936/1.jpg?9228,jumia,Salle A Manger,2026-06-11 18:50:58,True,Milieu (1500-4000),jumia_4566
Grande Table basse ronde en chêne avec pieds en épingle à cheveux,499.0,699.0,29.0,https://www.jumia.ma/generic-grande-table-basse-ronde-en-chene-avec-pieds-en-epingle-a-cheveux-61368285.html,https://ma.jumia.is/unsafe/fit-in/300x300/filters:fill(white)/product/58/286316/1.jpg?5124,jumia,Salle A Manger,2026-06-11 18:50:46,True,Entrée (<500),jumia_4570
Dansmamaison.ma MIRANDA Buffet avec 3 portes et 3 tiroirs 191 cm,4200.0,,0.0,https://www.jumia.ma/dansmamaison.ma-miranda-buffet-avec-3-portes-et-3-tiroirs-191-cm-67674638.html,https://ma.jumia.is/unsafe/fit-in/300x300/filters:fill(white)/product/83/647676/1.jpg?9556,jumia,Salle A Manger,2026-06-11 18:51:11,False,Premium (4000-10k),jumia_4587
Kitea Table basse INSTA - Blanc Laqué,3395.0,4795.0,29.0,https://www.jumia.ma/kitea-table-basse-insta-blanc-laque-65778382.html,https://ma.jumia.is/unsafe/fit-in/300x300/filters:fill(white)/product/28/387756/1.jpg?6566,jumia,Salle A Manger,2026-06-11 18:51:37,True,Milieu (1500-4000),jumia_4591
Dansmamaison.ma ELFA Buffet avec 2 portes plus 2 niches et 3 tiroirs 165 cm,3400.0,,0.0,https://www.jumia.ma/dansmamaison.ma-elfa-buffet-avec-2-portes-plus-2-niches-et-3-tiroirs-165-cm-67675221.html,https://ma.jumia.is/unsafe/fit-in/300x300/filters:fill(white)/product/12/257676/1.jpg?0875,jumia,Salle A Manger,2026-06-11 18:50:58,False,Milieu (1500-4000),jumia_4610
Table d’Appoint Design en Bois avec Pied Métallique Élégance Moderne pour Salon ou Chambre,299.0,,0.0,https://www.jumia.ma/generic-table-dappoint-design-en-bois-avec-pied-metallique-elegance-moderne-pour-salon-ou-chambre-67659593.html,https://ma.jumia.is/unsafe/fit-in/300x300/filters:fill(white)/product/39/595676/1.jpg?2487,jumia,Salle A Manger,2026-06-11 18:50:46,False,Entrée (<500),jumia_4624
Kitea Table basse PESARO - Chêne / Gris,2895.0,3399.0,15.0,https://www.jumia.ma/kitea-table-basse-pesaro-chene-gris-67389690.html,https://ma.jumia.is/unsafe/fit-in/300x300/filters:fill(white)/product/09/698376/1.jpg?9147,jumia,Salle A Manger,2026-06-11 18:51:37,True,Milieu (1500-4000),jumia_4629
"Table basse ronde, table basse en bois",359.0,550.0,35.0,https://www.jumia.ma/generic-table-basse-ronde-table-basse-en-bois-52705556.html,https://ma.jumia.is/unsafe/fit-in/300x300/filters:fill(white)/product/65/550725/1.jpg?4581,jumia,Salle A Manger,2026-06-11 18:50:56,True,Entrée (<500),jumia_4634
"Piédestal Décoratif 32xH45cm - Bois/Jonc Naturel - Support de Plante, Vase & Objet d'Art - Style Bohème Chic",375.0,487.5,23.0,https://www.jumia.ma/generic-piedestal-decoratif-32xh45cm-boisjonc-naturel-support-de-plante-vase-objet-dart-style-boheme-chic-67346850.html,https://ma.jumia.is/unsafe/fit-in/300x300/filters:fill(white)/product/05/864376/1.jpg?4409,jumia,Salle A Manger,2026-06-11 18:51:18,True,Entrée (<500),jumia_4646
Dansmamaison.ma Lot de 4 chaises Oslo - taupe,1611.0,2400.0,33.0,https://www.jumia.ma/dansmamaison.ma-lot-de-4-chaises-oslo-taupe-67302392.html,https://ma.jumia.is/unsafe/fit-in/300x300/filters:fill(white)/product/29/320376/1.jpg?5889,jumia,Salle A Manger,2026-06-11 18:50:39,True,Milieu (1500-4000),jumia_4650
Table murale Pliable pour cuisine ou bureau 70/40,179.1,399.0,55.0,https://www.jumia.ma/generic-table-murale-pliable-pour-cuisine-ou-bureau-7040-47046617.html,https://ma.jumia.is/unsafe/fit-in/300x300/filters:fill(white)/product/71/664074/1.jpg?0097,jumia,Salle A Manger,2026-06-11 18:50:39,True,Entrée (<500),jumia_4660
Table basse d’appoint en bois de pin avec pieds métalliques arrondis – design moderne et élégant idéal pour le salon avec solidité et stabilité(Couleur bois avec pieds noirs),249.0,399.0,38.0,https://www.jumia.ma/generic-table-basse-dappoint-en-bois-de-pin-avec-pieds-metalliques-arrondis-design-moderne-et-elegant-ideal-pour-le-salon-avec-solidite-et-stabilitecouleur-bois-avec-pieds-noirs-67885184.html,https://ma.jumia.is/unsafe/fit-in/300x300/filters:fill(white)/product/48/158876/1.jpg?0332,jumia,Salle A Manger,2026-06-11 18:51:18,True,Entrée (<500),jumia_4674
Tabouret chaise de bar,699.0,,0.0,https://www.jumia.ma/generic-tabouret-chaise-de-bar-66569778.html,https://ma.jumia.is/unsafe/fit-in/300x300/filters:fill(white)/product/87/796566/1.jpg?8181,jumia,Salle A Manger,2026-06-11 18:50:58,False,Économique (500-1500),jumia_4682
"Table sur pied Lux des Tables d'appoint Mobile nordique de luxe, meuble d'extrémité de canapé épais, Anti-chute, petite Table de balcon, support de café artistique Table utilitaires",249.0,800.0,69.0,https://www.jumia.ma/generic-table-sur-pied-lux-des-tables-dappoint-mobile-nordique-de-luxe-meuble-dextremite-de-canape-epais-anti-chute-petite-table-de-balcon-support-de-cafe-artistique-table-utilitaires-67616846.html,https://ma.jumia.is/unsafe/fit-in/300x300/filters:fill(white)/product/64/861676/1.jpg?2134,jumia,Salle A Manger,2026-06-11 18:51:43,True,Entrée (<500),jumia_4694
Table basse Sophia,1999.0,,0.0,https://www.jumia.ma/generic-table-basse-sophia-62378230.html,https://ma.jumia.is/unsafe/fit-in/300x300/filters:fill(white)/product/03/287326/1.jpg?7613,jumia,Salle A Manger,2026-06-11 18:51:27,False,Milieu (1500-4000),jumia_4697
Dansmamaison.ma ARUS Chaise de salle a manger - Bleu,750.0,,0.0,https://www.jumia.ma/dansmamaison.ma-arus-chaise-de-salle-a-manger-bleu-67675234.html,https://ma.jumia.is/unsafe/fit-in/300x300/filters:fill(white)/product/43/257676/1.jpg?0883,jumia,Salle A Manger,2026-06-11 18:51:11,False,Économique (500-1500),jumia_4705
Kitea Table Basse MOJO - Marron,1995.0,2999.0,34.0,https://www.jumia.ma/kitea-table-basse-mojo-marron-63959433.html,https://ma.jumia.is/unsafe/fit-in/300x300/filters:fill(white)/product/33/495936/1.jpg?2791,jumia,Salle A Manger,2026-06-11 18:51:27,True,Milieu (1500-4000),jumia_4709
Dansmamaison.ma Lot de 4 chaises OSLO - Blanc,1611.0,2400.0,33.0,https://www.jumia.ma/dansmamaison.ma-lot-de-4-chaises-oslo-blanc-67302391.html,https://ma.jumia.is/unsafe/fit-in/300x300/filters:fill(white)/product/19/320376/1.jpg?5889,jumia,Salle A Manger,2026-06-11 18:50:39,True,Milieu (1500-4000),jumia_4716
Gourde de sport motivante de 2 L – Gourde avec repères temporels et paille réutilisable,83.0,,0.0,https://www.jumia.ma/generic-gourde-de-sport-motivante-de-2-l-gourde-avec-reperes-temporels-et-paille-reutilisable-67463131.html,https://ma.jumia.is/unsafe/fit-in/300x300/filters:fill(white)/product/13/136476/1.jpg?5416,jumia,Salle A Manger,2026-06-11 18:51:20,False,Entrée (<500),jumia_4734
Bout de Canapé Design Scandinave 55x55 cm – Plateau Blanc & Structure Bambou Naturel – Table d'Appoint Polyvalente,435.0,565.5,23.0,https://www.jumia.ma/generic-bout-de-canape-design-scandinave-55x55-cm-plateau-blanc-structure-bambou-naturel-table-dappoint-polyvalente-67366684.html,https://ma.jumia.is/unsafe/fit-in/300x300/filters:fill(white)/product/48/666376/1.jpg?7787,jumia,Salle A Manger,2026-06-11 18:51:49,True,Entrée (<500),jumia_4743
Afer Table basse minimaliste moderne,1499.0,,0.0,https://www.jumia.ma/afer-table-basse-minimaliste-moderne-51814455.html,https://ma.jumia.is/unsafe/fit-in/300x300/filters:fill(white)/product/55/441815/1.jpg?8078,jumia,Salle A Manger,2026-06-11 18:51:27,False,Économique (500-1500),jumia_4746
Bout de Canapé Noir Ø47cm Table d'Appoint Ronde Moderne en Acier Polypropylène Design Minimaliste,295.0,383.5,23.0,https://www.jumia.ma/generic-bout-de-canape-noir-o47cm-table-dappoint-ronde-moderne-en-acier-polypropylene-design-minimaliste-67639338.html,https://ma.jumia.is/unsafe/fit-in/300x300/filters:fill(white)/product/83/393676/1.jpg?2785,jumia,Salle A Manger,2026-06-11 18:50:46,True,Entrée (<500),jumia_4756
Bout de Canapé Ronde Blanc Naturel Ø40cm Table d'Appoint Design Scandinave Moderne Bois Massif Feutre,779.0,1012.7,23.0,https://www.jumia.ma/generic-bout-de-canape-ronde-blanc-naturel-o40cm-table-dappoint-design-scandinave-moderne-bois-massif-feutre-67639350.html,https://ma.jumia.is/unsafe/fit-in/300x300/filters:fill(white)/product/05/393676/1.jpg?2795,jumia,Salle A Manger,2026-06-11 18:51:43,True,Économique (500-1500),jumia_4767
Kitea Table De Café Leader 70X70X45Cm - Marron / Gris,2599.0,3699.0,30.0,https://www.jumia.ma/kitea-table-de-cafe-leader-70x70x45cm-marron-gris-67584113.html,https://ma.jumia.is/unsafe/fit-in/300x300/filters:fill(white)/product/31/148576/1.jpg?2505,jumia,Salle A Manger,2026-06-11 18:51:43,True,Milieu (1500-4000),jumia_4794
Vitrine Duro Blanc,3495.0,4395.0,20.5,https://www.kitea.com/vitrine-duro-blanc.html,https://www.kitea.com/media/catalog/product/cache/c06d1bb5eedf825ac39d687cd7d5d37e/_/1/_1_0_10037214343-11.jpg,kitea,Salle A Manger,2026-06-11 17:45:53,True,Milieu (1500-4000),kitea_4815
Miroir Rayon De Ruche 25Cm - Doré,79.0,,0.0,https://www.kitea.com/miroir-rayon-de-ruche-25cm-dore.html,https://www.kitea.com/media/catalog/product/cache/c06d1bb5eedf825ac39d687cd7d5d37e/1/0/10036615285-2.png,kitea,Salle A Manger,2026-06-11 18:55:10,False,Entrée (<500),kitea_4817
Tabouret Pol - Moutarde,1595.0,2395.0,33.4,https://www.kitea.com/tabouret-pol-moutarde.html,https://www.kitea.com/media/catalog/product/cache/c06d1bb5eedf825ac39d687cd7d5d37e/t/a/tabouret_mou.jpg,kitea,Salle A Manger,2026-06-11 17:43:43,True,Milieu (1500-4000),kitea_4828
"Vitrine Oak Squere 146,7Cm - Beige",3499.0,,0.0,https://www.kitea.com/vitrine-oak-squere-146-7cm-beige.html,https://www.kitea.com/media/catalog/product/cache/c06d1bb5eedf825ac39d687cd7d5d37e/1/0/10106266246-1.png,kitea,Salle A Manger,2026-06-11 18:55:10,False,Milieu (1500-4000),kitea_4834
Set Billie Table À Manger + 6 Chaises - Noyer,7595.0,12995.0,41.6,https://www.kitea.com/set-billie-table-a-manger-6-chaises-noyer.html,https://www.kitea.com/media/catalog/product/cache/c06d1bb5eedf825ac39d687cd7d5d37e/1/0/10097861242-b11.jpg,kitea,Salle A Manger,2026-06-11 18:55:10,True,Premium (4000-10k),kitea_4837
Chaise Dyn,299.0,,0.0,https://www.kitea.com/chaise-dyn.html,https://www.kitea.com/media/catalog/product/cache/c06d1bb5eedf825ac39d687cd7d5d37e/_/1/_1_0_10027419274-2_1.jpg,kitea,Salle A Manger,2026-06-11 17:43:31,False,Entrée (<500),kitea_4838
Commode Duro - Chêne Beige,3045.0,,0.0,https://www.kitea.com/commode-duro-chene-gris-clair.html,https://www.kitea.com/media/catalog/product/cache/c06d1bb5eedf825ac39d687cd7d5d37e/_/1/_1_0_10028667343.jpg,kitea,Salle A Manger,2026-06-11 17:44:35,False,Milieu (1500-4000),kitea_4850
Vitrine Lacetti 103Cm - Beige / Crème,3995.0,5490.0,27.2,https://www.kitea.com/vitrine-lacetti-103cm-beige-creme.html,https://www.kitea.com/media/catalog/product/cache/c06d1bb5eedf825ac39d687cd7d5d37e/1/0/10092425246-7.png,kitea,Salle A Manger,2026-06-11 17:43:21,True,Milieu (1500-4000),kitea_4852
Table À Manger Max,1999.0,,0.0,https://www.kitea.com/table-a-manger-max.html,https://www.kitea.com/media/catalog/product/cache/c06d1bb5eedf825ac39d687cd7d5d37e/1/0/10096951287-1_2.png,kitea,Salle A Manger,2026-06-11 17:43:11,False,Milieu (1500-4000),kitea_4860
Étagère Lazio - Blanc,499.0,,0.0,https://www.kitea.com/etagere-lazio-blanc.html,https://www.kitea.com/media/catalog/product/cache/c06d1bb5eedf825ac39d687cd7d5d37e/1/0/10105836315-88.png,kitea,Salle A Manger,2026-06-11 18:54:55,False,Entrée (<500),kitea_4862
Buffet 2 Portes Vittoria -  Blanc,4495.0,5595.0,19.7,https://www.kitea.com/buffet-2-portes-vittoria-blanc.html,https://www.kitea.com/media/catalog/product/cache/c06d1bb5eedf825ac39d687cd7d5d37e/1/0/10094195596-1_2_.png,kitea,Salle A Manger,2026-06-11 17:43:11,True,Premium (4000-10k),kitea_4875
Grande Vitrine Lacetti Avec 2 Portes - Beige,4295.0,5490.0,21.8,https://www.kitea.com/grande-vitrine-lacetti-avec-2-portes-beige.html,https://www.kitea.com/media/catalog/product/cache/c06d1bb5eedf825ac39d687cd7d5d37e/1/0/10092428246-11.png,kitea,Salle A Manger,2026-06-11 17:43:21,True,Premium (4000-10k),kitea_4877
Étagère  Vodol - Beige / Noir,790.0,990.0,20.2,https://www.kitea.com/etagere-vodol-beige-noir.html,https://www.kitea.com/media/catalog/product/cache/c06d1bb5eedf825ac39d687cd7d5d37e/1/0/10092420439-1.png,kitea,Salle A Manger,2026-06-11 17:43:21,True,Économique (500-1500),kitea_4880
"Miroir Mural Fornaro 58,5Cm - Marron",1099.0,,0.0,https://www.kitea.com/miroir-mural-fornaro-58-5cm-marron.html,https://www.kitea.com/media/catalog/product/cache/c06d1bb5eedf825ac39d687cd7d5d37e/1/0/10096602242_2_.jpg,kitea,Salle A Manger,2026-06-11 17:45:18,False,Économique (500-1500),kitea_4886
Chaise Arry 45X51X75Cm - Gris Foncé / Chêne,595.0,999.0,40.4,https://www.kitea.com/chaise-arry-45x51x75cm-gris-fonce-chene.html,https://www.kitea.com/media/catalog/product/cache/c06d1bb5eedf825ac39d687cd7d5d37e/1/0/10062850968-1-1.jpg,kitea,Salle A Manger,2026-06-11 17:45:36,True,Économique (500-1500),kitea_4896
Fauteuil Cromwell - Turquoise,499.0,1399.0,64.3,https://www.kitea.com/fauteuil-cromwell-turquoise.html,https://www.kitea.com/media/catalog/product/cache/c06d1bb5eedf825ac39d687cd7d5d37e/_/1/_1_0_10045574115-2.jpg,kitea,Salle A Manger,2026-06-11 17:44:13,True,Entrée (<500),kitea_4898
Buffet Black Duro 4 Portes + 2 Tiroirs - Chêne / Noir,3699.0,,0.0,https://www.kitea.com/buffet-black-duro-4-portes-2-tiroirs-chene-noir.html,https://www.kitea.com/media/catalog/product/cache/c06d1bb5eedf825ac39d687cd7d5d37e/1/0/10104017674-10_1.jpg,kitea,Salle A Manger,2026-06-11 18:55:10,False,Milieu (1500-4000),kitea_4917
Miroir Flemens - Taupe / Chêne,795.0,995.0,20.1,https://www.kitea.com/miroir-flemens-taupe-chene.html,https://www.kitea.com/media/catalog/product/cache/c06d1bb5eedf825ac39d687cd7d5d37e/1/0/10062747904-1.jpg,kitea,Salle A Manger,2026-06-11 17:43:56,True,Économique (500-1500),kitea_4928
Chaise Zara Pu - Gris,299.0,799.0,62.6,https://www.kitea.com/chaise-zara-pu-gris.html,https://www.kitea.com/media/catalog/product/cache/c06d1bb5eedf825ac39d687cd7d5d37e/_/1/_1_0_10027771313-123.jpg,kitea,Salle A Manger,2026-06-11 17:45:53,True,Entrée (<500),kitea_4941
Chaise Gun,349.0,,0.0,https://www.kitea.com/chaise-gun.html,https://www.kitea.com/media/catalog/product/cache/c06d1bb5eedf825ac39d687cd7d5d37e/1/0/10096755129-b1_1.png,kitea,Salle A Manger,2026-06-11 18:54:55,False,Entrée (<500),kitea_4962
Buffet Seravel – Chêne/Crème – 2 portes / 3 tiroirs – 159 x 42 x 87 cm,2995.0,,0.0,https://www.kitea.com/buffet-seravel-chene-creme-2-portes-3-tiroirs-159-x-42-x-87-cm.html,https://www.kitea.com/media/catalog/product/cache/c06d1bb5eedf825ac39d687cd7d5d37e/d/e/design_sans_titre_-_2026-04-28t111326.909.jpg,kitea,Salle A Manger,2026-06-11 18:54:41,False,Milieu (1500-4000),kitea_4969
Table À Manger Extensible Lacetti - Beige / Crème,3990.0,,0.0,https://www.kitea.com/table-a-manger-extensible-lacetti-beige-creme.html,https://www.kitea.com/media/catalog/product/cache/c06d1bb5eedf825ac39d687cd7d5d37e/1/0/10092431246-6.png,kitea,Salle A Manger,2026-06-11 17:43:21,False,Milieu (1500-4000),kitea_4974
Chaise Athenas,649.0,,0.0,https://www.kitea.com/chaise-athenas.html,https://www.kitea.com/media/catalog/product/cache/c06d1bb5eedf825ac39d687cd7d5d37e/3/_/3_75_2_1.jpg,kitea,Salle A Manger,2026-06-11 17:45:36,False,Économique (500-1500),kitea_4986
Table Rectangulaire Gaia - Blanc,2299.0,,0.0,https://www.kitea.com/table-rectangulaire-gaia-blanc.html,https://www.kitea.com/media/catalog/product/cache/c06d1bb5eedf825ac39d687cd7d5d37e/1/0/10105089285-uu.jpg,kitea,Salle A Manger,2026-06-11 17:44:57,False,Milieu (1500-4000),kitea_4988
Chaise Bolzano - Chêne,1395.0,2390.0,41.6,https://www.kitea.com/chaise-bolzano-chene.html,https://www.kitea.com/media/catalog/product/cache/c06d1bb5eedf825ac39d687cd7d5d37e/1/0/10062559541_1.png,kitea,Salle A Manger,2026-06-11 17:45:36,True,Économique (500-1500),kitea_4990
Table A Manger Hulon - Marron,2695.0,3595.0,25.0,https://www.kitea.com/table-a-manger-hulon-marron.html,https://www.kitea.com/media/catalog/product/cache/c06d1bb5eedf825ac39d687cd7d5d37e/1/0/10067748541_2_.jpg,kitea,Salle A Manger,2026-06-11 17:43:43,True,Milieu (1500-4000),kitea_4999
Chaise Lucca,1495.0,,0.0,https://www.kitea.com/chaise-lucca.html,https://www.kitea.com/media/catalog/product/cache/c06d1bb5eedf825ac39d687cd7d5d37e/1/0/10094190313-1_1.png,kitea,Salle A Manger,2026-06-11 17:43:11,False,Économique (500-1500),kitea_5002
Table À Manger Extensible Lewisville - Beige / Crème,2990.0,3990.0,25.1,https://www.kitea.com/table-a-manger-extensible-lewisville-beige-creme.html,https://www.kitea.com/media/catalog/product/cache/c06d1bb5eedf825ac39d687cd7d5d37e/1/0/10092414217-3.png,kitea,Salle A Manger,2026-06-11 17:43:21,True,Milieu (1500-4000),kitea_5016
Chaise Balmy - Marron,695.0,990.0,29.8,https://www.kitea.com/chaise-balmy-marron.html,https://www.kitea.com/media/catalog/product/cache/c06d1bb5eedf825ac39d687cd7d5d37e/_/c/_c_h_chaise_balmy.jpg,kitea,Salle A Manger,2026-06-11 17:45:53,True,Économique (500-1500),kitea_5029
Chaise Ada,849.0,,0.0,https://www.kitea.com/chaise-ada.html,https://www.kitea.com/media/catalog/product/cache/c06d1bb5eedf825ac39d687cd7d5d37e/1/0/10096903313-19_1.png,kitea,Salle A Manger,2026-06-11 17:45:18,False,Économique (500-1500),kitea_5048
Table À Manger Malar Marron,2599.0,3799.0,31.6,https://www.kitea.com/table-a-manger-malar-marron.html,https://www.kitea.com/media/catalog/product/cache/c06d1bb5eedf825ac39d687cd7d5d37e/_/1/_1_0_10012773285.jpg,kitea,Salle A Manger,2026-06-11 17:44:13,True,Milieu (1500-4000),kitea_5059
Console Bolzano - Chêne Béton,2595.0,4295.0,39.6,https://www.kitea.com/console-bolzano-chene-beton.html,https://www.kitea.com/media/catalog/product/cache/c06d1bb5eedf825ac39d687cd7d5d37e/1/0/10062558677_1.jpg,kitea,Salle A Manger,2026-06-11 17:43:56,True,Milieu (1500-4000),kitea_5061
Table À Manger Extensible Coburg 100Cm - Blanc,1899.0,3795.0,50.0,https://www.kitea.com/table-a-manger-extensible-coburg-100cm-blanc.html,https://www.kitea.com/media/catalog/product/cache/c06d1bb5eedf825ac39d687cd7d5d37e/_/1/_10066040607-3_0005_coburg_100_auszugstisch_w_perspektive_1.jpg,kitea,Salle A Manger,2026-06-11 17:45:36,True,Milieu (1500-4000),kitea_5067
Table À Manger Dalma - Noir / Chêne,1195.0,1495.0,20.1,https://www.kitea.com/table-a-manger-dalma-noir-chene.html,https://www.kitea.com/media/catalog/product/cache/c06d1bb5eedf825ac39d687cd7d5d37e/1/0/10100849234-1.jpg,kitea,Salle A Manger,2026-06-11 17:45:18,True,Économique (500-1500),kitea_5072
Chaise Bruno - Marron,599.0,999.0,40.0,https://www.kitea.com/chaise-bruno-marron.html,https://www.kitea.com/media/catalog/product/cache/c06d1bb5eedf825ac39d687cd7d5d37e/_/1/_1_0_10011366498-2.jpg,kitea,Salle A Manger,2026-06-11 17:45:53,True,Économique (500-1500),kitea_5097
Table a Manger Naira Extensible - Chêne,4995.0,,0.0,https://www.kitea.com/table-a-manger-naira-extensible-chene.html,https://www.kitea.com/media/catalog/product/cache/c06d1bb5eedf825ac39d687cd7d5d37e/1/0/10116012541_5_.png,kitea,Salle A Manger,2026-06-11 17:44:57,False,Premium (4000-10k),kitea_5101
Buffet Savona 2 Portes Avec 3 Tiroirs - Chêne / Noir Brillant,4495.0,5495.0,18.2,https://www.kitea.com/buffet-savona-2-portes-avec-3-tiroirs-chene-noir-brillant.html,https://www.kitea.com/media/catalog/product/cache/c06d1bb5eedf825ac39d687cd7d5d37e/1/0/10064219989_3_.jpg,kitea,Salle A Manger,2026-06-11 17:43:56,True,Premium (4000-10k),kitea_5116
Petite Vitrine Saint Tropez Avec Led - Blanc,3595.0,4395.0,18.2,https://www.kitea.com/petite-vitrine-saint-tropez-avec-led-blanc.html,https://www.kitea.com/media/catalog/product/cache/c06d1bb5eedf825ac39d687cd7d5d37e/_/1/_1_0_10043276243-2_1.jpg,kitea,Salle A Manger,2026-06-11 17:44:35,True,Milieu (1500-4000),kitea_5122
Vitrine Saint Tropez Avec Led Blanc,3495.0,3995.0,12.5,https://www.kitea.com/vitrine-saint-tropez-avec-led-blanc.html,https://www.kitea.com/media/catalog/product/cache/c06d1bb5eedf825ac39d687cd7d5d37e/_/1/_1_0_10043278243-2_1.jpg,kitea,Salle A Manger,2026-06-11 17:44:13,True,Milieu (1500-4000),kitea_5132
Chaise Raha,349.0,,0.0,https://www.kitea.com/chaise-raha.html,https://www.kitea.com/media/catalog/product/cache/c06d1bb5eedf825ac39d687cd7d5d37e/1/0/10096740315-4_1.png,kitea,Salle A Manger,2026-06-11 18:55:10,False,Entrée (<500),kitea_5144
Table À Manger Wilma  - Chêne,1495.0,2090.0,28.5,https://www.kitea.com/table-a-manger-wilma-chene.html,https://www.kitea.com/media/catalog/product/cache/c06d1bb5eedf825ac39d687cd7d5d37e/h/0/h000020107_1.jpg,kitea,Salle A Manger,2026-06-11 17:44:13,True,Économique (500-1500),kitea_5153
Table À Manger Carpinus - Marron,2990.0,3695.0,19.1,https://www.kitea.com/table-a-manger-carpinus-marron.html,https://www.kitea.com/media/catalog/product/cache/c06d1bb5eedf825ac39d687cd7d5d37e/1/0/10062749541.jpg,kitea,Salle A Manger,2026-06-11 17:43:56,True,Milieu (1500-4000),kitea_5162
Table À Manger Extensible Uno 160-240Cm - Noir,6299.0,8995.0,30.0,https://www.kitea.com/table-a-manger-extensible-uno-160-240cm-noir.html,https://www.kitea.com/media/catalog/product/cache/c06d1bb5eedf825ac39d687cd7d5d37e/1/0/10094213234-18.png,kitea,Salle A Manger,2026-06-11 17:43:11,True,Premium (4000-10k),kitea_5173
Chaise Lionte - Gris Clair,2259.0,2899.0,22.1,https://www.kitea.com/chaise-lionte-gris-clair.html,https://www.kitea.com/media/catalog/product/cache/c06d1bb5eedf825ac39d687cd7d5d37e/1/0/10101424315-24_4_.png,kitea,Salle A Manger,2026-06-11 18:55:10,True,Milieu (1500-4000),kitea_5192
Table À Manger Vittoria - Blanc Laqué Brillant,2595.0,2995.0,13.4,https://www.kitea.com/table-a-manger-vittoria-blanc-laque-brillant.html,https://www.kitea.com/media/catalog/product/cache/c06d1bb5eedf825ac39d687cd7d5d37e/1/0/10094199596-1.png,kitea,Salle A Manger,2026-06-11 17:43:11,True,Milieu (1500-4000),kitea_5206
Set Azalea Table À Manger + 6 Chaises - Noyer,6599.0,11995.0,45.0,https://www.kitea.com/set-azalea-table-a-manger-6-chaises-noyer.html,https://www.kitea.com/media/catalog/product/cache/c06d1bb5eedf825ac39d687cd7d5d37e/1/0/10097860242-azalea1.jpg,kitea,Salle A Manger,2026-06-11 17:45:18,True,Premium (4000-10k),kitea_5212
Chaise Marcella - Blanc / Marron,1295.0,2290.0,43.4,https://www.kitea.com/chaise-marcella-blanc-marron.html,https://www.kitea.com/media/catalog/product/cache/c06d1bb5eedf825ac39d687cd7d5d37e/1/0/10088831243-5.jpg,kitea,Salle A Manger,2026-06-11 17:43:21,True,Économique (500-1500),kitea_5214
Buffet Juleda – Gris Clair / Blanc – 128 x 34 x 92 cm,1495.0,1995.0,25.1,https://www.kitea.com/buffet-juleda-gris-clair-blanc-128-x-34-x-92-cm.html,https://www.kitea.com/media/catalog/product/cache/c06d1bb5eedf825ac39d687cd7d5d37e/d/e/design_sans_titre_26__1.png,kitea,Salle A Manger,2026-06-11 18:54:41,True,Économique (500-1500),kitea_5234
Table À  Manger Extensible Black Duro - Chêne / Noir,2550.0,,0.0,https://www.kitea.com/table-a-manger-extensible-black-duro-chene-noir.html,https://www.kitea.com/media/catalog/product/cache/c06d1bb5eedf825ac39d687cd7d5d37e/1/0/10104022674-b1_1_.png,kitea,Salle A Manger,2026-06-11 18:55:10,False,Milieu (1500-4000),kitea_5237
Miroir Mural Fornaro 46Cm - Marron,799.0,,0.0,https://www.kitea.com/miroir-mural-fornaro-46cm-marron.html,https://www.kitea.com/media/catalog/product/cache/c06d1bb5eedf825ac39d687cd7d5d37e/1/0/10096601242_1_.jpg,kitea,Salle A Manger,2026-06-11 17:45:18,False,Économique (500-1500),kitea_5247
Table À Manger Rodar - Marron,2395.0,4199.0,43.0,https://www.kitea.com/table-a-manger-rodar-marron.html,https://www.kitea.com/media/catalog/product/cache/c06d1bb5eedf825ac39d687cd7d5d37e/1/0/10013206285_1.jpg,kitea,Salle A Manger,2026-06-11 17:45:53,True,Milieu (1500-4000),kitea_5258
Grande Vitrine Savona - Chêne / Noir Brillant,4995.0,5995.0,16.7,https://www.kitea.com/grande-vitrine-savona-chene-noir-brillant.html,https://www.kitea.com/media/catalog/product/cache/c06d1bb5eedf825ac39d687cd7d5d37e/1/0/10064220989_2__1.jpg,kitea,Salle A Manger,2026-06-11 17:43:56,True,Premium (4000-10k),kitea_5260
Double commode Chelsea - 4 tiroirs + 1 porte + 4 niches - chêne/sable,3495.0,,0.0,https://www.kitea.com/double-commode-chelsea-4-tiroirs-1-porte-4-niches-chene-blanc.html,https://www.kitea.com/media/catalog/product/cache/c06d1bb5eedf825ac39d687cd7d5d37e/d/e/design_sans_titre_-_2026-04-23t165534.938.jpg,kitea,Salle A Manger,2026-06-11 18:54:41,False,Milieu (1500-4000),kitea_5279
Set Table + 4 Chaises Princeton Bois massif - Marron,4795.0,5990.0,19.9,https://www.kitea.com/set-table-4-chaises-princeton-marron.html,https://www.kitea.com/media/catalog/product/cache/c06d1bb5eedf825ac39d687cd7d5d37e/_/1/_1_0_10027650314-11.jpg,kitea,Salle A Manger,2026-06-11 17:44:13,True,Premium (4000-10k),kitea_5308
Grande Étagère Duro Chêne Beige,550.0,,0.0,https://www.kitea.com/grande-etagere-duro-chene-beige.html,https://www.kitea.com/media/catalog/product/cache/c06d1bb5eedf825ac39d687cd7d5d37e/_/1/_1_0_10028676343.jpg,kitea,Salle A Manger,2026-06-11 17:44:35,False,Économique (500-1500),kitea_5326
Buffet Bolzano 4 Portes Avec Led Chêne Béton,5195.0,8795.0,40.9,https://www.kitea.com/buffet-bolzano-4-portes-avec-led-chene-beton.html,https://www.kitea.com/media/catalog/product/cache/c06d1bb5eedf825ac39d687cd7d5d37e/1/0/10062551677_2.jpg,kitea,Salle A Manger,2026-06-11 17:45:53,True,Premium (4000-10k),kitea_5345
Buffet Dama À 2 Portes - Gris Foncé Brillant,3995.0,4495.0,11.1,https://www.kitea.com/buffet-dama-a-2-portes-gris-fonce-brillant.html,https://www.kitea.com/media/catalog/product/cache/c06d1bb5eedf825ac39d687cd7d5d37e/1/0/10094184375-18.png,kitea,Salle A Manger,2026-06-11 17:43:21,True,Milieu (1500-4000),kitea_5349
Vitrine Infinito - Gris Anthracite / Marron,3395.0,4595.0,26.1,https://www.kitea.com/vitrine-infinito-gris-anthracite-marron.html,https://www.kitea.com/media/catalog/product/cache/c06d1bb5eedf825ac39d687cd7d5d37e/1/0/10087097192-1.png,kitea,Salle A Manger,2026-06-11 17:43:31,True,Milieu (1500-4000),kitea_5364
Buffet 3 Portes Vodol - Beige / Noir,2995.0,3495.0,14.3,https://www.kitea.com/buffet-3-portes-vodol-beige-noir.html,https://www.kitea.com/media/catalog/product/cache/c06d1bb5eedf825ac39d687cd7d5d37e/1/0/10092415439-12.png,kitea,Salle A Manger,2026-06-11 17:45:36,True,Milieu (1500-4000),kitea_5366
Chaise Mocca - Marron,890.0,1299.0,31.5,https://www.kitea.com/chaise-mocca-marron.html,https://www.kitea.com/media/catalog/product/cache/c06d1bb5eedf825ac39d687cd7d5d37e/1/0/10102791314-b3_1_1.jpg,kitea,Salle A Manger,2026-06-11 18:55:10,True,Économique (500-1500),kitea_5385
Grande Vitrine Brolo - Blanc Brillant,6190.0,,0.0,https://www.kitea.com/grande-vitrine-brolo-blanc-brillant.html,https://www.kitea.com/media/catalog/product/cache/c06d1bb5eedf825ac39d687cd7d5d37e/_/1/_1_0_10049298596.jpg,kitea,Salle A Manger,2026-06-11 17:44:13,False,Premium (4000-10k),kitea_5399
Chaise Roma,999.0,,0.0,https://www.kitea.com/chaise-roma.html,https://www.kitea.com/media/catalog/product/cache/c06d1bb5eedf825ac39d687cd7d5d37e/1/0/10096949315-1_1.png,kitea,Salle A Manger,2026-06-11 17:43:11,False,Économique (500-1500),kitea_5407
Buffet Hardy - Marron,6495.0,7995.0,18.8,https://www.kitea.com/buffet-hardy-marron.html,https://www.kitea.com/media/catalog/product/cache/c06d1bb5eedf825ac39d687cd7d5d37e/1/0/10086750314-789.png,kitea,Salle A Manger,2026-06-11 17:43:31,True,Premium (4000-10k),kitea_5413
Buffet À Trois Portes Lyon - Blanc / Chêne,4295.0,,0.0,https://www.kitea.com/buffet-a-trois-portes-lyon-blanc-chene.html,https://www.kitea.com/media/catalog/product/cache/c06d1bb5eedf825ac39d687cd7d5d37e/_/1/_1_0_10039552316.jpg,kitea,Salle A Manger,2026-06-11 17:44:36,False,Premium (4000-10k),kitea_5415
Chaise Boss,899.0,,0.0,https://www.kitea.com/chaise-boss.html,https://www.kitea.com/media/catalog/product/cache/c06d1bb5eedf825ac39d687cd7d5d37e/1/0/10096945315-1_1.png,kitea,Salle A Manger,2026-06-11 17:43:11,False,Économique (500-1500),kitea_5420
Miroir Rayon De Ruche 20Cm - Doré,59.0,,0.0,https://www.kitea.com/miroir-rayon-de-ruche-20cm-dore.html,https://www.kitea.com/media/catalog/product/cache/c06d1bb5eedf825ac39d687cd7d5d37e/1/0/10031234285-1.png,kitea,Salle A Manger,2026-06-11 18:55:10,False,Entrée (<500),kitea_5424
Set Table À Manger Dora Avec 4 Chaises - Blanc,2595.0,4590.0,43.5,https://www.kitea.com/set-table-a-manger-dora-avec-4-chaises-blanc.html,https://www.kitea.com/media/catalog/product/cache/c06d1bb5eedf825ac39d687cd7d5d37e/1/0/10096774285-1.jpg,kitea,Salle A Manger,2026-06-11 17:45:18,True,Milieu (1500-4000),kitea_5429
Colonne Duro - Chêne Beige,2195.0,,0.0,https://www.kitea.com/colonne-duro-blanc.html,https://www.kitea.com/media/catalog/product/cache/c06d1bb5eedf825ac39d687cd7d5d37e/_/w/_w_e_website_paysage_template_1_32.jpg,kitea,Salle A Manger,2026-06-11 17:44:35,False,Milieu (1500-4000),kitea_5435
Tabouret Pol,1595.0,,0.0,https://www.kitea.com/tabouret-pol.html,https://www.kitea.com/media/catalog/product/cache/c06d1bb5eedf825ac39d687cd7d5d37e/1/0/10064376420_1.jpg,kitea,Salle A Manger,2026-06-11 17:43:43,False,Milieu (1500-4000),kitea_5445
Tabouret Ajustable Kimmy,1299.0,,0.0,https://www.kitea.com/tabouret-ajustable-kimmy.html,https://www.kitea.com/media/catalog/product/cache/c06d1bb5eedf825ac39d687cd7d5d37e/1/0/10105762314-2_1.jpg,kitea,Salle A Manger,2026-06-11 18:54:55,False,Économique (500-1500),kitea_5449
Chaise Wilma,489.0,,0.0,https://www.kitea.com/chaise-wilma.html,https://www.kitea.com/media/catalog/product/cache/c06d1bb5eedf825ac39d687cd7d5d37e/0/0/0000086604_1_1.jpg,kitea,Salle A Manger,2026-06-11 17:43:43,False,Entrée (<500),kitea_5457
Ensemble De 3 Miroirs - Doré,219.0,,0.0,https://www.kitea.com/ensemble-de-3-miroirs-dore.html,https://www.kitea.com/media/catalog/product/cache/c06d1bb5eedf825ac39d687cd7d5d37e/1/0/10068525361-1.png,kitea,Salle A Manger,2026-06-11 17:43:43,False,Entrée (<500),kitea_5478
Tabouret Pol - Gris Clair,1595.0,2395.0,33.4,https://www.kitea.com/tabouret-pol-gris-clair.html,https://www.kitea.com/media/catalog/product/cache/c06d1bb5eedf825ac39d687cd7d5d37e/1/0/10064375361.jpg,kitea,Salle A Manger,2026-06-11 17:43:43,True,Milieu (1500-4000),kitea_5482
Étagère Miroir Duro - Chêne Beige,1295.0,,0.0,https://www.kitea.com/etagere-miroir-duro-blanc.html,https://www.kitea.com/media/catalog/product/cache/c06d1bb5eedf825ac39d687cd7d5d37e/_/1/_1_0_10028677343.jpg,kitea,Salle A Manger,2026-06-11 17:44:35,False,Économique (500-1500),kitea_5487
Vitrine Avec Led Luci - Artisan Oak / Gris,2795.0,4495.0,37.8,https://www.kitea.com/vitrine-avec-led-luci-artisan-oak-gris.html,https://www.kitea.com/media/catalog/product/cache/c06d1bb5eedf825ac39d687cd7d5d37e/1/0/10063554974.jpeg,kitea,Salle A Manger,2026-06-11 17:45:36,True,Milieu (1500-4000),kitea_5494
Buffet Bolzano 3 Portes Avec Led Chêne Béton,4595.0,7495.0,38.7,https://www.kitea.com/buffet-bolzano-3-portes-avec-led-chene-beton.html,https://www.kitea.com/media/catalog/product/cache/c06d1bb5eedf825ac39d687cd7d5d37e/1/0/10062550677_2.jpg,kitea,Salle A Manger,2026-06-11 17:45:53,True,Premium (4000-10k),kitea_5514
Tabouret Arus,1399.0,,0.0,https://www.kitea.com/tabouret-arus.html,https://www.kitea.com/media/catalog/product/cache/c06d1bb5eedf825ac39d687cd7d5d37e/1/0/10105085279-9_1.png,kitea,Salle A Manger,2026-06-11 18:54:55,False,Économique (500-1500),kitea_5516
Etagere White Lyon - Blanc,595.0,890.0,33.1,https://www.kitea.com/etagere-white-lyon-blanc.html,https://www.kitea.com/media/catalog/product/cache/c06d1bb5eedf825ac39d687cd7d5d37e/1/0/10102817315-1.png,kitea,Salle A Manger,2026-06-11 18:54:41,True,Économique (500-1500),kitea_5523
Buffet 2 Portes Sky 106Cm - Noir / Marron,4995.0,5995.0,16.7,https://www.kitea.com/buffet-2-portes-sky-106cm-noir-marron.html,https://www.kitea.com/media/catalog/product/cache/c06d1bb5eedf825ac39d687cd7d5d37e/1/0/10094206674-1.png,kitea,Salle A Manger,2026-06-11 17:43:11,True,Premium (4000-10k),kitea_5531
Miroir Norica - Noir / Doré,2999.0,,0.0,https://www.kitea.com/miroir-norica-noir-dore.html,https://www.kitea.com/media/catalog/product/cache/c06d1bb5eedf825ac39d687cd7d5d37e/n/o/norica_lazl01_r.jpg,kitea,Salle A Manger,2026-06-11 18:54:55,False,Milieu (1500-4000),kitea_5538
Vitrine Black Duro 161Cm  - Chêne / Noir,3195.0,,0.0,https://www.kitea.com/vitrine-black-duro-161cm-chene-noir.html,https://www.kitea.com/media/catalog/product/cache/c06d1bb5eedf825ac39d687cd7d5d37e/1/0/10104019674-2.jpg,kitea,Salle A Manger,2026-06-11 18:55:10,False,Milieu (1500-4000),kitea_5539
Table À Manger Monti 140Cm - Noir,1595.0,2299.0,30.6,https://www.kitea.com/table-a-manger-monti-noir-10105732223.html,https://www.kitea.com/media/catalog/product/cache/c06d1bb5eedf825ac39d687cd7d5d37e/1/0/10105732223.jpg,kitea,Salle A Manger,2026-06-11 18:54:55,True,Milieu (1500-4000),kitea_5541
Table À Manger Oslo Extensible Avec Piètement Noir - Noyer Clair,2599.0,,0.0,https://www.kitea.com/table-a-manger-oslo-extensible-avec-pietement-noir-noyer-clair.html,https://www.kitea.com/media/catalog/product/cache/c06d1bb5eedf825ac39d687cd7d5d37e/1/0/10096952598-2.png,kitea,Salle A Manger,2026-06-11 17:43:11,False,Milieu (1500-4000),kitea_5542
"Chaise Rube Crème – Pied Assorti – 48 × 62 × 49,5 / 85 cm",699.0,,0.0,https://www.kitea.com/chaise-rube-creme-pied-assorti-48-62-49-5-85-cm.html,https://www.kitea.com/media/catalog/product/cache/c06d1bb5eedf825ac39d687cd7d5d37e/c/h/chaise_rube_creme_1.jpg,kitea,Salle A Manger,2026-06-11 18:54:41,False,Économique (500-1500),kitea_5548
Chaise Robusta - Marron,999.0,1299.0,23.1,https://www.kitea.com/chaise-robusta-marron.html,https://www.kitea.com/media/catalog/product/cache/c06d1bb5eedf825ac39d687cd7d5d37e/1/0/10102792314-v9.png,kitea,Salle A Manger,2026-06-11 18:55:10,True,Économique (500-1500),kitea_5562
Table a Manger Blau Plus Extensible - Chêne,4995.0,,0.0,https://www.kitea.com/table-a-manger-blau-plus-extensible-chene.html,https://www.kitea.com/media/catalog/product/cache/c06d1bb5eedf825ac39d687cd7d5d37e/1/0/10116007541h_1.png,kitea,Salle A Manger,2026-06-11 17:44:57,False,Premium (4000-10k),kitea_5574
Chaise Rick,999.0,,0.0,https://www.kitea.com/chaise-rick.html,https://www.kitea.com/media/catalog/product/cache/c06d1bb5eedf825ac39d687cd7d5d37e/r/i/rick-a_1.jpg,kitea,Salle A Manger,2026-06-11 17:45:18,False,Économique (500-1500),kitea_5576
Set Table À Manger Joceline Avec 8 Chaises - Marron,9995.0,11995.0,16.7,https://www.kitea.com/set-table-a-manger-joceline-avec-8-chaises-marron.html,https://www.kitea.com/media/catalog/product/cache/c06d1bb5eedf825ac39d687cd7d5d37e/1/0/10085580246-20.jpg,kitea,Salle A Manger,2026-06-11 17:43:43,True,Premium (4000-10k),kitea_5583
Miroir Pesaro - Chêne / Gris,2295.0,2699.0,15.0,https://www.kitea.com/miroir-pesaro-chene-gris.html,https://www.kitea.com/media/catalog/product/cache/c06d1bb5eedf825ac39d687cd7d5d37e/m/i/miroir_pesaro_shoot_de_face_2099901528568_f.jpg,kitea,Salle A Manger,2026-06-11 18:54:55,True,Milieu (1500-4000),kitea_5603
Table a Manger Blau Extensible - Chêne,2995.0,,0.0,https://www.kitea.com/table-a-manger-blau-extensible-chene.html,https://www.kitea.com/media/catalog/product/cache/c06d1bb5eedf825ac39d687cd7d5d37e/1/0/10116007541h.png,kitea,Salle A Manger,2026-06-11 17:44:57,False,Milieu (1500-4000),kitea_5610
Table À Manger Extensible Vodol -  Beige / Noir,3190.0,3990.0,20.1,https://www.kitea.com/table-a-manger-extensible-vodol-beige-noir.html,https://www.kitea.com/media/catalog/product/cache/c06d1bb5eedf825ac39d687cd7d5d37e/1/0/10092422439-1.png,kitea,Salle A Manger,2026-06-11 17:43:31,True,Milieu (1500-4000),kitea_5614
Chaise Poésie - Blanc,895.0,1495.0,40.1,https://www.kitea.com/chaise-poesie-blanc.html,https://www.kitea.com/media/catalog/product/cache/c06d1bb5eedf825ac39d687cd7d5d37e/1/0/10079701285-1.jpg,kitea,Salle A Manger,2026-06-11 17:43:43,True,Économique (500-1500),kitea_5616
Bibliothèque Brolo - Beige Et Noir,1795.0,2190.0,18.0,https://www.kitea.com/bibliotheque-brolo-beige-et-noir.html,https://www.kitea.com/media/catalog/product/cache/c06d1bb5eedf825ac39d687cd7d5d37e/_/1/_1_0_10049294596_93_1.jpg,kitea,Salle A Manger,2026-06-11 17:45:53,True,Milieu (1500-4000),kitea_5627
Buffet Dama 2 Portes + 4 Tiroirs - Gris Foncé Brillant,5995.0,6995.0,14.3,https://www.kitea.com/buffet-dama-2-portes-4-tiroirs-gris-fonce-brillant.html,https://www.kitea.com/media/catalog/product/cache/c06d1bb5eedf825ac39d687cd7d5d37e/_/1/_10066040607-3_copy_0000_20_23_08-08_fb.jpg,kitea,Salle A Manger,2026-06-11 17:43:21,True,Premium (4000-10k),kitea_5649
"Miroir Mural Fornaro 35,5Cm - Marron",599.0,,0.0,https://www.kitea.com/miroir-mural-fornaro-35-5cm-marron.html,https://www.kitea.com/media/catalog/product/cache/c06d1bb5eedf825ac39d687cd7d5d37e/1/0/10096601242_1__1.jpg,kitea,Salle A Manger,2026-06-11 18:55:10,False,Économique (500-1500),kitea_5655
Set Table À Manger Eden Avec 6 Chaises - Marron / Crème,7495.0,10999.0,31.9,https://www.kitea.com/set-table-a-manger-eden-avec-6-chaises-marron-creme.html,https://www.kitea.com/media/catalog/product/cache/c06d1bb5eedf825ac39d687cd7d5d37e/1/0/10105080304.jpg,kitea,Salle A Manger,2026-06-11 18:54:41,True,Premium (4000-10k),kitea_5660
Table Haute Wilma - Chêne,1295.0,1450.0,10.7,https://www.kitea.com/table-haute-wilma-chene.html,https://www.kitea.com/media/catalog/product/cache/c06d1bb5eedf825ac39d687cd7d5d37e/h/0/h000020109_1.jpg,kitea,Salle A Manger,2026-06-11 17:44:35,True,Économique (500-1500),kitea_5668
Tabouret Joy,995.0,,0.0,https://www.kitea.com/tabouret-joy.html,https://www.kitea.com/media/catalog/product/cache/c06d1bb5eedf825ac39d687cd7d5d37e/1/0/10104970343-7_1.png,kitea,Salle A Manger,2026-06-11 17:44:57,False,Économique (500-1500),kitea_5676
Grande Vitrine Seravel – Chêne/Crème – 94 x 42 x 161 cm,2995.0,,0.0,https://www.kitea.com/grande-vitrine-seravel-chene-creme-94-x-42-x-161-cm.html,https://www.kitea.com/media/catalog/product/cache/c06d1bb5eedf825ac39d687cd7d5d37e/8/_/8_5_1.png,kitea,Salle A Manger,2026-06-11 18:54:41,False,Milieu (1500-4000),kitea_5680
Set Table À Manger Indore + 4 Chaises - Blanc / Noir,1995.0,3095.0,35.5,https://www.kitea.com/set-table-a-manger-indore-4-chaises-blanc-noir.html,https://www.kitea.com/media/catalog/product/cache/c06d1bb5eedf825ac39d687cd7d5d37e/1/0/10092605285-b890.png,kitea,Salle A Manger,2026-06-11 17:43:11,True,Milieu (1500-4000),kitea_5685
Buffet Lewisville 180Cm - Beige / Crème,2990.0,3990.0,25.1,https://www.kitea.com/buffet-lewisville-180cm-beige-creme.html,https://www.kitea.com/media/catalog/product/cache/c06d1bb5eedf825ac39d687cd7d5d37e/1/0/10092406217-9.png,kitea,Salle A Manger,2026-06-11 17:43:21,True,Milieu (1500-4000),kitea_5689
Vitrine 1 Porte Sky - Noir / Marron,5295.0,5995.0,11.7,https://www.kitea.com/vitrine-1-porte-sky-noir-marron.html,https://www.kitea.com/media/catalog/product/cache/c06d1bb5eedf825ac39d687cd7d5d37e/1/0/10094205674-1.png,kitea,Salle A Manger,2026-06-11 17:45:18,True,Premium (4000-10k),kitea_5695
Chaise Luna,699.0,,0.0,https://www.kitea.com/chaise-luna-10087973294-p.html,https://www.kitea.com/media/catalog/product/cache/c06d1bb5eedf825ac39d687cd7d5d37e/1/0/10087973294-2_2.png,kitea,Salle A Manger,2026-06-11 17:45:36,False,Économique (500-1500),kitea_5701
Set Table À Manger Alba Avec 4 Chaises – Cappucino,3595.0,5999.0,40.1,https://www.kitea.com/set-table-a-manger-alba-avec-4-chaises-cappucino.html,https://www.kitea.com/media/catalog/product/cache/c06d1bb5eedf825ac39d687cd7d5d37e/a/l/albaset-uu.jpg,kitea,Salle A Manger,2026-06-11 17:44:57,True,Milieu (1500-4000),kitea_5719
Commode Monissa - 3 Tiroirs - Chêne Artisan / Noir,1295.0,2495.0,48.1,https://www.kitea.com/commode-monissa-81-7x41-4x97-9-cm-3-tiroirs-chene-artisan-noir.html,https://www.kitea.com/media/catalog/product/cache/c06d1bb5eedf825ac39d687cd7d5d37e/1/0/10116803906_9_.png,kitea,Salle A Manger,2026-06-11 18:54:41,True,Économique (500-1500),kitea_5742
Table À Manger Oslo,2599.0,,0.0,https://www.kitea.com/table-a-manger-oslo.html,https://www.kitea.com/media/catalog/product/cache/c06d1bb5eedf825ac39d687cd7d5d37e/1/0/10096953287-1_1.png,kitea,Salle A Manger,2026-06-11 17:43:11,False,Milieu (1500-4000),kitea_5745
Table À Manger White Lyon Extensible 160-200Cm -Blanc,1695.0,2490.0,31.9,https://www.kitea.com/table-a-manger-white-lyon-extenssible-160-200cm-blanc.html,https://www.kitea.com/media/catalog/product/cache/c06d1bb5eedf825ac39d687cd7d5d37e/1/0/10102819315-8.jpg,kitea,Salle A Manger,2026-06-11 18:54:41,True,Milieu (1500-4000),kitea_5755
Chaise Goa - Bleu,449.0,799.0,43.8,https://www.kitea.com/chaise-goa-bleu.html,https://www.kitea.com/media/catalog/product/cache/c06d1bb5eedf825ac39d687cd7d5d37e/1/0/10087174333-1.png,kitea,Salle A Manger,2026-06-11 17:43:31,True,Entrée (<500),kitea_5761
Buffet Duro - Chêne Beige,3699.0,,0.0,https://www.kitea.com/buffet-duro-blanc.html,https://www.kitea.com/media/catalog/product/cache/c06d1bb5eedf825ac39d687cd7d5d37e/_/1/_1_0_10028668343-1.jpg,kitea,Salle A Manger,2026-06-11 17:44:57,False,Milieu (1500-4000),kitea_5769
Tabouret Ajustable Finch,899.0,,0.0,https://www.kitea.com/tabouret-ajustable-finch.html,https://www.kitea.com/media/catalog/product/cache/c06d1bb5eedf825ac39d687cd7d5d37e/1/0/10105763234-9_1.jpg,kitea,Salle A Manger,2026-06-11 18:54:55,False,Économique (500-1500),kitea_5773
Set Saveur Table + 6 Chaises - Marron,8990.0,12999.0,30.8,https://www.kitea.com/set-saveur-table-6-chaises-marron.html,https://www.kitea.com/media/catalog/product/cache/c06d1bb5eedf825ac39d687cd7d5d37e/1/0/10102796314-saveur.png,kitea,Salle A Manger,2026-06-11 17:44:57,True,Premium (4000-10k),kitea_5786
Buffet Haut Oak Squere - Beige,1995.0,3299.0,39.5,https://www.kitea.com/bibliotheque-oak-squere-beige.html,https://www.kitea.com/media/catalog/product/cache/c06d1bb5eedf825ac39d687cd7d5d37e/1/0/10106263246-5.png,kitea,Salle A Manger,2026-06-11 17:44:57,True,Milieu (1500-4000),kitea_5799
Étagère Droite Dedelos Led En Option - Marron / Beige,1595.0,2499.0,36.2,https://www.kitea.com/etagere-droite-dedelos-led-en-option-marron-beige.html,https://www.kitea.com/media/catalog/product/cache/c06d1bb5eedf825ac39d687cd7d5d37e/1/0/10104013332-1.png,kitea,Salle A Manger,2026-06-11 17:44:57,True,Milieu (1500-4000),kitea_5801
Buffet Saint Tropez - Blanc,5995.0,6495.0,7.7,https://www.kitea.com/buffet-saint-tropez-blanc.html,https://www.kitea.com/media/catalog/product/cache/c06d1bb5eedf825ac39d687cd7d5d37e/_/1/_1_0_10043284243.jpg,kitea,Salle A Manger,2026-06-11 17:44:36,True,Premium (4000-10k),kitea_5805
Chaise Nilo,999.0,,0.0,https://www.kitea.com/chaise-nilo.html,https://www.kitea.com/media/catalog/product/cache/c06d1bb5eedf825ac39d687cd7d5d37e/1/0/10096947315-3_1.png,kitea,Salle A Manger,2026-06-11 17:43:11,False,Économique (500-1500),kitea_5807
Petite Vitrine Brolo Led  En Option - Blanc Brillant,3790.0,,0.0,https://www.kitea.com/petite-vitrine-brolo-led-en-option-blanc-brillant.html,https://www.kitea.com/media/catalog/product/cache/c06d1bb5eedf825ac39d687cd7d5d37e/1/0/10049297596.jpg,kitea,Salle A Manger,2026-06-11 17:43:43,False,Milieu (1500-4000),kitea_5823
Tabouret Bar Wilma,789.0,,0.0,https://www.kitea.com/tabouret-bar-wilma-1.html,https://www.kitea.com/media/catalog/product/cache/c06d1bb5eedf825ac39d687cd7d5d37e/_/1/_1_0_10033372420_1.jpg,kitea,Salle A Manger,2026-06-11 17:43:43,False,Économique (500-1500),kitea_5829
Vitrine Lacetti 145 Cm - Beige / Crème,4695.0,6490.0,27.7,https://www.kitea.com/vitrine-lacetti-145-cm-beige-creme.html,https://www.kitea.com/media/catalog/product/cache/c06d1bb5eedf825ac39d687cd7d5d37e/1/0/10092426246-1.png,kitea,Salle A Manger,2026-06-11 17:43:21,True,Premium (4000-10k),kitea_5831
Table À Manger Ruth 120Cm,2995.0,,0.0,https://www.kitea.com/table-a-manger-ruth-120cm.html,https://www.kitea.com/media/catalog/product/cache/c06d1bb5eedf825ac39d687cd7d5d37e/1/0/10079958285-1_1.jpg,kitea,Salle A Manger,2026-06-11 18:54:55,False,Milieu (1500-4000),kitea_5841
Set Table À Manger Pandey Avec 4 Chaises - Noir,4990.0,,0.0,https://www.kitea.com/set-table-a-manger-pandey-avec-4-chaises-noir.html,https://www.kitea.com/media/catalog/product/cache/c06d1bb5eedf825ac39d687cd7d5d37e/1/0/10096773285-1.png,kitea,Salle A Manger,2026-06-11 17:45:18,False,Premium (4000-10k),kitea_5861
Table a Manger Naira Extensible - Noir,4995.0,,0.0,https://www.kitea.com/table-a-manger-naira-extensible-noir.html,https://www.kitea.com/media/catalog/product/cache/c06d1bb5eedf825ac39d687cd7d5d37e/1/0/10116011234.png,kitea,Salle A Manger,2026-06-11 17:44:57,False,Premium (4000-10k),kitea_5870
Petite Vitrine Lyon Avec Deux Portes 108X42X124Cm - Blanc / Chêne,3595.0,4390.0,18.1,https://www.kitea.com/petite-vitrine-lyon-avec-deux-portes-108x42x124cm-blanc-chene.html,https://www.kitea.com/media/catalog/product/cache/c06d1bb5eedf825ac39d687cd7d5d37e/_/1/_1_0_10039550316.jpg,kitea,Salle A Manger,2026-06-11 17:44:35,True,Milieu (1500-4000),kitea_5872
Chaise Viggo - Gris Clair,1295.0,1695.0,23.6,https://www.kitea.com/chaise-viggo-gris-clair.html,https://www.kitea.com/media/catalog/product/cache/c06d1bb5eedf825ac39d687cd7d5d37e/_/c/_c_h_chaise_viggo.jpg,kitea,Salle A Manger,2026-06-11 17:44:13,True,Économique (500-1500),kitea_5886
Table À Manger Fixe Lionte - Blanc,5999.0,6999.0,14.3,https://www.kitea.com/table-a-manger-fixe-lionte-blanc.html,https://www.kitea.com/media/catalog/product/cache/c06d1bb5eedf825ac39d687cd7d5d37e/1/0/10101423501-b222.png,kitea,Salle A Manger,2026-06-11 18:55:10,True,Premium (4000-10k),kitea_5888
Grande Étagère Saint Tropez          Marron,549.0,750.0,26.8,https://www.kitea.com/grande-etagere-saint-tropez-marron.html,https://www.kitea.com/media/catalog/product/cache/c06d1bb5eedf825ac39d687cd7d5d37e/_/1/_1_0_10043281243.jpg,kitea,Salle A Manger,2026-06-11 17:45:53,True,Économique (500-1500),kitea_5914
Étagère Cut Out - Chêne Beige,495.0,595.0,16.8,https://www.kitea.com/etagere-cut-out-chene-beige.html,https://www.kitea.com/media/catalog/product/cache/c06d1bb5eedf825ac39d687cd7d5d37e/1/0/10114707332-t1.png,kitea,Salle A Manger,2026-06-11 18:54:41,True,Entrée (<500),kitea_5916
"Miroir Avec Cadre Rond 49X4,5X49 Cm - Beige",599.0,,0.0,https://www.kitea.com/miroir-avec-cadre-rond-49x4-5x49-cm-beige.html,https://www.kitea.com/media/catalog/product/cache/c06d1bb5eedf825ac39d687cd7d5d37e/1/0/10101106285-1.png,kitea,Salle A Manger,2026-06-11 17:45:18,False,Économique (500-1500),kitea_5946
Grande Vitrine Black Duro - Chêne / Noir,4395.0,,0.0,https://www.kitea.com/grande-vitrine-black-duro-chene-noir.html,https://www.kitea.com/media/catalog/product/cache/c06d1bb5eedf825ac39d687cd7d5d37e/1/0/10104021674-3.jpg,kitea,Salle A Manger,2026-06-11 18:55:10,False,Premium (4000-10k),kitea_5950
Élément Mural Black Duro - Chêne / Noir,1995.0,,0.0,https://www.kitea.com/element-mural-black-duro-chene-noir.html,https://www.kitea.com/media/catalog/product/cache/c06d1bb5eedf825ac39d687cd7d5d37e/1/0/10104025674-1.jpg,kitea,Salle A Manger,2026-06-11 18:55:10,False,Milieu (1500-4000),kitea_5955
Tabouret Dyn,179.0,,0.0,https://www.kitea.com/tabouret-dyn.html,https://www.kitea.com/media/catalog/product/cache/c06d1bb5eedf825ac39d687cd7d5d37e/_/1/_1_0_10027420274-2_1.jpg,kitea,Salle A Manger,2026-06-11 17:43:31,False,Entrée (<500),kitea_5957
Table À Manger Quadrar Marron,1595.0,3499.0,54.4,https://www.kitea.com/table-a-manger-quadrar-marron.html,https://www.kitea.com/media/catalog/product/cache/c06d1bb5eedf825ac39d687cd7d5d37e/_/1/_1_0_10013165285-11.jpg,kitea,Salle A Manger,2026-06-11 17:45:53,True,Milieu (1500-4000),kitea_5968
Chaise Gun - Gris Clair,349.0,599.0,41.7,https://www.kitea.com/chaise-gun-gris-clair.html,https://www.kitea.com/media/catalog/product/cache/c06d1bb5eedf825ac39d687cd7d5d37e/1/0/10096753361-4.png,kitea,Salle A Manger,2026-06-11 17:43:11,True,Entrée (<500),kitea_5974
Chaise Mojo - Blanc / Marron,995.0,1599.0,37.8,https://www.kitea.com/chaise-mojo-blanc-marron.html,https://www.kitea.com/media/catalog/product/cache/c06d1bb5eedf825ac39d687cd7d5d37e/1/0/10086031243.png,kitea,Salle A Manger,2026-06-11 17:43:31,True,Économique (500-1500),kitea_5995
Buffet Lacetti 2 Portes + 3 Tiroirs - Beige,4790.0,5490.0,12.8,https://www.kitea.com/buffet-lacetti-2-portes-3-tiroirs-beige.html,https://www.kitea.com/media/catalog/product/cache/c06d1bb5eedf825ac39d687cd7d5d37e/1/0/10092424246-18.png,kitea,Salle A Manger,2026-06-11 17:43:21,True,Premium (4000-10k),kitea_6014
Miroir 40Cm - Blanc Cassé,199.0,,0.0,https://www.kitea.com/miroir-40cm-blanc-casse.html,https://www.kitea.com/media/catalog/product/cache/c06d1bb5eedf825ac39d687cd7d5d37e/1/0/10101102315-1.png,kitea,Salle A Manger,2026-06-11 18:55:10,False,Entrée (<500),kitea_6041
Miroir Rond Chain - Doré,89.0,,0.0,https://www.kitea.com/miroir-rond-chain-dore.html,https://www.kitea.com/media/catalog/product/cache/c06d1bb5eedf825ac39d687cd7d5d37e/2/6/26_84_.png,kitea,Salle A Manger,2026-06-11 17:45:18,False,Entrée (<500),kitea_6050
Vitrine White Lyon Avec Porte Vitrée À Gauche  - Blanc,2995.0,4995.0,40.0,https://www.kitea.com/vitrine-white-lyon-avec-porte-vitree-a-gauche-blanc.html,https://www.kitea.com/media/catalog/product/cache/c06d1bb5eedf825ac39d687cd7d5d37e/1/0/10102822315-3.jpg,kitea,Salle A Manger,2026-06-11 18:54:41,True,Milieu (1500-4000),kitea_6066
Buffet Carpinus - Chêne,5490.0,6495.0,15.5,https://www.kitea.com/buffet-carpinus-chene.html,https://www.kitea.com/media/catalog/product/cache/c06d1bb5eedf825ac39d687cd7d5d37e/1/0/10062750541.jpg,kitea,Salle A Manger,2026-06-11 17:43:56,True,Premium (4000-10k),kitea_6068
Étagère Murale Oak Squere - Beige,1099.0,,0.0,https://www.kitea.com/etagere-murale-oak-squere-beige.html,https://www.kitea.com/media/catalog/product/cache/c06d1bb5eedf825ac39d687cd7d5d37e/1/0/10106269246-7.png,kitea,Salle A Manger,2026-06-11 18:54:55,False,Économique (500-1500),kitea_6092
Set Table Avec 4 Chaises Stanford Bois massif -  Marron,4495.0,5790.0,22.4,https://www.kitea.com/set-table-avec-4-chaises-stanford-marron.html,https://www.kitea.com/media/catalog/product/cache/c06d1bb5eedf825ac39d687cd7d5d37e/_/1/_1_0_10013694246-11.jpg,kitea,Salle A Manger,2026-06-11 17:44:13,True,Premium (4000-10k),kitea_6095
Table Ronde Ruth 140Cm  - Chromé,3999.0,4999.0,20.0,https://www.kitea.com/table-ronde-ruth-140cm-chrome.html,https://www.kitea.com/media/catalog/product/cache/c06d1bb5eedf825ac39d687cd7d5d37e/1/0/10105084416-8.jpg,kitea,Salle A Manger,2026-06-11 18:54:55,True,Milieu (1500-4000),kitea_6113
Table À Manger Norica - Noir / Doré,3499.0,,0.0,https://www.kitea.com/table-a-manger-norica-noir-dore.html,https://www.kitea.com/media/catalog/product/cache/c06d1bb5eedf825ac39d687cd7d5d37e/n/o/norica_lazt02_ro.jpg,kitea,Salle A Manger,2026-06-11 18:54:55,False,Milieu (1500-4000),kitea_6120
Table Haute Barna -  Chêne / Noir,2495.0,2995.0,16.7,https://www.kitea.com/table-haute-barna-chene-noir.html,https://www.kitea.com/media/catalog/product/cache/c06d1bb5eedf825ac39d687cd7d5d37e/1/0/10087983674-2.png,kitea,Salle A Manger,2026-06-11 17:45:36,True,Milieu (1500-4000),kitea_6129
Table À Manger Saint Tropez Blanc Brillant,2995.0,3250.0,7.8,https://www.kitea.com/table-a-manger-saint-tropez-blanc-brillant.html,https://www.kitea.com/media/catalog/product/cache/c06d1bb5eedf825ac39d687cd7d5d37e/_/1/_1_0_10043279243-11.jpg,kitea,Salle A Manger,2026-06-11 17:44:13,True,Milieu (1500-4000),kitea_6131
Vitrine White Lyon Avec Porte Vitrée À Droite - Blanc,2995.0,4995.0,40.0,https://www.kitea.com/vitrine-white-lyon-avec-porte-vitree-a-droite-blanc.html,https://www.kitea.com/media/catalog/product/cache/c06d1bb5eedf825ac39d687cd7d5d37e/1/0/10102823315-47.png,kitea,Salle A Manger,2026-06-11 18:54:41,True,Milieu (1500-4000),kitea_6135
Chaise Black Forest - Noir,795.0,1395.0,43.0,https://www.kitea.com/chaise-black-forest-noir.html,https://www.kitea.com/media/catalog/product/cache/c06d1bb5eedf825ac39d687cd7d5d37e/1/0/10079700234-1.jpg,kitea,Salle A Manger,2026-06-11 17:45:36,True,Économique (500-1500),kitea_6139
Vitrine Bolzano Avec Led Chêne Béton,5595.0,8795.0,36.4,https://www.kitea.com/vitrine-bolzano-avec-led-chene-beton.html,https://www.kitea.com/media/catalog/product/cache/c06d1bb5eedf825ac39d687cd7d5d37e/1/0/10062553677_1.jpg,kitea,Salle A Manger,2026-06-11 17:43:56,True,Premium (4000-10k),kitea_6148
Table À Manger Extensible 140 À 180Cm  Sky  - Marron,2395.0,2795.0,14.3,https://www.kitea.com/table-a-manger-extensible-140-a-180cm-sky-marron.html,https://www.kitea.com/media/catalog/product/cache/c06d1bb5eedf825ac39d687cd7d5d37e/1/0/10094207674-10.png,kitea,Salle A Manger,2026-06-11 17:43:11,True,Milieu (1500-4000),kitea_6150
Etagere Lyon  - Blanc,395.0,550.0,28.2,https://www.kitea.com/etagere-lyon-blanc.html,https://www.kitea.com/media/catalog/product/cache/c06d1bb5eedf825ac39d687cd7d5d37e/1/0/10102816315-1.jpg,kitea,Salle A Manger,2026-06-11 18:54:41,True,Entrée (<500),kitea_6152
Vitrine Dama 2 Portes - Gris Foncé Brillant,5695.0,6995.0,18.6,https://www.kitea.com/vitrine-dama-2-portes-gris-fonce-brillant.html,https://www.kitea.com/media/catalog/product/cache/c06d1bb5eedf825ac39d687cd7d5d37e/_/1/_10066040607-3_copy_0002_20_23_08-06_fb.jpg,kitea,Salle A Manger,2026-06-11 17:45:36,True,Premium (4000-10k),kitea_6159
Table Goya  En Chêne - Marron Foncé,4399.0,,0.0,https://www.kitea.com/table-goya-en-chene-marron-fonce.html,https://www.kitea.com/media/catalog/product/cache/c06d1bb5eedf825ac39d687cd7d5d37e/_/1/_1_0_10048303777.jpg,kitea,Salle A Manger,2026-06-11 17:45:53,False,Premium (4000-10k),kitea_6165
Chaise Carapace,695.0,,0.0,https://www.kitea.com/chaise-carapace.html,https://www.kitea.com/media/catalog/product/cache/c06d1bb5eedf825ac39d687cd7d5d37e/1/0/10086228313-1_3.png,kitea,Salle A Manger,2026-06-11 17:43:31,False,Économique (500-1500),kitea_6169
Grande Vitrine 1 Porte Lacetti - Beige,2995.0,4490.0,33.3,https://www.kitea.com/grande-vitrine-1-porte-lacetti-beige.html,https://www.kitea.com/media/catalog/product/cache/c06d1bb5eedf825ac39d687cd7d5d37e/1/0/10092427246-1.png,kitea,Salle A Manger,2026-06-11 17:43:21,True,Milieu (1500-4000),kitea_6180
Set Table À Manger Space Avec 4 Chaises - Noir,2895.0,4990.0,42.0,https://www.kitea.com/set-table-a-manger-space-avec-4-chaises-noir.html,https://www.kitea.com/media/catalog/product/cache/c06d1bb5eedf825ac39d687cd7d5d37e/1/0/10096770285-11.png,kitea,Salle A Manger,2026-06-11 17:45:18,True,Milieu (1500-4000),kitea_6185
Vitrine Savona - Chêne / Noir,3595.0,4295.0,16.3,https://www.kitea.com/vitrine-savona-chene-noir.html,https://www.kitea.com/media/catalog/product/cache/c06d1bb5eedf825ac39d687cd7d5d37e/4/_/4_5.jpg,kitea,Salle A Manger,2026-06-11 17:43:56,True,Milieu (1500-4000),kitea_6191
‎Étagère Murale Vérticale Infinito  - Gris Anthracite / Marron,795.0,1195.0,33.5,https://www.kitea.com/etagere-murale-verticale-infinito-gris-anthracite-marron.html,https://www.kitea.com/media/catalog/product/cache/c06d1bb5eedf825ac39d687cd7d5d37e/1/0/10087100192-2.png,kitea,Salle A Manger,2026-06-11 17:45:36,True,Économique (500-1500),kitea_6195
Chaise Roast - Wengé,790.0,999.0,20.9,https://www.kitea.com/chaise-roast-wenge.html,https://www.kitea.com/media/catalog/product/cache/c06d1bb5eedf825ac39d687cd7d5d37e/1/0/10102798305-78_1.jpg,kitea,Salle A Manger,2026-06-11 17:44:57,True,Économique (500-1500),kitea_6202
Table À Manger Mojo  - Marron,3995.0,5990.0,33.3,https://www.kitea.com/table-a-manger-mojo-marron.html,https://www.kitea.com/media/catalog/product/cache/c06d1bb5eedf825ac39d687cd7d5d37e/1/0/10086026242_2__1.png,kitea,Salle A Manger,2026-06-11 17:43:31,True,Milieu (1500-4000),kitea_6220
Buffet Dedelos 2 Portes Et 4 Tiroirs - Marron / Beige,2295.0,2999.0,23.5,https://www.kitea.com/buffet-dedelos-2-portes-et-4-tiroirs-marron-beige.html,https://www.kitea.com/media/catalog/product/cache/c06d1bb5eedf825ac39d687cd7d5d37e/1/0/10104010332-1.png,kitea,Salle A Manger,2026-06-11 17:44:57,True,Milieu (1500-4000),kitea_6235
Buffet 4 Portes Sky - Noir / Marron,5495.0,5995.0,8.3,https://www.kitea.com/buffet-4-portes-sky-noir-marron.html,https://www.kitea.com/media/catalog/product/cache/c06d1bb5eedf825ac39d687cd7d5d37e/1/0/10094202674-12.png,kitea,Salle A Manger,2026-06-11 17:45:36,True,Premium (4000-10k),kitea_6237
Chaise Demina,599.0,,0.0,https://www.kitea.com/chaise-demina.html,https://www.kitea.com/media/catalog/product/cache/c06d1bb5eedf825ac39d687cd7d5d37e/_/1/_1_0_10049772294_1.jpg,kitea,Salle A Manger,2026-06-11 17:43:43,False,Économique (500-1500),kitea_6244
Buffet Durango Avec 2 Portes + 4 Tiroirs - Chêne Noir,2395.0,3495.0,31.5,https://www.kitea.com/buffet-durango-avec-2-portes-4-tiroirs-chene-noir.html,https://www.kitea.com/media/catalog/product/cache/c06d1bb5eedf825ac39d687cd7d5d37e/1/0/10067718741_2_.jpg,kitea,Salle A Manger,2026-06-11 17:43:43,True,Milieu (1500-4000),kitea_6253
Set Table À Manger Avec 6 Chaises Annette - Marron,7995.0,9995.0,20.0,https://www.kitea.com/set-table-a-manger-avec-6-chaises-annette-marron.html,https://www.kitea.com/media/catalog/product/cache/c06d1bb5eedf825ac39d687cd7d5d37e/1/0/10085579246-base111.jpg,kitea,Salle A Manger,2026-06-11 17:43:43,True,Premium (4000-10k),kitea_6257
Élément Mural Infinito - Gris Anthracite / Marron,1545.0,1995.0,22.6,https://www.kitea.com/element-mural-infinito-gris-anthracite-marron.html,https://www.kitea.com/media/catalog/product/cache/c06d1bb5eedf825ac39d687cd7d5d37e/1/0/10087099192-2.png,kitea,Salle A Manger,2026-06-11 17:43:31,True,Milieu (1500-4000),kitea_6270
Table À Manger Flair - Blanc,2595.0,5995.0,56.7,https://www.kitea.com/table-a-manger-flair-blanc.html,https://www.kitea.com/media/catalog/product/cache/c06d1bb5eedf825ac39d687cd7d5d37e/d/e/design_sans_titre_-_2026-04-15t162113.646.jpg,kitea,Salle A Manger,2026-06-11 17:43:43,True,Milieu (1500-4000),kitea_6272
Table À Manger  Extensible Pesaro  - Chêne / Gris,5495.0,6249.0,12.1,https://www.kitea.com/table-a-manger-extensible-pesaro-chene-gris.html,https://www.kitea.com/media/catalog/product/cache/c06d1bb5eedf825ac39d687cd7d5d37e/t/a/table_rect_pesaro_shoot_de_3-4_gauche_2099901528544-p_1.jpg,kitea,Salle A Manger,2026-06-11 18:54:55,True,Premium (4000-10k),kitea_6327
Étagère  Hardy - Marron,995.0,1295.0,23.2,https://www.kitea.com/etagere-hardy-marron.html,https://www.kitea.com/media/catalog/product/cache/c06d1bb5eedf825ac39d687cd7d5d37e/1/0/10086748314-swatch1.jpg,kitea,Salle A Manger,2026-06-11 17:43:31,True,Économique (500-1500),kitea_6331
Set Table À Manger Juliette Avec 6 Chaises - Marron,8990.0,10990.0,18.2,https://www.kitea.com/set-table-a-manger-juliette-avec-6-chaises-marron.html,https://www.kitea.com/media/catalog/product/cache/c06d1bb5eedf825ac39d687cd7d5d37e/1/0/10096037242-1.png,kitea,Salle A Manger,2026-06-11 17:43:11,True,Premium (4000-10k),kitea_6333
Buffet Cut Out 4 Portes - Chêne Beige,4995.0,5995.0,16.7,https://www.kitea.com/buffet-cut-out-4-portes-chene-beige.html,https://www.kitea.com/media/catalog/product/cache/c06d1bb5eedf825ac39d687cd7d5d37e/1/0/10114706332-h.png,kitea,Salle A Manger,2026-06-11 18:54:55,True,Premium (4000-10k),kitea_6339
Petite Étagère Duro - Chêne / Beige,395.0,550.0,28.2,https://www.kitea.com/petite-etagere-duro-chene-beige.html,https://www.kitea.com/media/catalog/product/cache/c06d1bb5eedf825ac39d687cd7d5d37e/_/1/_1_0_10028675343.jpg,kitea,Salle A Manger,2026-06-11 17:44:35,True,Entrée (<500),kitea_6345
Chaise Oslo  - Noir,949.0,1049.0,9.5,https://www.kitea.com/chaise-oslo-noir.html,https://www.kitea.com/media/catalog/product/cache/c06d1bb5eedf825ac39d687cd7d5d37e/1/0/10096915234-2.png,kitea,Salle A Manger,2026-06-11 17:45:18,True,Économique (500-1500),kitea_6347
Set Mocca Table + 6 Chaises - Marron,6990.0,9999.0,30.1,https://www.kitea.com/set-mocca-table-6-chaises-marron.html,https://www.kitea.com/media/catalog/product/cache/c06d1bb5eedf825ac39d687cd7d5d37e/1/0/10102791314-b1-d2.jpg,kitea,Salle A Manger,2026-06-11 17:44:57,True,Premium (4000-10k),kitea_6349
Table Bar Mojo - Marron,3995.0,6499.0,38.5,https://www.kitea.com/table-bar-mojo-marron.html,https://www.kitea.com/media/catalog/product/cache/c06d1bb5eedf825ac39d687cd7d5d37e/1/0/10086033242.png,kitea,Salle A Manger,2026-06-11 17:43:31,True,Milieu (1500-4000),kitea_6355
Petite Étagère Murale Saint Tropez - Marron,650.0,,0.0,https://www.kitea.com/petite-etagere-murale-saint-tropez-marron.html,https://www.kitea.com/media/catalog/product/cache/c06d1bb5eedf825ac39d687cd7d5d37e/_/1/_1_0_10043280243.jpg,kitea,Salle A Manger,2026-06-11 17:44:13,False,Économique (500-1500),kitea_6360
Table À Manger Hardy - Marron,4995.0,5995.0,16.7,https://www.kitea.com/table-a-manger-hardy-marron.html,https://www.kitea.com/media/catalog/product/cache/c06d1bb5eedf825ac39d687cd7d5d37e/1/0/10086753314-base11.png,kitea,Salle A Manger,2026-06-11 17:43:31,True,Premium (4000-10k),kitea_6378
Set Table À Manger Niro Avec 4 Chaises - Marron,6795.0,9995.0,32.0,https://www.kitea.com/set-table-a-manger-niro-avec-4-chaises-marron.html,https://www.kitea.com/media/catalog/product/cache/c06d1bb5eedf825ac39d687cd7d5d37e/1/0/10088300314-7020.png,kitea,Salle A Manger,2026-06-11 17:43:21,True,Premium (4000-10k),kitea_6394
Table À Manger Extensible Coburg 80Cm - Blanc,1299.0,2695.0,51.8,https://www.kitea.com/table-a-manger-extensible-coburg-80cm-blanc.html,https://www.kitea.com/media/catalog/product/cache/c06d1bb5eedf825ac39d687cd7d5d37e/_/1/_10066040607-3_0008_coburg_80_auszugstisch_w_frontal.jpg,kitea,Salle A Manger,2026-06-11 17:45:36,True,Économique (500-1500),kitea_6417
Table À Manger Extensible Glam 160-240Cm - Blanc,9499.0,13995.0,32.1,https://www.kitea.com/table-a-manger-extensible-glam-160-240cm-blanc.html,https://www.kitea.com/media/catalog/product/cache/c06d1bb5eedf825ac39d687cd7d5d37e/1/0/10094214315-80.png,kitea,Salle A Manger,2026-06-11 17:43:11,True,Premium (4000-10k),kitea_6419
Commode Azuka 3 tiroirs – 80 x 88 x 44 cm – Wengé,1295.0,,0.0,https://www.kitea.com/commode-azuka-3-tiroirs-80-x-88-x-44-cm-wenge.html,https://www.kitea.com/media/catalog/product/cache/c06d1bb5eedf825ac39d687cd7d5d37e/1/0/10116646305c.png,kitea,Salle A Manger,2026-06-11 18:54:41,False,Économique (500-1500),kitea_6427
Set Yale Table Haute + 2 Tabourets - Marron,3295.0,6995.0,52.9,https://www.kitea.com/set-yale-table-haute-2-tabourets-marron.html,https://www.kitea.com/media/catalog/product/cache/c06d1bb5eedf825ac39d687cd7d5d37e/s/a/sans_titre_26__1.jpg,kitea,Salle A Manger,2026-06-11 17:45:36,True,Milieu (1500-4000),kitea_6429
Buffet Lewisville - Beige / Crème,2495.0,3990.0,37.5,https://www.kitea.com/buffet-lewisville-beige-creme.html,https://www.kitea.com/media/catalog/product/cache/c06d1bb5eedf825ac39d687cd7d5d37e/1/0/10092407217-1.png,kitea,Salle A Manger,2026-06-11 17:43:21,True,Milieu (1500-4000),kitea_6435
Miroir Lazio - Blanc / Doré,2999.0,,0.0,https://www.kitea.com/miroir-lazio-blanc-dore.html,https://www.kitea.com/media/catalog/product/cache/c06d1bb5eedf825ac39d687cd7d5d37e/1/0/10105835699-11.jpg,kitea,Salle A Manger,2026-06-11 18:54:55,False,Milieu (1500-4000),kitea_6444
Commode Saint Tropez Avec Led  Blanc,4995.0,,0.0,https://www.kitea.com/commode-saint-tropez-avec-led-blanc.html,https://www.kitea.com/media/catalog/product/cache/c06d1bb5eedf825ac39d687cd7d5d37e/1/0/10043275243-base2.png,kitea,Salle A Manger,2026-06-11 17:44:36,False,Premium (4000-10k),kitea_6449
Table À Manger Oak Squere- Beige,2999.0,,0.0,https://www.kitea.com/table-a-manger-oak-squere-beige.html,https://www.kitea.com/media/catalog/product/cache/c06d1bb5eedf825ac39d687cd7d5d37e/1/0/10106271246-8.png,kitea,Salle A Manger,2026-06-11 18:55:10,False,Milieu (1500-4000),kitea_6458
Set Nairobi Table À Manger + 6 Chaises - Noyer,8595.0,12995.0,33.9,https://www.kitea.com/set-nairobi-table-a-manger-6-chaises-noyer.html,https://www.kitea.com/media/catalog/product/cache/c06d1bb5eedf825ac39d687cd7d5d37e/1/0/10097859242-swatch1.jpg,kitea,Salle A Manger,2026-06-11 17:45:18,True,Premium (4000-10k),kitea_6474
Table À Manger Extensible Cut Out - Chêne Beige,2995.0,3595.0,16.7,https://www.kitea.com/table-a-manger-extensible-cut-out-chene-beige.html,https://www.kitea.com/media/catalog/product/cache/c06d1bb5eedf825ac39d687cd7d5d37e/1/0/10114711332-99.png,kitea,Salle A Manger,2026-06-11 18:54:41,True,Milieu (1500-4000),kitea_6505
Set Robusta Table + 6 Chaises - Marron,7990.0,11999.0,33.4,https://www.kitea.com/set-robusta-table-6-chaises-marron.html,https://www.kitea.com/media/catalog/product/cache/c06d1bb5eedf825ac39d687cd7d5d37e/1/0/10102792314-v8_1.png,kitea,Salle A Manger,2026-06-11 17:44:57,True,Premium (4000-10k),kitea_6515
Buffet Monaco avec 2 portes / 3 tiroirs – 206 × 45 × 94 cm,4295.0,,0.0,https://www.kitea.com/buffet-monaco-avec-2-portes-3-tiroirs-206-45-94-cm.html,https://www.kitea.com/media/catalog/product/cache/c06d1bb5eedf825ac39d687cd7d5d37e/b/u/buffet1.jpg,kitea,Salle A Manger,2026-06-11 18:54:41,False,Premium (4000-10k),kitea_6536
Table À Manger Laroja - Blanc Transparent,2295.0,2995.0,23.4,https://www.kitea.com/table-a-manger-laroja-blanc-transparent.html,https://www.kitea.com/media/catalog/product/cache/c06d1bb5eedf825ac39d687cd7d5d37e/1/0/10091149285-10.png,kitea,Salle A Manger,2026-06-11 17:43:21,True,Milieu (1500-4000),kitea_6540
Buffet Avec Led Luci - Artisan Oak / Gris,2995.0,4995.0,40.0,https://www.kitea.com/buffet-avec-led-luci-artisan-oak-gris.html,https://www.kitea.com/media/catalog/product/cache/c06d1bb5eedf825ac39d687cd7d5d37e/1/0/10063550974.jpeg,kitea,Salle A Manger,2026-06-11 17:45:53,True,Milieu (1500-4000),kitea_6554
Buffet Vodol 2 Portes Et 3 Tiroirs - Beige / Noir,3995.0,4995.0,20.0,https://www.kitea.com/buffet-vodol-2-portes-et-3-tiroirs-beige-noir.html,https://www.kitea.com/media/catalog/product/cache/c06d1bb5eedf825ac39d687cd7d5d37e/1/0/10092415439-1.png,kitea,Salle A Manger,2026-06-11 17:43:21,True,Milieu (1500-4000),kitea_6559
Bibliothèque Bolzano Avec Led Chêne Béton,3995.0,6495.0,38.5,https://www.kitea.com/bibliotheque-bolzano-avec-led-chene-beton.html,https://www.kitea.com/media/catalog/product/cache/c06d1bb5eedf825ac39d687cd7d5d37e/1/0/10062554677_1.jpg,kitea,Salle A Manger,2026-06-11 17:43:56,True,Milieu (1500-4000),kitea_6567
Table À Manger Marcella - Blanc / Marron,7495.0,11990.0,37.5,https://www.kitea.com/table-a-manger-marcella-blanc-marron.html,https://www.kitea.com/media/catalog/product/cache/c06d1bb5eedf825ac39d687cd7d5d37e/1/0/10088828243-1.png,kitea,Salle A Manger,2026-06-11 17:43:21,True,Premium (4000-10k),kitea_6591
Chaise Lif - Noir,695.0,1250.0,44.4,https://www.kitea.com/chaise-lif-noir.html,https://www.kitea.com/media/catalog/product/cache/c06d1bb5eedf825ac39d687cd7d5d37e/_/1/_1_0_10033073234.jpg,kitea,Salle A Manger,2026-06-11 17:44:35,True,Économique (500-1500),kitea_6600
Vitrine Vodol - Beige / Noir,3590.0,4595.0,21.9,https://www.kitea.com/vitrine-vodol-beige-noir.html,https://www.kitea.com/media/catalog/product/cache/c06d1bb5eedf825ac39d687cd7d5d37e/1/0/10092417439-11.png,kitea,Salle A Manger,2026-06-11 17:43:31,True,Milieu (1500-4000),kitea_6604
Buffet Cut Out 3 Portes - Chêne Beige,4695.0,5495.0,14.6,https://www.kitea.com/buffet-cut-out-3-portes-chene-beige.html,https://www.kitea.com/media/catalog/product/cache/c06d1bb5eedf825ac39d687cd7d5d37e/1/0/10114705332-g.png,kitea,Salle A Manger,2026-06-11 18:54:55,True,Premium (4000-10k),kitea_6617
Table À Manger Duro - Chêne / Beige,2650.0,,0.0,https://www.kitea.com/table-a-manger-duro-blanc-beige.html,https://www.kitea.com/media/catalog/product/cache/c06d1bb5eedf825ac39d687cd7d5d37e/1/0/10028678343-base11.png,kitea,Salle A Manger,2026-06-11 17:44:13,False,Milieu (1500-4000),kitea_6622
Commode Hulon - Chêne / Blanc Brillant,2295.0,,0.0,https://www.kitea.com/commode-hulon-chene-blanc-brillant.html,https://www.kitea.com/media/catalog/product/cache/c06d1bb5eedf825ac39d687cd7d5d37e/1/0/10030309316_p_1.jpg,kitea,Salle A Manger,2026-06-11 17:44:36,False,Milieu (1500-4000),kitea_6631
"Vitrine Oak Squere 197,9Cm - Beige",2999.0,,0.0,https://www.kitea.com/vitrine-oak-squere-197-9cm-beige.html,https://www.kitea.com/media/catalog/product/cache/c06d1bb5eedf825ac39d687cd7d5d37e/1/0/10106267246-11.png,kitea,Salle A Manger,2026-06-11 18:54:55,False,Milieu (1500-4000),kitea_6633
Tabouret Pol - Gris Foncé,1595.0,2395.0,33.4,https://www.kitea.com/tabouret-pol-gris-fonce.html,https://www.kitea.com/media/catalog/product/cache/c06d1bb5eedf825ac39d687cd7d5d37e/1/0/10064376420.jpg,kitea,Salle A Manger,2026-06-11 17:43:43,True,Milieu (1500-4000),kitea_6634
Vitrine White Lyon Avec 1 Porte Gauche  - Blanc,2695.0,4490.0,40.0,https://www.kitea.com/vitrine-white-lyon-avec-1-porte-gauche-blanc.html,https://www.kitea.com/media/catalog/product/cache/c06d1bb5eedf825ac39d687cd7d5d37e/1/0/10102821315-1.png,kitea,Salle A Manger,2026-06-11 18:54:41,True,Milieu (1500-4000),kitea_6647
Petite Vitrine Lyon Avec Une Porte 60X42X198 Cm  – Blanc / Chêne,4490.0,,0.0,https://www.kitea.com/petite-vitrine-lyon-avec-une-porte-60x42x198-cm-blanc-chene.html,https://www.kitea.com/media/catalog/product/cache/c06d1bb5eedf825ac39d687cd7d5d37e/_/1/_1_0_10039547316.jpg,kitea,Salle A Manger,2026-06-11 17:44:35,False,Premium (4000-10k),kitea_6650
Chaise Sono,990.0,,0.0,https://www.kitea.com/chaise-sono.html,https://www.kitea.com/media/catalog/product/cache/c06d1bb5eedf825ac39d687cd7d5d37e/1/0/10096916361-1_2.png,kitea,Salle A Manger,2026-06-11 17:45:18,False,Économique (500-1500),kitea_6672
Table À Manger Lazio - Blanc / Doré,3499.0,,0.0,https://www.kitea.com/table-a-manger-lazio-blanc-dore.html,https://www.kitea.com/media/catalog/product/cache/c06d1bb5eedf825ac39d687cd7d5d37e/1/0/10105838699.jpg,kitea,Salle A Manger,2026-06-11 18:54:55,False,Milieu (1500-4000),kitea_6678
Table Extensible Lyon - Blanc,2490.0,,0.0,https://www.kitea.com/table-extensible-lyon-blanc.html,https://www.kitea.com/media/catalog/product/cache/c06d1bb5eedf825ac39d687cd7d5d37e/_/1/_1_0_10039559316.jpg,kitea,Salle A Manger,2026-06-11 17:44:13,False,Milieu (1500-4000),kitea_6679
Table Extensible Brolo - Noir / Chêne,2990.0,,0.0,https://www.kitea.com/table-extensible-brolo-noir-chene.html,https://www.kitea.com/media/catalog/product/cache/c06d1bb5eedf825ac39d687cd7d5d37e/_/1/_1_0_10049296596.jpg,kitea,Salle A Manger,2026-06-11 17:44:13,False,Milieu (1500-4000),kitea_6685
Table a Manger Anora - Blanc,3995.0,,0.0,https://www.kitea.com/table-a-manger-anora-blanc.html,https://www.kitea.com/media/catalog/product/cache/c06d1bb5eedf825ac39d687cd7d5d37e/1/0/10116009315.png,kitea,Salle A Manger,2026-06-11 17:44:57,False,Milieu (1500-4000),kitea_6689
Buffet 2 Portes + 3 Tiroirs Sky - Noir/ Marron,5494.0,5995.0,8.4,https://www.kitea.com/buffet-2-portes-3-tiroirs-sky-noir-marron.html,https://www.kitea.com/media/catalog/product/cache/c06d1bb5eedf825ac39d687cd7d5d37e/1/0/10094203674-8.png,kitea,Salle A Manger,2026-06-11 17:45:36,True,Premium (4000-10k),kitea_6691
Table À Manger Extensible Dedelos - Marron / Beige,2499.0,,0.0,https://www.kitea.com/table-a-manger-extensible-dedelos-marron-beige.html,https://www.kitea.com/media/catalog/product/cache/c06d1bb5eedf825ac39d687cd7d5d37e/1/0/10104014332-1_1_.png,kitea,Salle A Manger,2026-06-11 18:55:10,False,Milieu (1500-4000),kitea_6694
Table Haute Extensible Lundge   - Blanc / Chêne,2695.0,2995.0,10.0,https://www.kitea.com/table-haute-extensible-lundge-blanc-chene.html,https://www.kitea.com/media/catalog/product/cache/c06d1bb5eedf825ac39d687cd7d5d37e/1/0/10097760922-1.png,kitea,Salle A Manger,2026-06-11 17:45:18,True,Milieu (1500-4000),kitea_6715
Elément Mural Duro - Chêne Beige,1995.0,,0.0,https://www.kitea.com/element-mural-duro-chene-gris-clair.html,https://www.kitea.com/media/catalog/product/cache/c06d1bb5eedf825ac39d687cd7d5d37e/_/1/_1_0_10028672343.jpg,kitea,Salle A Manger,2026-06-11 17:44:35,False,Milieu (1500-4000),kitea_6721
"Miroir Organique  62,5X0,7X53,5Cm - Noir",1129.0,,0.0,https://www.kitea.com/miroir-organique-62-5x0-7x53-5cm-noir.html,https://www.kitea.com/media/catalog/product/cache/c06d1bb5eedf825ac39d687cd7d5d37e/1/0/10101098234-2.png,kitea,Salle A Manger,2026-06-11 17:45:18,False,Économique (500-1500),kitea_6728
Chaise Bouclette Freya - Blanc,899.0,1395.0,35.6,https://www.kitea.com/chaise-bouclette-freya-blanc.html,https://www.kitea.com/media/catalog/product/cache/c06d1bb5eedf825ac39d687cd7d5d37e/s/a/sans_titre_11__1_1.jpg,kitea,Salle A Manger,2026-06-11 17:45:36,True,Économique (500-1500),kitea_6730
Chaise Goa,449.0,,0.0,https://www.kitea.com/chaise-goa.html,https://www.kitea.com/media/catalog/product/cache/c06d1bb5eedf825ac39d687cd7d5d37e/1/0/10086238313-4_2.png,kitea,Salle A Manger,2026-06-11 17:43:31,False,Entrée (<500),kitea_6734
Chaise Kuro,349.0,,0.0,https://www.kitea.com/chaise-kuro.html,https://www.kitea.com/media/catalog/product/cache/c06d1bb5eedf825ac39d687cd7d5d37e/1/0/10096758234-m_1_.png,kitea,Salle A Manger,2026-06-11 18:55:10,False,Entrée (<500),kitea_6744
Vitrine Kinshasa  - Beige,2095.0,3495.0,40.1,https://www.kitea.com/vitrine-kinshasa-beige.html,https://www.kitea.com/media/catalog/product/cache/c06d1bb5eedf825ac39d687cd7d5d37e/1/0/10091142285-2.png,kitea,Salle A Manger,2026-06-11 17:45:36,True,Milieu (1500-4000),kitea_6745
Chaise Zenit,699.0,,0.0,https://www.kitea.com/chaise-zenit.html,https://www.kitea.com/media/catalog/product/cache/c06d1bb5eedf825ac39d687cd7d5d37e/1/0/10103723315-1_1.png,kitea,Salle A Manger,2026-06-11 17:44:57,False,Économique (500-1500),kitea_6762
Buffet À Deux Portes Lyon Avec Trois Tiroirs - Blanc / Chêne,3995.0,,0.0,https://www.kitea.com/buffet-a-deux-portes-lyon-avec-trois-tiroirs-blanc-chene.html,https://www.kitea.com/media/catalog/product/cache/c06d1bb5eedf825ac39d687cd7d5d37e/_/1/_1_0_10039551316.jpg,kitea,Salle A Manger,2026-06-11 17:44:36,False,Milieu (1500-4000),kitea_6772
Table À Manger Londar Marron,1995.0,3999.0,50.1,https://www.kitea.com/table-a-manger-londar-marron.html,https://www.kitea.com/media/catalog/product/cache/c06d1bb5eedf825ac39d687cd7d5d37e/_/1/_1_0_10012692285-11.jpg,kitea,Salle A Manger,2026-06-11 17:45:53,True,Milieu (1500-4000),kitea_6778
Chaise Sumatra - Chêne / Beige,795.0,1999.0,60.2,https://www.kitea.com/chaise-sumatra-chene-beige.html,https://www.kitea.com/media/catalog/product/cache/c06d1bb5eedf825ac39d687cd7d5d37e/1/0/10068771332.png,kitea,Salle A Manger,2026-06-11 17:44:57,True,Économique (500-1500),kitea_6785
Meuble Étagère  Hardy - Marron,2795.0,3495.0,20.0,https://www.kitea.com/meuble-etagere-hardy-marron.html,https://www.kitea.com/media/catalog/product/cache/c06d1bb5eedf825ac39d687cd7d5d37e/1/0/10086747314-swatch70.png,kitea,Salle A Manger,2026-06-11 17:43:31,True,Milieu (1500-4000),kitea_6789
Buffet Flemens - Taupe / Chêne,4990.0,6195.0,19.5,https://www.kitea.com/buffet-flemens-taupe-chene.html,https://www.kitea.com/media/catalog/product/cache/c06d1bb5eedf825ac39d687cd7d5d37e/1/0/10062748904-base1.png,kitea,Salle A Manger,2026-06-11 17:43:43,True,Premium (4000-10k),kitea_6821
Vitrine Vodol Avec Portes Vitrées - Beige / Noir,3995.0,4995.0,20.0,https://www.kitea.com/vitrine-vodol-avec-portes-vitrees-beige-noir.html,https://www.kitea.com/media/catalog/product/cache/c06d1bb5eedf825ac39d687cd7d5d37e/1/0/10092418439-1.png,kitea,Salle A Manger,2026-06-11 17:43:21,True,Milieu (1500-4000),kitea_6829
Petite Vitrine Lyon Avec Une Porte 60X42X164 Cm - Blanc / Chêne,2995.0,3890.0,23.0,https://www.kitea.com/petite-vitrine-lyon-avec-une-porte-60x42x164-cm-blanc-chene.html,https://www.kitea.com/media/catalog/product/cache/c06d1bb5eedf825ac39d687cd7d5d37e/_/1/_1_0_10039548316.jpg,kitea,Salle A Manger,2026-06-11 17:44:35,True,Milieu (1500-4000),kitea_6849
Tabouret Pol - Corail,1595.0,2395.0,33.4,https://www.kitea.com/tabouret-pol-corail.html,https://www.kitea.com/media/catalog/product/cache/c06d1bb5eedf825ac39d687cd7d5d37e/1/0/10064374459.jpg,kitea,Salle A Manger,2026-06-11 17:43:43,True,Milieu (1500-4000),kitea_6851
Set Penn Table Haute + 4 Tabourets - Marron,4995.0,11995.0,58.4,https://www.kitea.com/set-penn-table-haute-4-tabourets-marron.html,https://www.kitea.com/media/catalog/product/cache/c06d1bb5eedf825ac39d687cd7d5d37e/1/0/10065656314-2.jpg,kitea,Salle A Manger,2026-06-11 17:45:36,True,Premium (4000-10k),kitea_6858
Vitrine Brolo Blanc Brillant,2695.0,3390.0,20.5,https://www.kitea.com/vitrine-brolo-blanc-brillant.html,https://www.kitea.com/media/catalog/product/cache/c06d1bb5eedf825ac39d687cd7d5d37e/_/1/_1_0_10049293596.jpg,kitea,Salle A Manger,2026-06-11 17:44:13,True,Milieu (1500-4000),kitea_6864
Vitrine White Lyon Droite Avec 1 Porte - Blanc,2695.0,4490.0,40.0,https://www.kitea.com/vitrine-white-lyon-droite-avec-1-porte-blanc.html,https://www.kitea.com/media/catalog/product/cache/c06d1bb5eedf825ac39d687cd7d5d37e/1/0/10102820315-8.png,kitea,Salle A Manger,2026-06-11 18:54:41,True,Milieu (1500-4000),kitea_6876
Chaise Holly,849.0,,0.0,https://www.kitea.com/chaise-holly.html,https://www.kitea.com/media/catalog/product/cache/c06d1bb5eedf825ac39d687cd7d5d37e/1/0/10085704234-1_1.png,kitea,Salle A Manger,2026-06-11 17:43:31,False,Économique (500-1500),kitea_6894
Table À Manger Flemens - Taupe / Chêne,2890.0,3395.0,14.9,https://www.kitea.com/table-a-manger-flemens-taupe-chene.html,https://www.kitea.com/media/catalog/product/cache/c06d1bb5eedf825ac39d687cd7d5d37e/1/0/10062738904.jpg,kitea,Salle A Manger,2026-06-11 17:43:56,True,Milieu (1500-4000),kitea_6913
Tabouret Adisa,1195.0,,0.0,https://www.kitea.com/tabouret-adisa.html,https://www.kitea.com/media/catalog/product/cache/c06d1bb5eedf825ac39d687cd7d5d37e/1/0/10105745343-20_1.png,kitea,Salle A Manger,2026-06-11 18:54:55,False,Économique (500-1500),kitea_6916
Chaise Karla,895.0,,0.0,https://www.kitea.com/chaise-karla.html,https://www.kitea.com/media/catalog/product/cache/c06d1bb5eedf825ac39d687cd7d5d37e/_/1/_1_0_10033088343_1.jpg,kitea,Salle A Manger,2026-06-11 17:43:43,False,Économique (500-1500),kitea_6926
Chaise Mojo - Gris Foncé,1195.0,1999.0,40.2,https://www.kitea.com/chaise-mojo-gris-fonce.html,https://www.kitea.com/media/catalog/product/cache/c06d1bb5eedf825ac39d687cd7d5d37e/1/0/10086032661.png,kitea,Salle A Manger,2026-06-11 17:43:31,True,Économique (500-1500),kitea_6931
"Chaise Rube Vert – Pied Assorti – 48 × 62 × 49,5 / 85 cm",699.0,,0.0,https://www.kitea.com/chaise-rube-vert-pied-assorti-48-62-49-5-85-cm.html,https://www.kitea.com/media/catalog/product/cache/c06d1bb5eedf825ac39d687cd7d5d37e/c/h/chaise_rube_vert_3.jpg,kitea,Salle A Manger,2026-06-11 18:54:41,False,Économique (500-1500),kitea_6935
Chaise Nara,695.0,,0.0,https://www.kitea.com/chaise-nara.html,https://www.kitea.com/media/catalog/product/cache/c06d1bb5eedf825ac39d687cd7d5d37e/1/0/10091575315-6_1.png,kitea,Salle A Manger,2026-06-11 17:45:18,False,Économique (500-1500),kitea_6942
Table a Manger Anora - Béton / Gris Clair,3995.0,,0.0,https://www.kitea.com/table-a-manger-anora-beton-gris-clair.html,https://www.kitea.com/media/catalog/product/cache/c06d1bb5eedf825ac39d687cd7d5d37e/1/0/10116010827a.png,kitea,Salle A Manger,2026-06-11 17:44:57,False,Milieu (1500-4000),kitea_6944
Miroir Segno - Gris Foncé,995.0,1595.0,37.6,https://www.kitea.com/miroir-segno-gris-fonce.html,https://www.kitea.com/media/catalog/product/cache/c06d1bb5eedf825ac39d687cd7d5d37e/1/0/10065319375.jpg,kitea,Salle A Manger,2026-06-11 17:43:56,True,Économique (500-1500),kitea_6946
Vitrine Duro 1 Tiroir Et 3 Portes – Chêne Beige,3195.0,,0.0,https://www.kitea.com/vitrine-duro-1-tiroir-et-3-portes-blanc.html,https://www.kitea.com/media/catalog/product/cache/c06d1bb5eedf825ac39d687cd7d5d37e/_/1/_1_0_10028670343-1.jpg,kitea,Salle A Manger,2026-06-11 17:44:35,False,Milieu (1500-4000),kitea_6953
Chaise Velvet - Noir,990.0,,0.0,https://www.kitea.com/chaise-velvet-noir.html,https://www.kitea.com/media/catalog/product/cache/c06d1bb5eedf825ac39d687cd7d5d37e/1/0/10096766234-1.png,kitea,Salle A Manger,2026-06-11 17:43:11,False,Économique (500-1500),kitea_6981
Table À Manger Extensible Coburg 140Cm - Blanc,1499.0,2995.0,49.9,https://www.kitea.com/table-a-manger-extensible-coburg-140cm-blanc.html,https://www.kitea.com/media/catalog/product/cache/c06d1bb5eedf825ac39d687cd7d5d37e/t/a/table-extensible-coburg-decor-blanc-allonge-de-40-cm-l120-160-x-h765-x-p70-cm.jpg,kitea,Salle A Manger,2026-06-11 17:43:21,True,Économique (500-1500),kitea_6983
Set Table À Manger Miro Avec 4 Chaises - Blanc,3990.0,,0.0,https://www.kitea.com/set-table-a-manger-miro-avec-4-chaises-blanc.html,https://www.kitea.com/media/catalog/product/cache/c06d1bb5eedf825ac39d687cd7d5d37e/8/l/8l2a3611__1.jpg,kitea,Salle A Manger,2026-06-11 17:43:11,False,Milieu (1500-4000),kitea_7000
Table À Manger Uranus - Marron Foncé,2595.0,5299.0,51.0,https://www.kitea.com/table-a-manger-uranus-marron-fonce.html,https://www.kitea.com/media/catalog/product/cache/c06d1bb5eedf825ac39d687cd7d5d37e/1/0/10068770622.png,kitea,Salle A Manger,2026-06-11 17:45:36,True,Milieu (1500-4000),kitea_7004
Petite Vitrine Avec Led Luci - Artisan Oak / Gris,2095.0,3495.0,40.1,https://www.kitea.com/petite-vitrine-avec-led-luci-artisan-oak-gris.html,https://www.kitea.com/media/catalog/product/cache/c06d1bb5eedf825ac39d687cd7d5d37e/1/0/10063554974-02.jpeg,kitea,Salle A Manger,2026-06-11 17:45:53,True,Milieu (1500-4000),kitea_7016
Set Table À Manger Pune + 4 Chaises - Beige / Gris,2595.0,3795.0,31.6,https://www.kitea.com/set-table-a-manger-pune-4-chaises-beige-gris.html,https://www.kitea.com/media/catalog/product/cache/c06d1bb5eedf825ac39d687cd7d5d37e/1/0/10092604285-base2.png,kitea,Salle A Manger,2026-06-11 17:43:11,True,Milieu (1500-4000),kitea_7018
Table a Manger Adina Extensible - Chêne,7995.0,,0.0,https://www.kitea.com/table-a-manger-adina-extensible-chene.html,https://www.kitea.com/media/catalog/product/cache/c06d1bb5eedf825ac39d687cd7d5d37e/1/0/10116013541.png,kitea,Salle A Manger,2026-06-11 17:44:57,False,Premium (4000-10k),kitea_7033
Table À Manger Monti 160Cm – Noir,2295.0,3499.0,34.4,https://www.kitea.com/table-a-manger-monti-160cm-noir.html,https://www.kitea.com/media/catalog/product/cache/c06d1bb5eedf825ac39d687cd7d5d37e/1/0/10105733223-11.jpg,kitea,Salle A Manger,2026-06-11 18:54:55,True,Milieu (1500-4000),kitea_7042
"Miroir Organique 54X0,64X47Cm - Noir",949.0,,0.0,https://www.kitea.com/miroir-organique-54x0-64x47cm-noir.html,https://www.kitea.com/media/catalog/product/cache/c06d1bb5eedf825ac39d687cd7d5d37e/1/0/10101097234-4_1_.png,kitea,Salle A Manger,2026-06-11 17:45:18,False,Économique (500-1500),kitea_7047
Vitrine Lewisville- Beige / Crème,2695.0,3990.0,32.5,https://www.kitea.com/vitrine-lewisville-beige-creme.html,https://www.kitea.com/media/catalog/product/cache/c06d1bb5eedf825ac39d687cd7d5d37e/1/0/10092408217-2.png,kitea,Salle A Manger,2026-06-11 17:43:21,True,Milieu (1500-4000),kitea_7058
Table À Manger Heaven 119X76Cm -  Beige,2995.0,3695.0,18.9,https://www.kitea.com/table-a-manger-heaven-119x76cm-beige.html,https://www.kitea.com/media/catalog/product/cache/c06d1bb5eedf825ac39d687cd7d5d37e/_/1/_1_0_10051114285_1.jpg,kitea,Salle A Manger,2026-06-11 17:43:43,True,Milieu (1500-4000),kitea_7071
Table À Manger Extensible Noma 140-200Cm - Noir,4999.0,7995.0,37.5,https://www.kitea.com/table-a-manger-extensible-noma-140-200cm-noir.html,https://www.kitea.com/media/catalog/product/cache/c06d1bb5eedf825ac39d687cd7d5d37e/r/f/rf1118dt_black_2_.jpg,kitea,Salle A Manger,2026-06-11 17:43:11,True,Premium (4000-10k),kitea_7073
Grande Vitrine Saint Tropez Avec Led – Blanc,4995.0,5250.0,4.9,https://www.kitea.com/grande-vitrine-saint-tropez-avec-led-blanc.html,https://www.kitea.com/media/catalog/product/cache/c06d1bb5eedf825ac39d687cd7d5d37e/_/1/_1_0_10043277243-2.jpg,kitea,Salle A Manger,2026-06-11 17:44:35,True,Premium (4000-10k),kitea_7097
Table À Manger Ruth  - Crème,2995.0,4895.0,38.8,https://www.kitea.com/table-a-manger-ruth-noir-1.html,https://www.kitea.com/media/catalog/product/cache/c06d1bb5eedf825ac39d687cd7d5d37e/d/e/design_sans_titre_15_.png,kitea,Salle A Manger,2026-06-11 18:54:41,True,Milieu (1500-4000),kitea_7107
Set Table À Manger Katline Avec 8 Chaises - Marron,10995.0,18990.0,42.1,https://www.kitea.com/set-table-a-manger-katline-avec-8-chaises-marron.html,https://www.kitea.com/media/catalog/product/cache/c06d1bb5eedf825ac39d687cd7d5d37e/2/0/2064311988509_2.jpg,kitea,Salle A Manger,2026-06-11 17:45:18,True,Luxe (>10k),kitea_7108
Miroir Avec Cadre Carré 50Cm - Beige,599.0,,0.0,https://www.kitea.com/miroir-avec-cadre-carre-50cm-beige.html,https://www.kitea.com/media/catalog/product/cache/c06d1bb5eedf825ac39d687cd7d5d37e/1/0/10101107285-1.png,kitea,Salle A Manger,2026-06-11 18:55:10,False,Économique (500-1500),kitea_7114
Console Wilma - Chêne,995.0,1050.0,5.2,https://www.kitea.com/console-wilma-chene.html,https://www.kitea.com/media/catalog/product/cache/c06d1bb5eedf825ac39d687cd7d5d37e/_/b/_b_b_bb_3_2.jpg,kitea,Salle A Manger,2026-06-11 17:44:13,True,Économique (500-1500),kitea_7125
Vitrine Duro 2 Portes et 1 Tiroir – Chêne Beige,2895.0,,0.0,https://www.kitea.com/vitrine-duro-2-portes-et-1-tiroir-blanc.html,https://www.kitea.com/media/catalog/product/cache/c06d1bb5eedf825ac39d687cd7d5d37e/_/w/_w_e_website_paysage_template_1_33.jpg,kitea,Salle A Manger,2026-06-11 17:44:35,False,Milieu (1500-4000),kitea_7129
STOCKHOLM 2025,11999.0,,0.0,https://www.ikea.com/ma/fr/p/stockholm-2025-canape-2-places-alhamn-brun-fonce-90591748/,https://www.ikea.com/ma/fr/images/products/stockholm-2025-canape-2-places-alhamn-brun-fonce__1362730_pe955307_s5.jpg?f=xxs,ikea,Salon Et Sejour,2026-06-11 18:50:34,False,Luxe (>10k),ikea_9
KIVIK,8199.0,,0.0,https://www.ikea.com/ma/fr/p/kivik-canape-3-places-tresund-beige-clair-s89482830/,https://www.ikea.com/ma/fr/images/products/kivik-canape-3-places-tresund-beige-clair__1124111_pe875024_s5.jpg?f=xxs,ikea,Salon Et Sejour,2026-06-11 18:50:35,False,Premium (4000-10k),ikea_15
BÅRSLÖV,10999.0,,0.0,https://www.ikea.com/ma/fr/p/barsloev-convertible-3-places-meridienne-tibbleby-gris-clair-turquoise-80530816/,https://www.ikea.com/ma/fr/images/products/barsloev-convertible-3-places-meridienne-tibbleby-gris-clair-turquoise__1344846_pe949936_s5.jpg?f=xxs,ikea,Salon Et Sejour,2026-06-11 18:50:45,False,Luxe (>10k),ikea_16
LINDÅKRA,5999.0,,0.0,https://www.ikea.com/ma/fr/p/lindakra-canape-2-places-convertible-vissle-gris-fonce-20582610/,https://www.ikea.com/ma/fr/images/products/lindakra-canape-2-places-convertible-vissle-gris-fonce__1360552_pe954473_s5.jpg?f=xxs,ikea,Salon Et Sejour,2026-06-11 18:50:45,False,Premium (4000-10k),ikea_17
JÄTTEBO,10900.0,,0.0,https://www.ikea.com/ma/fr/p/jaettebo-module-meridienne-droite-avec-accoudoir-tonerud-gris-s69494594/,https://www.ikea.com/ma/fr/images/products/jaettebo-module-meridienne-droite-avec-accoudoir-tonerud-gris__1128003_pe876364_s5.jpg?f=xxs,ikea,Salon Et Sejour,2026-06-11 18:50:43,False,Luxe (>10k),ikea_20
BRÄNNBOLL,1095.0,,0.0,https://www.ikea.com/ma/fr/p/braennboll-fauteuil-gaming-gris-jaune-vif-60586338/,https://www.ikea.com/ma/fr/images/products/braennboll-fauteuil-gaming-gris-jaune-vif__1344436_pe949885_s5.jpg?f=xxs,ikea,Salon Et Sejour,2026-06-11 18:50:48,False,Économique (500-1500),ikea_27
EKENABBEN,799.0,,0.0,https://www.ikea.com/ma/fr/p/ekenabben-rangement-tremble-blanc-40595206/,https://www.ikea.com/ma/fr/images/products/ekenabben-rangement-tremble-blanc__1468033_pe996027_s5.jpg?f=xxs,ikea,Salon Et Sejour,2026-06-11 18:52:19,False,Économique (500-1500),ikea_29
ÄPPLARYD,10499.0,,0.0,https://www.ikea.com/ma/fr/p/aepplaryd-canape-3-places-gunnared-noir-gris-70575075/,https://www.ikea.com/ma/fr/images/products/aepplaryd-canape-3-places-gunnared-noir-gris__1282693_pe932251_s5.jpg?f=xxs,ikea,Salon Et Sejour,2026-06-11 18:50:35,False,Luxe (>10k),ikea_30
OSKARSHAMN,1299.0,,0.0,https://www.ikea.com/ma/fr/p/oskarshamn-repose-pieds-av-rangement-tibbleby-beige-gris-90523617/,https://www.ikea.com/ma/fr/images/products/oskarshamn-repose-pieds-av-rangement-tibbleby-beige-gris__1118164_pe872957_s5.jpg?f=xxs,ikea,Salon Et Sejour,2026-06-11 18:53:43,False,Économique (500-1500),ikea_33
SKÖNABÄCK,4799.0,,0.0,https://www.ikea.com/ma/fr/p/skoenabaeck-canape-2-places-convertible-vissle-jaune-vert-60582547/,https://www.ikea.com/ma/fr/images/products/skoenabaeck-canape-2-places-convertible-vissle-jaune-vert__1360562_pe954483_s5.jpg?f=xxs,ikea,Salon Et Sejour,2026-06-11 18:50:45,False,Premium (4000-10k),ikea_36
SKRUVBY,1699.0,,0.0,https://www.ikea.com/ma/fr/p/skruvby-banc-tv-bleu-noir-10520364/,https://www.ikea.com/ma/fr/images/products/skruvby-banc-tv-bleu-noir__1128170_pe876449_s5.jpg?f=xxs,ikea,Salon Et Sejour,2026-06-11 18:52:27,False,Milieu (1500-4000),ikea_52
SÅGMÄSTARE,1299.0,,0.0,https://www.ikea.com/ma/fr/p/sagmaestare-rangement-bleu-gris-clair-90555364/,https://www.ikea.com/ma/fr/images/products/sagmaestare-rangement-bleu-gris-clair__1391205_pe965711_s5.jpg?f=xxs,ikea,Salon Et Sejour,2026-06-11 18:52:19,False,Économique (500-1500),ikea_65
ESSEBODA,8999.0,,0.0,https://www.ikea.com/ma/fr/p/esseboda-canape-2-places-knaebaeck-anthracite-brun-s49443478/,https://www.ikea.com/ma/fr/images/products/esseboda-canape-2-places-knaebaeck-anthracite-brun__1109354_pe869963_s5.jpg?f=xxs,ikea,Salon Et Sejour,2026-06-11 18:50:34,False,Premium (4000-10k),ikea_66
SLATORP,13999.0,,0.0,https://www.ikea.com/ma/fr/p/slatorp-canape-4-places-meridienne-hakebo-gris-fonce-s99577601/,https://www.ikea.com/ma/fr/images/products/slatorp-canape-4-places-meridienne-hakebo-gris-fonce__1381702_pe961894_s5.jpg?f=xxs,ikea,Salon Et Sejour,2026-06-11 18:50:37,False,Luxe (>10k),ikea_69
HYLTARP,9699.0,,0.0,https://www.ikea.com/ma/fr/p/hyltarp-canape-3-places-gransel-gris-brun-s99489628/,https://www.ikea.com/ma/fr/images/products/hyltarp-canape-3-places-gransel-gris-brun__1193816_pe901643_s5.jpg?f=xxs,ikea,Salon Et Sejour,2026-06-11 18:50:35,False,Premium (4000-10k),ikea_78
VISKAFORS,13999.0,,0.0,https://www.ikea.com/ma/fr/p/viskafors-canape-2-places-lejde-beige-clair-bouleau-s79443212/,https://www.ikea.com/ma/fr/images/products/viskafors-canape-2-places-lejde-beige-clair-bouleau__1088067_pe861042_s5.jpg?f=xxs,ikea,Salon Et Sejour,2026-06-11 18:50:34,False,Luxe (>10k),ikea_81
LEDAMOT,3299.0,,0.0,https://www.ikea.com/ma/fr/p/ledamot-rangement-beige-gris-clair-40544740/,https://www.ikea.com/ma/fr/images/products/ledamot-rangement-beige-gris-clair__1369359_pe958105_s5.jpg?f=xxs,ikea,Salon Et Sejour,2026-06-11 18:52:19,False,Milieu (1500-4000),ikea_88
VIMLE,24307.0,,0.0,https://www.ikea.com/ma/fr/p/vimle-canape-dangle-5-places-avec-meridienne-hallarp-gris-s79399676/,https://www.ikea.com/ma/fr/images/products/vimle-canape-dangle-5-places-avec-meridienne-hallarp-gris__0949507_pe799806_s5.jpg?f=xxs,ikea,Salon Et Sejour,2026-06-11 18:50:40,False,Luxe (>10k),ikea_89
LANDSKRONA,1699.0,,0.0,https://www.ikea.com/ma/fr/p/landskrona-repose-pieds-gunnared-vert-clair-bois-s19269748/,https://www.ikea.com/ma/fr/images/products/landskrona-repose-pieds-gunnared-vert-clair-bois__0602077_pe680138_s5.jpg?f=xxs,ikea,Salon Et Sejour,2026-06-11 18:53:43,False,Milieu (1500-4000),ikea_97
ÄLVDALEN,7999.0,,0.0,https://www.ikea.com/ma/fr/p/aelvdalen-convertible-3-places-meridienne-knisa-gris-fonce-20530664/,https://www.ikea.com/ma/fr/images/products/aelvdalen-convertible-3-places-meridienne-knisa-gris-fonce__1194630_pe902027_s5.jpg?f=xxs,ikea,Salon Et Sejour,2026-06-11 18:50:45,False,Premium (4000-10k),ikea_99
PERSBOL,2499.0,,0.0,https://www.ikea.com/ma/fr/p/persbol-fauteuil-noir-tibbleby-beige-gris-50525920/,https://www.ikea.com/ma/fr/images/products/persbol-fauteuil-noir-tibbleby-beige-gris__1123955_pe874932_s5.jpg?f=xxs,ikea,Salon Et Sejour,2026-06-11 18:50:48,False,Milieu (1500-4000),ikea_104
GLOSTAD,2499.0,,0.0,https://www.ikea.com/ma/fr/p/glostad-canape-2-pl-meridienne-knisa-gris-fonce-s49543920/,https://www.ikea.com/ma/fr/images/products/glostad-canape-2-pl-meridienne-knisa-gris-fonce__1234949_pe917266_s5.jpg?f=xxs,ikea,Salon Et Sejour,2026-06-11 18:50:34,False,Milieu (1500-4000),ikea_105
HAMMARN,1999.0,,0.0,https://www.ikea.com/ma/fr/p/hammarn-convertible-knisa-gris-fonce-noir-90354327/,https://www.ikea.com/ma/fr/images/products/hammarn-convertible-knisa-gris-fonce-noir__0519027_pe641353_s5.jpg?f=xxs,ikea,Salon Et Sejour,2026-06-11 18:50:45,False,Milieu (1500-4000),ikea_106
LILLESÄTER,11999.0,,0.0,https://www.ikea.com/ma/fr/p/lillesaeter-canape-3-places-axvall-blanc-casse-40619071/,https://www.ikea.com/ma/fr/images/products/lillesaeter-canape-3-places-axvall-blanc-casse__1480254_pe1000158_s5.jpg?f=xxs,ikea,Salon Et Sejour,2026-06-11 18:50:35,False,Luxe (>10k),ikea_108
FRYKSÅS,4999.0,,0.0,https://www.ikea.com/ma/fr/p/fryksas-banc-tv-rotin-80574099/,https://www.ikea.com/ma/fr/images/products/fryksas-banc-tv-rotin__1330973_pe945866_s5.jpg?f=xxs,ikea,Salon Et Sejour,2026-06-11 18:52:27,False,Premium (4000-10k),ikea_111
EKERÖ,3399.0,,0.0,https://www.ikea.com/ma/fr/p/ekeroe-fauteuil-bomstad-noir-70494588/,https://www.ikea.com/ma/fr/images/products/ekeroe-fauteuil-bomstad-noir__0951654_pe801302_s5.jpg?f=xxs,ikea,Salon Et Sejour,2026-06-11 18:50:48,False,Milieu (1500-4000),ikea_129
ROCKSJÖN,4099.0,,0.0,https://www.ikea.com/ma/fr/p/rocksjoen-canape-2-places-kilanda-beige-clair-s59508860/,https://www.ikea.com/ma/fr/images/products/rocksjoen-canape-2-places-kilanda-beige-clair__1247376_pe922644_s5.jpg?f=xxs,ikea,Salon Et Sejour,2026-06-11 18:50:34,False,Premium (4000-10k),ikea_138
KJUGE,249.0,,0.0,https://www.ikea.com/ma/fr/p/kjuge-pouf-avec-rangement-knisa-gris-fonce-90531900/,https://www.ikea.com/ma/fr/images/products/kjuge-pouf-avec-rangement-knisa-gris-fonce__1245550_pe921664_s5.jpg?f=xxs,ikea,Salon Et Sejour,2026-06-11 18:53:43,False,Entrée (<500),ikea_142
SALTMYRAN,3999.0,,0.0,https://www.ikea.com/ma/fr/p/saltmyran-canape-3-places-oereryd-gris-beige-40618514/,https://www.ikea.com/ma/fr/images/products/saltmyran-canape-3-places-oereryd-gris-beige__1479793_pe1000083_s5.jpg?f=xxs,ikea,Salon Et Sejour,2026-06-11 18:50:35,False,Milieu (1500-4000),ikea_143
KLAGSHAMN,679.0,,0.0,https://www.ikea.com/ma/fr/p/klagshamn-surmatelas-30513541/,https://www.ikea.com/ma/fr/images/products/klagshamn-surmatelas__1055723_pe848066_s5.jpg?f=xxs,ikea,Salon Et Sejour,2026-06-11 18:50:45,False,Économique (500-1500),ikea_145
SKÅLBODA,999.0,,0.0,https://www.ikea.com/ma/fr/p/skalboda-fauteuil-orange-40555309/,https://www.ikea.com/ma/fr/images/products/skalboda-fauteuil-orange__1180835_pe896475_s5.jpg?f=xxs,ikea,Salon Et Sejour,2026-06-11 18:50:48,False,Économique (500-1500),ikea_150
BESTÅ / EKET,6988.0,,0.0,https://www.ikea.com/ma/fr/p/besta-eket-combinaison-rangement-tv-blanc-s79221188/,https://www.ikea.com/ma/fr/images/products/besta-eket-combinaison-rangement-tv-blanc__0519746_pe641743_s5.jpg?f=xxs,ikea,Salon Et Sejour,2026-06-11 18:52:24,False,Premium (4000-10k),ikea_159
BOASTAD,3499.0,,0.0,https://www.ikea.com/ma/fr/p/boastad-banc-tv-noir-plaque-chene-80507024/,https://www.ikea.com/ma/fr/images/products/boastad-banc-tv-noir-plaque-chene__1241277_pe919733_s5.jpg?f=xxs,ikea,Salon Et Sejour,2026-06-11 18:52:27,False,Milieu (1500-4000),ikea_180
NORRUDDEN,1795.0,,0.0,https://www.ikea.com/ma/fr/p/norrudden-lit-dappoint-noir-90531354/,https://www.ikea.com/ma/fr/images/products/norrudden-lit-dappoint-noir__1397228_pe967511_s5.jpg?f=xxs,ikea,Salon Et Sejour,2026-06-11 18:50:45,False,Milieu (1500-4000),ikea_182
DYVLINGE,3499.0,,0.0,https://www.ikea.com/ma/fr/p/dyvlinge-siege-pivotant-kelinge-orange-00581918/,https://www.ikea.com/ma/fr/images/products/dyvlinge-siege-pivotant-kelinge-orange__1322501_pe942192_s5.jpg?f=xxs,ikea,Salon Et Sejour,2026-06-11 18:50:48,False,Milieu (1500-4000),ikea_201
VRETSTORP,11499.0,,0.0,https://www.ikea.com/ma/fr/p/vretstorp-canape-3-places-convertible-kilanda-beige-clair-s79491236/,https://www.ikea.com/ma/fr/images/products/vretstorp-canape-3-places-convertible-kilanda-beige-clair__1155342_pe886569_s5.jpg?f=xxs,ikea,Salon Et Sejour,2026-06-11 18:50:45,False,Luxe (>10k),ikea_208
EKTORP,6899.0,,0.0,https://www.ikea.com/ma/fr/p/ektorp-canape-3-places-kilanda-beige-clair-s69509010/,https://www.ikea.com/ma/fr/images/products/ektorp-canape-3-places-kilanda-beige-clair__1194853_pe902103_s5.jpg?f=xxs,ikea,Salon Et Sejour,2026-06-11 18:50:35,False,Premium (4000-10k),ikea_215
LILLEHEM,13507.0,,0.0,https://www.ikea.com/ma/fr/p/lillehem-canape-dangle-modulaire-4-places-vissle-beige-metal-s79536169/,https://www.ikea.com/ma/fr/images/products/lillehem-canape-dangle-modulaire-4-places-vissle-beige-metal__1246971_pe922421_s5.jpg?f=xxs,ikea,Salon Et Sejour,2026-06-11 18:50:40,False,Luxe (>10k),ikea_221
JÄTTESTA,2499.0,,0.0,https://www.ikea.com/ma/fr/p/jaettesta-banc-tv-noir-70508934/,https://www.ikea.com/ma/fr/images/products/jaettesta-banc-tv-noir__1154960_pe886376_s5.jpg?f=xxs,ikea,Salon Et Sejour,2026-06-11 18:52:27,False,Milieu (1500-4000),ikea_236
HERRÅKRA,1999.0,,0.0,https://www.ikea.com/ma/fr/p/herrakra-fauteuil-vissle-gris-40544716/,https://www.ikea.com/ma/fr/images/products/herrakra-fauteuil-vissle-gris__1213671_pe911201_s5.jpg?f=xxs,ikea,Salon Et Sejour,2026-06-11 18:50:48,False,Milieu (1500-4000),ikea_241
SÖDERHAMN,8099.0,,0.0,https://www.ikea.com/ma/fr/p/soederhamn-module-3-places-fridtuna-gris-fonce-s69449568/,https://www.ikea.com/ma/fr/images/products/soederhamn-module-3-places-fridtuna-gris-fonce__1057701_pe848915_s5.jpg?f=xxs,ikea,Salon Et Sejour,2026-06-11 18:50:35,False,Premium (4000-10k),ikea_246
FRIHETEN / KLAGSHAMN,9938.0,,0.0,https://www.ikea.com/ma/fr/p/friheten-klagshamn-canape-convertible-angle-rangement-skiftebo-gris-fonce-s69444330/,https://www.ikea.com/ma/fr/images/products/friheten-klagshamn-canape-convertible-angle-rangement-skiftebo-gris-fonce__1057056_pe848725_s5.jpg?f=xxs,ikea,Salon Et Sejour,2026-06-11 18:50:45,False,Premium (4000-10k),ikea_252
UPPÅKRA,6300.0,,0.0,https://www.ikea.com/ma/fr/p/uppakra-module-dangle-johanneshov-gris-fonce-s29612976/,https://www.ikea.com/ma/fr/images/products/uppakra-module-dangle-johanneshov-gris-fonce__1478641_pe999677_s5.jpg?f=xxs,ikea,Salon Et Sejour,2026-06-11 18:50:40,False,Premium (4000-10k),ikea_259
BILLY / HÖGADAL,2899.0,,0.0,https://www.ikea.com/ma/fr/p/billy-hoegadal-bibliotheque-avec-portes-blanc-s49572205/,https://www.ikea.com/ma/fr/images/products/billy-hoegadal-bibliotheque-avec-portes-blanc__1285405_pe933305_s5.jpg?f=xxs,ikea,Salon Et Sejour,2026-06-11 18:52:19,False,Milieu (1500-4000),ikea_276
MÖRTFORS,799.0,,0.0,https://www.ikea.com/ma/fr/p/moertfors-pouf-diseroed-rouge-70570247/,https://www.ikea.com/ma/fr/images/products/moertfors-pouf-diseroed-rouge__1320814_pe941375_s5.jpg?f=xxs,ikea,Salon Et Sejour,2026-06-11 18:53:43,False,Économique (500-1500),ikea_277
KLIPPAN,5999.0,,0.0,https://www.ikea.com/ma/fr/p/klippan-canape-2-places-bomstad-noir-40399314/,https://www.ikea.com/ma/fr/images/products/klippan-canape-2-places-bomstad-noir__0562963_pe663653_s5.jpg?f=xxs,ikea,Salon Et Sejour,2026-06-11 18:50:34,False,Premium (4000-10k),ikea_279
BRIMNES / BURHULT,4075.0,,0.0,https://www.ikea.com/ma/fr/p/brimnes-burhult-combinaison-meuble-tv-blanc-s79398672/,https://www.ikea.com/ma/fr/images/products/brimnes-burhult-combinaison-meuble-tv-blanc__0943475_pe796943_s5.jpg?f=xxs,ikea,Salon Et Sejour,2026-06-11 18:52:24,False,Premium (4000-10k),ikea_288
SMEDSTORP,8499.0,,0.0,https://www.ikea.com/ma/fr/p/smedstorp-canape-2-places-lejde-rouge-brun-chene-s99418612/,https://www.ikea.com/ma/fr/images/products/smedstorp-canape-2-places-lejde-rouge-brun-chene__0989822_pe818624_s5.jpg?f=xxs,ikea,Salon Et Sejour,2026-06-11 18:50:34,False,Premium (4000-10k),ikea_308
BESTÅ BURS,3499.0,,0.0,https://www.ikea.com/ma/fr/p/besta-burs-banc-tv-brillant-blanc-30269129/,https://www.ikea.com/ma/fr/images/products/besta-burs-banc-tv-brillant-blanc__65138_pe175906_s5.jpg?f=xxs,ikea,Salon Et Sejour,2026-06-11 18:52:27,False,Milieu (1500-4000),ikea_321
GREÅKER,2995.0,,0.0,https://www.ikea.com/ma/fr/p/greaker-element-tiroirs-blanc-50501071/,https://www.ikea.com/ma/fr/images/products/greaker-element-tiroirs-blanc__1079293_pe857487_s5.jpg?f=xxs,ikea,Salon Et Sejour,2026-06-11 18:52:19,False,Milieu (1500-4000),ikea_324
POÄNG,3499.0,,0.0,https://www.ikea.com/ma/fr/p/poaeng-fauteuil-a-bascule-plaque-bouleau-gunnared-vert-clair-s19501969/,https://www.ikea.com/ma/fr/images/products/poaeng-fauteuil-a-bascule-plaque-bouleau-gunnared-vert-clair__1192262_pe900972_s5.jpg?f=xxs,ikea,Salon Et Sejour,2026-06-11 18:50:48,False,Milieu (1500-4000),ikea_342
STRANDMON,6298.0,,0.0,https://www.ikea.com/ma/fr/p/strandmon-fauteuil-a-oreilles-av-repose-pieds-nordvalla-gris-fonce-s39618100/,https://www.ikea.com/ma/fr/images/products/strandmon-fauteuil-a-oreilles-av-repose-pieds-nordvalla-gris-fonce__1094843_pe863646_s5.jpg?f=xxs,ikea,Salon Et Sejour,2026-06-11 18:50:48,False,Premium (4000-10k),ikea_344
HAVBERG,1999.0,,0.0,https://www.ikea.com/ma/fr/p/havberg-repose-pieds-lejde-brun-rouge-80514897/,https://www.ikea.com/ma/fr/images/products/havberg-repose-pieds-lejde-brun-rouge__1019889_pe831641_s5.jpg?f=xxs,ikea,Salon Et Sejour,2026-06-11 18:53:43,False,Milieu (1500-4000),ikea_354
HAVSTA,17996.0,,0.0,https://www.ikea.com/ma/fr/p/havsta-combinaison-rangement-ptes-vitrees-blanc-s49534893/,https://www.ikea.com/ma/fr/images/products/havsta-combinaison-rangement-ptes-vitrees-blanc__1289931_pe934571_s5.jpg?f=xxs,ikea,Salon Et Sejour,2026-06-11 18:52:19,False,Luxe (>10k),ikea_355
SIDSJÖ,1999.0,,0.0,https://www.ikea.com/ma/fr/p/sidsjoe-pouf-avec-rangement-gransel-gris-brun-80570242/,https://www.ikea.com/ma/fr/images/products/sidsjoe-pouf-avec-rangement-gransel-gris-brun__1320836_pe941388_s5.jpg?f=xxs,ikea,Salon Et Sejour,2026-06-11 18:53:43,False,Milieu (1500-4000),ikea_356
FJÄLLBO,4498.0,,0.0,https://www.ikea.com/ma/fr/p/fjaellbo-combinaison-meuble-tv-noir-s79191266/,https://www.ikea.com/ma/fr/images/products/fjaellbo-combinaison-meuble-tv-noir__0625394_pe692240_s5.jpg?f=xxs,ikea,Salon Et Sejour,2026-06-11 18:52:24,False,Premium (4000-10k),ikea_374
EKHOLMA,7699.0,,0.0,https://www.ikea.com/ma/fr/p/ekholma-canape-3-places-hakebo-beige-s79535594/,https://www.ikea.com/ma/fr/images/products/ekholma-canape-3-places-hakebo-beige__1360615_pe954530_s5.jpg?f=xxs,ikea,Salon Et Sejour,2026-06-11 18:50:35,False,Premium (4000-10k),ikea_383
SALTSJÖBADEN,2199.0,,0.0,https://www.ikea.com/ma/fr/p/saltsjoebaden-repose-pieds-fridtuna-beige-clair-s99602361/,https://www.ikea.com/ma/fr/images/products/saltsjoebaden-repose-pieds-fridtuna-beige-clair__1571024_pe1030023_s5.jpg?f=xxs,ikea,Salon Et Sejour,2026-06-11 18:53:43,False,Milieu (1500-4000),ikea_389
LINNEBÄCK,1499.0,,0.0,https://www.ikea.com/ma/fr/p/linnebaeck-fauteuil-orrsta-gris-clair-70487229/,https://www.ikea.com/ma/fr/images/products/linnebaeck-fauteuil-orrsta-gris-clair__0933452_pe791908_s5.jpg?f=xxs,ikea,Salon Et Sejour,2026-06-11 18:50:48,False,Économique (500-1500),ikea_418
SANDARED,999.0,,0.0,https://www.ikea.com/ma/fr/p/sandared-pouf-beige-00385314/,https://www.ikea.com/ma/fr/images/products/sandared-pouf-beige__0560902_pe662686_s5.jpg?f=xxs,ikea,Salon Et Sejour,2026-06-11 18:53:43,False,Économique (500-1500),ikea_445
LANESUND,13998.0,,0.0,https://www.ikea.com/ma/fr/p/lanesund-combinaison-meuble-tv-gris-brun-s29514730/,https://www.ikea.com/ma/fr/images/products/lanesund-combinaison-meuble-tv-gris-brun__1186543_pe898867_s5.jpg?f=xxs,ikea,Salon Et Sejour,2026-06-11 18:52:24,False,Luxe (>10k),ikea_450
EKENÄSET,3999.0,,0.0,https://www.ikea.com/ma/fr/p/ekenaeset-fauteuil-kilanda-beige-clair-90533174/,https://www.ikea.com/ma/fr/images/products/ekenaeset-fauteuil-kilanda-beige-clair__1109687_pe870153_s5.jpg?f=xxs,ikea,Salon Et Sejour,2026-06-11 18:50:48,False,Milieu (1500-4000),ikea_466
FRIDHULT,3599.0,,0.0,https://www.ikea.com/ma/fr/p/fridhult-convertible-skiftebo-jaune-00575446/,https://www.ikea.com/ma/fr/images/products/fridhult-convertible-skiftebo-jaune__1265821_pe927821_s5.jpg?f=xxs,ikea,Salon Et Sejour,2026-06-11 18:50:45,False,Milieu (1500-4000),ikea_511
NYHAMN,4999.0,,0.0,https://www.ikea.com/ma/fr/p/nyhamn-canape-3-places-convertible-avec-matelas-en-mousse-skartofta-noir-gris-clair-s99499991/,https://www.ikea.com/ma/fr/images/products/nyhamn-canape-3-places-convertible-avec-matelas-en-mousse-skartofta-noir-gris-clair__1155312_pe886552_s5.jpg?f=xxs,ikea,Salon Et Sejour,2026-06-11 18:50:45,False,Premium (4000-10k),ikea_513
BYÅS,1999.0,,0.0,https://www.ikea.com/ma/fr/p/byas-banc-tv-brillant-blanc-80227797/,https://www.ikea.com/ma/fr/images/products/byas-banc-tv-brillant-blanc__0644411_pe702653_s5.jpg?f=xxs,ikea,Salon Et Sejour,2026-06-11 18:52:27,False,Milieu (1500-4000),ikea_531
KALLAX / LACK,3777.0,,0.0,https://www.ikea.com/ma/fr/p/kallax-lack-combinaison-meuble-tv-effet-chene-blanchi-s29552171/,https://www.ikea.com/ma/fr/images/products/kallax-lack-combinaison-meuble-tv-effet-chene-blanchi__1243014_pe920482_s5.jpg?f=xxs,ikea,Salon Et Sejour,2026-06-11 18:52:24,False,Milieu (1500-4000),ikea_535
JÄRRESTAD,999.0,,0.0,https://www.ikea.com/ma/fr/p/jaerrestad-pouf-avec-rangement-tonerud-beige-fonce-80562341/,https://www.ikea.com/ma/fr/images/products/jaerrestad-pouf-avec-rangement-tonerud-beige-fonce__1320783_pe941358_s5.jpg?f=xxs,ikea,Salon Et Sejour,2026-06-11 18:53:43,False,Économique (500-1500),ikea_560
HOLMSTA / FRÖKNABO,3449.0,,0.0,https://www.ikea.com/ma/fr/p/holmsta-froeknabo-fauteuil-s19428808/,https://www.ikea.com/ma/fr/images/products/holmsta-froeknabo-fauteuil__1086019_pe860309_s5.jpg?f=xxs,ikea,Salon Et Sejour,2026-06-11 18:50:48,False,Milieu (1500-4000),ikea_605
SÖRVALLEN,9499.0,,0.0,https://www.ikea.com/ma/fr/p/soervallen-module-2-places-lejde-gris-noir-40438396/,https://www.ikea.com/ma/fr/images/products/soervallen-module-2-places-lejde-gris-noir__0705444_pe725583_s5.jpg?f=xxs,ikea,Salon Et Sejour,2026-06-11 18:50:43,False,Premium (4000-10k),ikea_667
LYCKSELE LÖVÅS,4299.0,,0.0,https://www.ikea.com/ma/fr/p/lycksele-loevas-canape-2-places-convertible-ransta-naturel-s99387007/,https://www.ikea.com/ma/fr/images/products/lycksele-loevas-canape-2-places-convertible-ransta-naturel__0949712_pe799986_s5.jpg?f=xxs,ikea,Salon Et Sejour,2026-06-11 18:50:45,False,Premium (4000-10k),ikea_679
TORNSBORG,4999.0,,0.0,https://www.ikea.com/ma/fr/p/tornsborg-fauteuil-convertible-naggen-beige-pin-50582411/,https://www.ikea.com/ma/fr/images/products/tornsborg-fauteuil-convertible-naggen-beige-pin__1387484_pe965841_s5.jpg?f=xxs,ikea,Salon Et Sejour,2026-06-11 18:50:48,False,Premium (4000-10k),ikea_723
VÅRKUMLA,3999.0,,0.0,https://www.ikea.com/ma/fr/p/varkumla-chauffeuse-convertible-vansta-bleu-80587704/,https://www.ikea.com/ma/fr/images/products/varkumla-chauffeuse-convertible-vansta-bleu__1368599_pe957819_s5.jpg?f=xxs,ikea,Salon Et Sejour,2026-06-11 18:50:45,False,Milieu (1500-4000),ikea_731
FRIHETEN,8999.0,,0.0,https://www.ikea.com/ma/fr/p/friheten-canape-convertible-angle-rangement-skiftebo-gris-fonce-s39216754/,https://www.ikea.com/ma/fr/images/products/friheten-canape-convertible-angle-rangement-skiftebo-gris-fonce__0175610_pe328883_s5.jpg?f=xxs,ikea,Salon Et Sejour,2026-06-11 18:50:45,False,Premium (4000-10k),ikea_747
FÖRLUNDA,899.0,,0.0,https://www.ikea.com/ma/fr/p/foerlunda-pouf-avec-rangement-tonerud-gris-60570243/,https://www.ikea.com/ma/fr/images/products/foerlunda-pouf-avec-rangement-tonerud-gris__1320722_pe941328_s5.jpg?f=xxs,ikea,Salon Et Sejour,2026-06-11 18:53:43,False,Économique (500-1500),ikea_772
BESTÅ / LACK,7548.0,,0.0,https://www.ikea.com/ma/fr/p/besta-lack-combinaison-meuble-tv-brun-noir-s89398742/,https://www.ikea.com/ma/fr/images/products/besta-lack-combinaison-meuble-tv-brun-noir__0943575_pe796984_s5.jpg?f=xxs,ikea,Salon Et Sejour,2026-06-11 18:52:24,False,Premium (4000-10k),ikea_851
ÅTERLÖGA,999.0,,0.0,https://www.ikea.com/ma/fr/p/aterloega-pouf-avec-rangement-kilanda-gris-fonce-40562338/,https://www.ikea.com/ma/fr/images/products/aterloega-pouf-avec-rangement-kilanda-gris-fonce__1355448_pe953007_s5.jpg?f=xxs,ikea,Salon Et Sejour,2026-06-11 18:53:43,False,Économique (500-1500),ikea_882
Kitea DEUX TABOURET OWEN - Bleu,1490.0,2798.0,47.0,https://www.jumia.ma/kitea-deux-tabouret-owen-bleu-67397245.html,https://ma.jumia.is/unsafe/fit-in/300x300/filters:fill(white)/product/54/279376/1.jpg?2740,jumia,Salon Et Sejour,2026-06-11 18:51:07,True,Économique (500-1500),jumia_893
MAISON GOOD AND WELL Canapé Elegance gris - 100% mousse haute densité compressée,5700.0,,0.0,https://www.jumia.ma/maison-good-and-well-canape-elegance-gris-100-mousse-haute-densite-compressee-67844504.html,https://ma.jumia.is/unsafe/fit-in/300x300/filters:fill(white)/product/40/544876/1.jpg?8786,jumia,Salon Et Sejour,2026-06-11 18:50:45,False,Premium (4000-10k),jumia_900
Bestway Siege Pouf Gonflable Chaise INFLATE-A-CHAIR 1.07m x 1.02m x 0.61m Avec pompe à air,299.0,,0.0,https://www.jumia.ma/siege-pouf-gonflable-chaise-inflate-a-chair-1.07m-x-1.02m-x-0.61m-avec-pompe-a-air-bestway-mpg887395.html,https://ma.jumia.is/unsafe/fit-in/300x300/filters:fill(white)/product/83/229463/1.jpg?0207,jumia,Salon Et Sejour,2026-06-11 18:51:06,False,Entrée (<500),jumia_905
Bestway Chaise Gonflable Motif Singe 75116,179.0,350.0,49.0,https://www.jumia.ma/bestway-chaise-gonflable-motif-singe-75116-65604345.html,https://ma.jumia.is/unsafe/fit-in/300x300/filters:fill(white)/product/54/340656/1.jpg?8835,jumia,Salon Et Sejour,2026-06-11 18:50:53,True,Entrée (<500),jumia_912
"Chaise Longue Gonflable Portable avec Pouf - Canapé Pliable pour Salon, Jardin, Camping et Extérieur - Confort Ultime",462.73,647.82,29.0,https://www.jumia.ma/chaise-longue-gonflable-portable-avec-pouf-canape-pliable-pour-salon-jardin-camping-et-exterieur-confort-ultime-generic-mpg1595820.html,https://ma.jumia.is/unsafe/fit-in/300x300/filters:fill(white)/product/55/525776/1.jpg?2132,jumia,Salon Et Sejour,2026-06-11 18:51:16,True,Entrée (<500),jumia_941
Kitea Deux Chaises KIMMY - Gris,1998.0,,0.0,https://www.jumia.ma/kitea-deux-chaises-kimmy-gris-67397190.html,https://ma.jumia.is/unsafe/fit-in/300x300/filters:fill(white)/product/09/179376/1.jpg?0535,jumia,Salon Et Sejour,2026-06-11 18:50:53,False,Milieu (1500-4000),jumia_954
Kitea Deux Tabourets Bar Wilma - Bleu,1578.0,2500.0,37.0,https://www.jumia.ma/kitea-deux-tabourets-bar-wilma-bleu-67674551.html,https://ma.jumia.is/unsafe/fit-in/300x300/filters:fill(white)/product/15/547676/1.jpg?5473,jumia,Salon Et Sejour,2026-06-11 18:51:15,True,Milieu (1500-4000),jumia_958
Kitea Chaise DEMINA - Vert,2396.0,3196.0,25.0,https://www.jumia.ma/kitea-chaise-demina-vert-65627014.html,https://ma.jumia.is/unsafe/fit-in/300x300/filters:fill(white)/product/41/072656/1.jpg?0323,jumia,Salon Et Sejour,2026-06-11 18:51:15,True,Milieu (1500-4000),jumia_995
Portable Air Flocage Rapide Gonflable Paresseux Canapé Lit De Sommeil Set Pied Coussin Meubles De Jardin À La Maison,299.0,499.0,40.0,https://www.jumia.ma/generic-portable-air-flocage-rapide-gonflable-paresseux-canape-lit-de-sommeil-set-pied-coussin-meubles-de-jardin-a-la-maison-42682864.html,https://ma.jumia.is/unsafe/fit-in/300x300/filters:fill(white)/product/46/828624/1.jpg?9101,jumia,Salon Et Sejour,2026-06-11 18:51:08,True,Entrée (<500),jumia_1001
Kitea Deux Chaises SIMBRA - Gris Foncé,4198.0,5390.0,22.0,https://www.jumia.ma/kitea-deux-chaises-simbra-gris-fonce-67389549.html,https://ma.jumia.is/unsafe/fit-in/300x300/filters:fill(white)/product/94/598376/1.jpg?4091,jumia,Salon Et Sejour,2026-06-11 18:51:07,True,Premium (4000-10k),jumia_1033
Kitea CANAPE-LIT HYGGE - Gris Clair,2895.0,4995.0,42.0,https://www.jumia.ma/kitea-canape-lit-hygge-gris-clair-67400314.html,https://ma.jumia.is/unsafe/fit-in/300x300/filters:fill(white)/product/41/300476/1.jpg?7672,jumia,Salon Et Sejour,2026-06-11 18:50:54,True,Milieu (1500-4000),jumia_1082
JILONG Portable Air Flocage Gonflable Paresseux Canapé Lit Set Pied Coussin Meubles Jardin Maison,309.0,449.0,31.0,https://www.jumia.ma/generic-jilong-portable-air-flocage-gonflable-paresseux-canape-lit-set-pied-coussin-meubles-jardin-maison-61377297.html,https://ma.jumia.is/unsafe/fit-in/300x300/filters:fill(white)/product/79/277316/1.jpg?2086,jumia,Salon Et Sejour,2026-06-11 18:51:08,True,Entrée (<500),jumia_1096
Fauteuil Gonflable de Relaxation - Design Ergonomique - 88 x 96 x 75 cm - Avec Pompe - Confort Premium - Orange & Noir,499.0,700.0,29.0,https://www.jumia.ma/generic-fauteuil-gonflable-de-relaxation-design-ergonomique-88-x-96-x-75-cm-avec-pompe-confort-premium-orange-noir-67592564.html,https://ma.jumia.is/unsafe/fit-in/300x300/filters:fill(white)/product/46/529576/1.jpg?6252,jumia,Salon Et Sejour,2026-06-11 18:50:53,True,Entrée (<500),jumia_1099
Kitea Deux Chaises GOA - Bleu,898.0,1598.0,44.0,https://www.jumia.ma/kitea-deux-chaises-goa-bleu-67395701.html,https://ma.jumia.is/unsafe/fit-in/300x300/filters:fill(white)/product/10/759376/1.jpg?3074,jumia,Salon Et Sejour,2026-06-11 18:50:43,True,Économique (500-1500),jumia_1123
"Chaise Design Scandinave Blanc et Chêne Naturel - Confort et Élégance pour Salle à Manger, 48x88cm",595.0,773.5,23.0,https://www.jumia.ma/generic-chaise-design-scandinave-blanc-et-chene-naturel-confort-et-elegance-pour-salle-a-manger-48x88cm-67639241.html,https://ma.jumia.is/unsafe/fit-in/300x300/filters:fill(white)/product/14/293676/1.jpg?9104,jumia,Salon Et Sejour,2026-06-11 18:50:43,True,Économique (500-1500),jumia_1150
Canapé Gonflable Professionel Pliable Deux Pièces Meuble De Salon Colour-MARRON-,279.0,700.0,60.0,https://www.jumia.ma/canape-gonflable-professionel-pliable-deux-pieces-meuble-de-salon-colour-marron-generic-mpg1480675.html,https://ma.jumia.is/unsafe/fit-in/300x300/filters:fill(white)/product/17/522974/1.jpg?5506,jumia,Salon Et Sejour,2026-06-11 18:50:45,True,Entrée (<500),jumia_1213
Kitea Chaise FRESH Avec Accoudoir - Rouge,379.0,529.0,28.0,https://www.jumia.ma/kitea-chaise-fresh-avec-accoudoir-rouge-62104078.html,https://ma.jumia.is/unsafe/fit-in/300x300/filters:fill(white)/product/87/040126/1.jpg?1805,jumia,Salon Et Sejour,2026-06-11 18:50:43,True,Entrée (<500),jumia_1215
Fauteuil Gonflable avec dossier pour la maison et les activités de plein air,249.0,349.0,29.0,https://www.jumia.ma/generic-fauteuil-gonflable-avec-dossier-pour-la-maison-et-les-activites-de-plein-air-67946537.html,https://ma.jumia.is/unsafe/fit-in/300x300/filters:fill(white)/product/73/564976/1.jpg?4977,jumia,Salon Et Sejour,2026-06-11 18:51:06,True,Entrée (<500),jumia_1221
Canapé artisanale non rembourrée en laine naturelle avec 5 coussins,2299.0,3299.0,30.0,https://www.jumia.ma/generic-canape-artisanale-non-rembourree-en-laine-naturelle-avec-5-coussins-67387114.html,https://ma.jumia.is/unsafe/fit-in/300x300/filters:fill(white)/product/41/178376/1.jpg?0031,jumia,Salon Et Sejour,2026-06-11 18:50:54,True,Milieu (1500-4000),jumia_1224
Mdf Generic Table pliante de cuisine mu Table pliante de cuisine murale moderne noir 80/50 pliable,340.0,,0.0,https://www.jumia.ma/mdf-generic-table-pliante-de-cuisine-mu-table-pliante-de-cuisine-murale-moderne-noir-8050-pliable-67984332.html,https://ma.jumia.is/unsafe/fit-in/300x300/filters:fill(white)/product/23/348976/1.jpg?3428,jumia,Salon Et Sejour,2026-06-11 18:50:54,False,Entrée (<500),jumia_1231
Kitea Quatre chaise  RAHA - Noir,1396.0,1596.0,13.0,https://www.jumia.ma/kitea-quatre-chaise-raha-noir-67001493.html,https://ma.jumia.is/unsafe/fit-in/300x300/filters:fill(white)/product/39/410076/1.jpg?5965,jumia,Salon Et Sejour,2026-06-11 18:50:43,True,Économique (500-1500),jumia_1269
Ensemble fauteuil & pouf repose-pieds,239.0,559.0,57.0,https://www.jumia.ma/canape-gonflable-moderne-pour-maison-chaise-de-loisirs-avec-repose-pieds-heifer-mpg951874.html,https://ma.jumia.is/unsafe/fit-in/300x300/filters:fill(white)/product/12/014784/1.jpg?7316,jumia,Salon Et Sejour,2026-06-11 18:50:45,True,Entrée (<500),jumia_1275
Chaise Scandinave Beige Tissu Coloris Chêne Naturel Confortable Design Moderne Salon Salle à Manger 52x84cm,1265.0,1644.5,23.0,https://www.jumia.ma/generic-chaise-scandinave-beige-tissu-coloris-chene-naturel-confortable-design-moderne-salon-salle-a-manger-52x84cm-67639239.html,https://ma.jumia.is/unsafe/fit-in/300x300/filters:fill(white)/product/93/293676/1.jpg?9102,jumia,Salon Et Sejour,2026-06-11 18:50:44,True,Économique (500-1500),jumia_1277
Kitea Deux Chaises MERY - Gris Foncé,4796.0,5996.0,20.0,https://www.jumia.ma/kitea-deux-chaises-mery-gris-fonce-66998471.html,https://ma.jumia.is/unsafe/fit-in/300x300/filters:fill(white)/product/17/489966/1.jpg?9186,jumia,Salon Et Sejour,2026-06-11 18:51:07,True,Premium (4000-10k),jumia_1364
Kitea Deux chaises KARLA - Vert Bleu,1790.0,2658.0,33.0,https://www.jumia.ma/kitea-deux-chaises-karla-vert-bleu-67377300.html,https://ma.jumia.is/unsafe/fit-in/300x300/filters:fill(white)/product/00/377376/1.jpg?8573,jumia,Salon Et Sejour,2026-06-11 18:50:53,True,Milieu (1500-4000),jumia_1371
canapé de sol artisanale non rembourrée en laine naturelle avec 5 coussins,3599.0,,0.0,https://www.jumia.ma/generic-canape-de-sol-artisanale-non-rembourree-en-laine-naturelle-avec-5-coussins-65306261.html,https://ma.jumia.is/unsafe/fit-in/300x300/filters:fill(white)/product/16/260356/1.jpg?5248,jumia,Salon Et Sejour,2026-06-11 18:50:54,False,Milieu (1500-4000),jumia_1376
Fauteuil Gonflable Confortable – Siège de Relaxation Portable pour Intérieur et Extérieur,359.1,499.0,28.0,https://www.jumia.ma/generic-fauteuil-gonflable-confortable-siege-de-relaxation-portable-pour-interieur-et-exterieur-67613895.html,https://ma.jumia.is/unsafe/fit-in/300x300/filters:fill(white)/product/59/831676/1.jpg?9101,jumia,Salon Et Sejour,2026-06-11 18:50:45,True,Entrée (<500),jumia_1401
Kitea DEUX Chaise Flynn - Beige,1590.0,2598.0,39.0,https://www.jumia.ma/kitea-deux-chaise-flynn-beige-67397151.html,https://ma.jumia.is/unsafe/fit-in/300x300/filters:fill(white)/product/15/179376/1.jpg?9004,jumia,Salon Et Sejour,2026-06-11 18:51:06,True,Milieu (1500-4000),jumia_1419
Kitea Canapé-Lit New Fiji + Coffre Et 2 Coussins - Bleu,2495.0,3595.0,31.0,https://www.jumia.ma/kitea-canape-lit-new-fiji-coffre-et-2-coussins-bleu-67524087.html,https://ma.jumia.is/unsafe/fit-in/300x300/filters:fill(white)/product/78/042576/1.jpg?8809,jumia,Salon Et Sejour,2026-06-11 18:50:45,True,Milieu (1500-4000),jumia_1439
Chaise Pliante Grise Rembourrée Confortable 42x81cm Polyuréthane Acier Robuste Design Pratique Gain de Place,289.0,375.7,23.0,https://www.jumia.ma/generic-chaise-pliante-grise-rembourree-confortable-42x81cm-polyurethane-acier-robuste-design-pratique-gain-de-place-67639337.html,https://ma.jumia.is/unsafe/fit-in/300x300/filters:fill(white)/product/73/393676/1.jpg?2784,jumia,Salon Et Sejour,2026-06-11 18:51:06,True,Entrée (<500),jumia_1460
Ensemble Fauteuil et Pouf Gonflables Ultra Lounge – Confort Moderne  (multicouleur aléatoire),235.0,315.0,25.0,https://www.jumia.ma/generic-ensemble-fauteuil-et-pouf-gonflables-ultra-lounge-confort-moderne-multicouleur-aleatoire-67661790.html,https://ma.jumia.is/unsafe/fit-in/300x300/filters:fill(white)/product/09/716676/1.jpg?6375,jumia,Salon Et Sejour,2026-06-11 18:50:53,True,Entrée (<500),jumia_1475
MAISON GOOD AND WELL Canapé Elegance terracotta - 100% mousse haute densité compressée,5700.0,,0.0,https://www.jumia.ma/maison-good-and-well-canape-elegance-terracotta-100-mousse-haute-densite-compressee-67844172.html,https://ma.jumia.is/unsafe/fit-in/300x300/filters:fill(white)/product/27/144876/1.jpg?8196,jumia,Salon Et Sejour,2026-06-11 18:50:45,False,Premium (4000-10k),jumia_1478
Kitea DEUX TABOURET OWEN - Rouge Bordeaux,1490.0,2798.0,47.0,https://www.jumia.ma/kitea-deux-tabouret-owen-rouge-bordeaux-67397236.html,https://ma.jumia.is/unsafe/fit-in/300x300/filters:fill(white)/product/63/279376/1.jpg?2275,jumia,Salon Et Sejour,2026-06-11 18:51:15,True,Économique (500-1500),jumia_1491
Canapé Gonflable Confortable avec Pompe Électrique - Orange & Noir - Dimensions 110x96x75cm - Lit Sofa d'Appoint Extérieur/Intérieur,1597.64,2236.7,29.0,https://www.jumia.ma/canape-gonflable-confortable-avec-pompe-electrique-orange-noir-dimensions-110x96x75cm-lit-sofa-dappoint-exterieurinterieur-generic-mpg1589503.html,https://ma.jumia.is/unsafe/fit-in/300x300/filters:fill(white)/product/73/774776/1.jpg?6090,jumia,Salon Et Sejour,2026-06-11 18:51:16,True,Milieu (1500-4000),jumia_1514
Kitea Deux Chaises Rick - blue,1998.0,2598.0,23.0,https://www.jumia.ma/kitea-deux-chaises-rick-blue-67587796.html,https://ma.jumia.is/unsafe/fit-in/300x300/filters:fill(white)/product/69/778576/1.jpg?5867,jumia,Salon Et Sejour,2026-06-11 18:51:07,True,Milieu (1500-4000),jumia_1532
Artisanat du Maroc jeté de lit noir et blanc,650.0,899.0,28.0,https://www.jumia.ma/artisanat-du-maroc-jete-de-lit-noir-et-blanc-67766576.html,https://ma.jumia.is/unsafe/fit-in/300x300/filters:fill(white)/product/67/566776/1.jpg?6396,jumia,Salon Et Sejour,2026-06-11 18:50:54,True,Économique (500-1500),jumia_1571
Canapé gonflable professionnel pliable deux pièces meuble de salon couleur-COMME PHOTO,399.0,,0.0,https://www.jumia.ma/generic-canape-gonflable-professionnel-pliable-deux-pieces-meuble-de-salon-couleur-comme-photo-67393392.html,https://ma.jumia.is/unsafe/fit-in/300x300/filters:fill(white)/product/29/339376/1.jpg?7325,jumia,Salon Et Sejour,2026-06-11 18:51:08,False,Entrée (<500),jumia_1609
Ensemble de 2 Poufs Artisanal Marocain en Cuir Véritable Fait Main (Cognac),649.0,999.0,35.0,https://www.jumia.ma/generic-ensemble-de-2-poufs-artisanal-marocain-en-cuir-veritable-fait-main-cognac-31730568.html,https://ma.jumia.is/unsafe/fit-in/300x300/filters:fill(white)/product/86/503713/1.jpg?2734,jumia,Salon Et Sejour,2026-06-11 18:50:53,True,Économique (500-1500),jumia_1626
Fauteuil Pouf gonflable moderne et confortable Dessin Graffiti Chartreuse + Sticker,239.0,,0.0,https://www.jumia.ma/generic-fauteuil-pouf-gonflable-moderne-et-confortable-dessin-graffiti-chartreuse-sticker-67743741.html,https://ma.jumia.is/unsafe/fit-in/300x300/filters:fill(white)/product/14/734776/1.jpg?7441,jumia,Salon Et Sejour,2026-06-11 18:50:54,False,Entrée (<500),jumia_1631
Kitea Pouf NEW NATELLO - Gris Foncé,1995.0,3490.0,43.0,https://www.jumia.ma/kitea-pouf-new-natello-gris-fonce-67400304.html,https://ma.jumia.is/unsafe/fit-in/300x300/filters:fill(white)/product/40/300476/1.jpg?7087,jumia,Salon Et Sejour,2026-06-11 18:50:54,True,Milieu (1500-4000),jumia_1638
Kitea Deux Tabouret Bar Wilma - Gris Foncé,1578.0,2500.0,37.0,https://www.jumia.ma/kitea-deux-tabouret-bar-wilma-gris-fonce-67677798.html,https://ma.jumia.is/unsafe/fit-in/300x300/filters:fill(white)/product/89/777676/1.jpg?5776,jumia,Salon Et Sejour,2026-06-11 18:51:15,True,Milieu (1500-4000),jumia_1654
Kitea Fauteuil CROMWELL - Turquoise,499.0,1399.0,64.0,https://www.jumia.ma/kitea-fauteuil-cromwell-turquoise-67360027.html,https://ma.jumia.is/unsafe/fit-in/300x300/filters:fill(white)/product/72/006376/1.jpg?4022,jumia,Salon Et Sejour,2026-06-11 18:50:43,True,Entrée (<500),jumia_1665
MAISON GOOD AND WELL Canapé Boreal Noir anthracite - 100% mousse haute densité compressée,5700.0,,0.0,https://www.jumia.ma/maison-good-and-well-canape-boreal-noir-anthracite-100-mousse-haute-densite-compressee-67844146.html,https://ma.jumia.is/unsafe/fit-in/300x300/filters:fill(white)/product/64/144876/1.jpg?7506,jumia,Salon Et Sejour,2026-06-11 18:50:45,False,Premium (4000-10k),jumia_1679
Kitea Deux Tabourets POL - Gris Foncé,3190.0,4790.0,33.0,https://www.jumia.ma/kitea-deux-tabourets-pol-gris-fonce-67002998.html,https://ma.jumia.is/unsafe/fit-in/300x300/filters:fill(white)/product/89/920076/1.jpg?6203,jumia,Salon Et Sejour,2026-06-11 18:50:53,True,Milieu (1500-4000),jumia_1690
MAISON GOOD AND WELL Canapé Elegance camel - 100% mousse haute densité compressée,5700.0,,0.0,https://www.jumia.ma/maison-good-and-well-canape-elegance-camel-100-mousse-haute-densite-compressee-67844183.html,https://ma.jumia.is/unsafe/fit-in/300x300/filters:fill(white)/product/38/144876/1.jpg?8451,jumia,Salon Et Sejour,2026-06-11 18:50:45,False,Premium (4000-10k),jumia_1701
Fauteuil Gonflable Ergonomique avec Repose-Pieds – Confort Ultime pour Intérieur & Extérieur,295.0,,0.0,https://www.jumia.ma/generic-fauteuil-gonflable-ergonomique-avec-repose-pieds-confort-ultime-pour-interieur-exterieur-67766212.html,https://ma.jumia.is/unsafe/fit-in/300x300/filters:fill(white)/product/21/266776/1.jpg?9137,jumia,Salon Et Sejour,2026-06-11 18:51:16,False,Entrée (<500),jumia_1705
"Chaise Relax Gonflable Multifonction avec Pouf Intégré – Canapé d’Intérieur et d’Extérieur Pliable Idéal pour Détente, Camping et Jardin – Confort Premium Portable",329.0,419.0,22.0,https://www.jumia.ma/generic-chaise-relax-gonflable-multifonction-avec-pouf-integre-canape-dinterieur-et-dexterieur-pliable-ideal-pour-detente-camping-et-jardin-confort-premium-portable-67898034.html,https://ma.jumia.is/unsafe/fit-in/300x300/filters:fill(white)/product/43/089876/1.jpg?6785,jumia,Salon Et Sejour,2026-06-11 18:50:54,True,Entrée (<500),jumia_1714
chaise siège Portable plage jardin en plein air Camping,199.99,,0.0,https://www.jumia.ma/generic-chaise-siege-portable-plage-jardin-en-plein-air-camping-52885453.html,https://ma.jumia.is/unsafe/fit-in/300x300/filters:fill(white)/product/35/458825/1.jpg?7127,jumia,Salon Et Sejour,2026-06-11 18:50:53,False,Entrée (<500),jumia_1724
Kitea DEUX CHAISES LUCCA - Blanc,2990.0,4398.0,32.0,https://www.jumia.ma/kitea-deux-chaises-lucca-blanc-67395708.html,https://ma.jumia.is/unsafe/fit-in/300x300/filters:fill(white)/product/80/759376/1.jpg?3764,jumia,Salon Et Sejour,2026-06-11 18:51:07,True,Milieu (1500-4000),jumia_1727
"Fauteuil d'appoint moderne du milieu du siècle, chaise longue, fauteuil moderne du milieu du siècle, chaise de lecture, mobilier d'extérieur, mobilier de patio",2099.0,2499.0,16.0,https://www.jumia.ma/generic-fauteuil-dappoint-moderne-du-milieu-du-siecle-chaise-longue-fauteuil-moderne-du-milieu-du-siecle-chaise-de-lecture-mobilier-dexterieur-mobilier-de-patio-65756341.html,https://ma.jumia.is/unsafe/fit-in/300x300/filters:fill(white)/product/14/365756/1.jpg?9607,jumia,Salon Et Sejour,2026-06-11 18:50:43,True,Milieu (1500-4000),jumia_1733
Kitea Canapé Lit 3 Places LIMRA - Gris Foncé,4595.0,5995.0,23.0,https://www.jumia.ma/kitea-canape-lit-3-places-limra-gris-fonce-65693069.html,https://ma.jumia.is/unsafe/fit-in/300x300/filters:fill(white)/product/96/039656/1.jpg?1425,jumia,Salon Et Sejour,2026-06-11 18:51:08,True,Premium (4000-10k),jumia_1738
Kitea Deux Tabourets ARUS - Bleu Navy,2798.0,3798.0,26.0,https://www.jumia.ma/kitea-deux-tabourets-arus-bleu-navy-66998438.html,https://ma.jumia.is/unsafe/fit-in/300x300/filters:fill(white)/product/83/489966/1.jpg?7024,jumia,Salon Et Sejour,2026-06-11 18:51:06,True,Milieu (1500-4000),jumia_1741
Fauteuil Beige Tissu et Chêne Naturel Design Scandinave Confortable Salon Bureau Chambre 59x82cm,1379.0,1792.7,23.0,https://www.jumia.ma/generic-fauteuil-beige-tissu-et-chene-naturel-design-scandinave-confortable-salon-bureau-chambre-59x82cm-67639240.html,https://ma.jumia.is/unsafe/fit-in/300x300/filters:fill(white)/product/04/293676/1.jpg?9103,jumia,Salon Et Sejour,2026-06-11 18:50:44,True,Économique (500-1500),jumia_1747
Kitea Canapé-Lit LUCA - Marron,2995.0,4995.0,40.0,https://www.jumia.ma/kitea-canape-lit-luca-marron-66410257.html,https://ma.jumia.is/unsafe/fit-in/300x300/filters:fill(white)/product/75/201466/1.jpg?5984,jumia,Salon Et Sejour,2026-06-11 18:50:54,True,Milieu (1500-4000),jumia_1750
Canapé artisanale non rembourrée en laine naturelle avec 5 coussins à pompoms,2299.0,3299.0,30.0,https://www.jumia.ma/generic-canape-artisanale-non-rembourree-en-laine-naturelle-avec-5-coussins-a-pompoms-67413140.html,https://ma.jumia.is/unsafe/fit-in/300x300/filters:fill(white)/product/04/131476/1.jpg?9035,jumia,Salon Et Sejour,2026-06-11 18:50:45,True,Milieu (1500-4000),jumia_1762
Chaise Design Scandinave Blanc et Chêne Naturel Rembourrée Confortable Salon Salle à Manger Moderne 87cm,719.0,934.7,23.0,https://www.jumia.ma/generic-chaise-design-scandinave-blanc-et-chene-naturel-rembourree-confortable-salon-salle-a-manger-moderne-87cm-67639345.html,https://ma.jumia.is/unsafe/fit-in/300x300/filters:fill(white)/product/54/393676/1.jpg?2790,jumia,Salon Et Sejour,2026-06-11 18:50:44,True,Économique (500-1500),jumia_1774
Kitea Canapé 3 Places PONZA - Bleu,3995.0,5595.0,29.0,https://www.jumia.ma/kitea-canape-3-places-ponza-bleu-66026218.html,https://ma.jumia.is/unsafe/fit-in/300x300/filters:fill(white)/product/81/262066/1.jpg?3607,jumia,Salon Et Sejour,2026-06-11 18:50:54,True,Milieu (1500-4000),jumia_1807
Chaise Pliante Noire Rembourrée Confortable 42x81cm Polyuréthane Acier Robuste Design Pratique Gain de Place,289.0,375.7,23.0,https://www.jumia.ma/generic-chaise-pliante-noire-rembourree-confortable-42x81cm-polyurethane-acier-robuste-design-pratique-gain-de-place-67639357.html,https://ma.jumia.is/unsafe/fit-in/300x300/filters:fill(white)/product/75/393676/1.jpg?2801,jumia,Salon Et Sejour,2026-06-11 18:50:44,True,Entrée (<500),jumia_1865
Kitea Fauteuil DONNA - Beige,1995.0,3995.0,50.0,https://www.jumia.ma/kitea-fauteuil-donna-beige-66410245.html,https://ma.jumia.is/unsafe/fit-in/300x300/filters:fill(white)/product/54/201466/1.jpg?5987,jumia,Salon Et Sejour,2026-06-11 18:50:43,True,Milieu (1500-4000),jumia_1868
Kitea Deux Chaises KIMMY - BLEU,1998.0,,0.0,https://www.jumia.ma/kitea-deux-chaises-kimmy-bleu-67397197.html,https://ma.jumia.is/unsafe/fit-in/300x300/filters:fill(white)/product/79/179376/1.jpg?0849,jumia,Salon Et Sejour,2026-06-11 18:51:07,False,Milieu (1500-4000),jumia_1929
Kitea Deux Chaises SIMBRA - Gris Clair,4198.0,5390.0,22.0,https://www.jumia.ma/kitea-deux-chaises-simbra-gris-clair-67389578.html,https://ma.jumia.is/unsafe/fit-in/300x300/filters:fill(white)/product/87/598376/1.jpg?5217,jumia,Salon Et Sejour,2026-06-11 18:51:07,True,Premium (4000-10k),jumia_1936
Kitea Canapé lit LATIKA - Beige,4595.0,5995.0,23.0,https://www.jumia.ma/kitea-canape-lit-latika-beige-65973881.html,https://ma.jumia.is/unsafe/fit-in/300x300/filters:fill(white)/product/18/837956/1.jpg?9408,jumia,Salon Et Sejour,2026-06-11 18:50:45,True,Premium (4000-10k),jumia_1964
Kitea Deux Chaises ROMA - Noir,1998.0,,0.0,https://www.jumia.ma/kitea-deux-chaises-roma-noir-67395798.html,https://ma.jumia.is/unsafe/fit-in/300x300/filters:fill(white)/product/89/759376/1.jpg?5309,jumia,Salon Et Sejour,2026-06-11 18:50:53,False,Milieu (1500-4000),jumia_1976
Kitea Deux Chaises SIMBRA - Moutarde,4198.0,5390.0,22.0,https://www.jumia.ma/kitea-deux-chaises-simbra-moutarde-67389376.html,https://ma.jumia.is/unsafe/fit-in/300x300/filters:fill(white)/product/67/398376/1.jpg?1348,jumia,Salon Et Sejour,2026-06-11 18:50:53,True,Premium (4000-10k),jumia_1989
Dynamic Canapé Gonflable Moderne Pour Maison Chaise De Loisirs Avec Repose-Pieds,399.0,450.0,11.0,https://www.jumia.ma/dynamic-canape-gonflable-moderne-pour-maison-chaise-de-loisirs-avec-repose-pieds-64625828.html,https://ma.jumia.is/unsafe/fit-in/300x300/filters:fill(white)/product/82/852646/1.jpg?7793,jumia,Salon Et Sejour,2026-06-11 18:51:08,True,Entrée (<500),jumia_2014
Chaise Pliante Confortable Tissu Sable Clair Structure Acier Robuste 44x81cm Usage Intérieur Extérieur,325.0,422.5,23.0,https://www.jumia.ma/generic-chaise-pliante-confortable-tissu-sable-clair-structure-acier-robuste-44x81cm-usage-interieur-exterieur-67639362.html,https://ma.jumia.is/unsafe/fit-in/300x300/filters:fill(white)/product/26/393676/1.jpg?2805,jumia,Salon Et Sejour,2026-06-11 18:51:15,True,Entrée (<500),jumia_2038
Kitea Canapé Lit 3 Places LIMRA - Rose,4595.0,5995.0,23.0,https://www.jumia.ma/kitea-canape-lit-3-places-limra-rose-65693073.html,https://ma.jumia.is/unsafe/fit-in/300x300/filters:fill(white)/product/37/039656/1.jpg?1905,jumia,Salon Et Sejour,2026-06-11 18:50:54,True,Premium (4000-10k),jumia_2046
Kitea Canapé-Lit LUCA - Gris,2995.0,4995.0,40.0,https://www.jumia.ma/kitea-canape-lit-luca-gris-66410260.html,https://ma.jumia.is/unsafe/fit-in/300x300/filters:fill(white)/product/06/201466/1.jpg?5984,jumia,Salon Et Sejour,2026-06-11 18:50:45,True,Milieu (1500-4000),jumia_2052
Sofa Gonflable avec Repose-Pieds,340.0,399.0,15.0,https://www.jumia.ma/generic-sofa-gonflable-avec-repose-pieds-65924917.html,https://ma.jumia.is/unsafe/fit-in/300x300/filters:fill(white)/product/71/942956/1.jpg?4144,jumia,Salon Et Sejour,2026-06-11 18:51:08,True,Entrée (<500),jumia_2054
Kitea Canapé 3 Places PONZA - Beige,3995.0,5595.0,29.0,https://www.jumia.ma/kitea-canape-3-places-ponza-beige-66026223.html,https://ma.jumia.is/unsafe/fit-in/300x300/filters:fill(white)/product/32/262066/1.jpg?3906,jumia,Salon Et Sejour,2026-06-11 18:50:45,True,Milieu (1500-4000),jumia_2058
Kitea DEUX CHAISES VELVET - Noir,1980.0,,0.0,https://www.jumia.ma/kitea-deux-chaises-velvet-noir-67395938.html,https://ma.jumia.is/unsafe/fit-in/300x300/filters:fill(white)/product/83/959376/1.jpg?5329,jumia,Salon Et Sejour,2026-06-11 18:50:53,False,Milieu (1500-4000),jumia_2062
JILONG Portable Air Flocage Rapide Gonflable Paresseux Canapé Lit De Sommeil Set Pied Coussin Meubles De Jardin À La Maison,279.0,799.0,65.0,https://www.jumia.ma/generic-jilong-portable-air-flocage-rapide-gonflable-paresseux-canape-lit-de-sommeil-set-pied-coussin-meubles-de-jardin-a-la-maison-39773348.html,https://ma.jumia.is/unsafe/fit-in/300x300/filters:fill(white)/product/84/337793/1.jpg?4554,jumia,Salon Et Sejour,2026-06-11 18:50:54,True,Entrée (<500),jumia_2065
"Canapé Gonflable en Forme S avec Pompe – Fauteuil Lit Confortable, Chaise Longue Portable pour Maison, Camping & Plage",299.99,350.0,14.0,https://www.jumia.ma/generic-canape-gonflable-en-forme-s-avec-pompe-fauteuil-lit-confortable-chaise-longue-portable-pour-maison-camping-plage-67707057.html,https://ma.jumia.is/unsafe/fit-in/300x300/filters:fill(white)/product/75/070776/1.jpg?9518,jumia,Salon Et Sejour,2026-06-11 18:50:45,True,Entrée (<500),jumia_2074
Bestway Chaises pouf gonflable soft top 1.12m X 1.12m X H 0.66m,699.0,,0.0,https://www.jumia.ma/bestway-chaises-pouf-gonflable-soft-top-1.12m-x-1.12m-x-h-0.66m-67075156.html,https://ma.jumia.is/unsafe/fit-in/300x300/filters:fill(white)/product/65/157076/1.jpg?3185,jumia,Salon Et Sejour,2026-06-11 18:50:53,False,Économique (500-1500),jumia_2077
Canapé Lit Set Pied Coussin Meubles Jardin Maison,279.0,449.0,38.0,https://www.jumia.ma/generic-canape-lit-set-pied-coussin-meubles-jardin-maison-61428742.html,https://ma.jumia.is/unsafe/fit-in/300x300/filters:fill(white)/product/24/782416/1.jpg?3684,jumia,Salon Et Sejour,2026-06-11 18:51:08,True,Entrée (<500),jumia_2089
Kitea Deux Tabouret RUSH - Rose,1790.0,2980.0,40.0,https://www.jumia.ma/kitea-deux-tabouret-rush-rose-67397000.html,https://ma.jumia.is/unsafe/fit-in/300x300/filters:fill(white)/product/00/079376/1.jpg?1835,jumia,Salon Et Sejour,2026-06-11 18:50:53,True,Milieu (1500-4000),jumia_2102
Kitea Deux Chaises BOSS - Noir,1998.0,,0.0,https://www.jumia.ma/kitea-deux-chaises-boss-noir-67395726.html,https://ma.jumia.is/unsafe/fit-in/300x300/filters:fill(white)/product/62/759376/1.jpg?4739,jumia,Salon Et Sejour,2026-06-11 18:51:07,False,Milieu (1500-4000),jumia_2107
Kitea Fauteuil MABELLE - Vert Petrol,3795.0,6995.0,46.0,https://www.jumia.ma/kitea-fauteuil-mabelle-vert-petrol-66026200.html,https://ma.jumia.is/unsafe/fit-in/300x300/filters:fill(white)/product/00/262066/1.jpg?2525,jumia,Salon Et Sejour,2026-06-11 18:51:08,True,Milieu (1500-4000),jumia_2114
Chaise de plage Siège de camping,225.0,,0.0,https://www.jumia.ma/chaise-de-plage-siege-de-camping-generic-mpg1390787.html,https://ma.jumia.is/unsafe/fit-in/300x300/filters:fill(white)/product/57/285663/1.jpg?8287,jumia,Salon Et Sejour,2026-06-11 18:51:06,False,Entrée (<500),jumia_2127
Salon Marocain Bas Artisanal – Confort & Authenticité,1349.1,2990.0,55.0,https://www.jumia.ma/generic-salon-marocain-bas-artisanal-confort-authenticite-67638982.html,https://ma.jumia.is/unsafe/fit-in/300x300/filters:fill(white)/product/28/983676/1.jpg?7974,jumia,Salon Et Sejour,2026-06-11 18:50:45,True,Économique (500-1500),jumia_2143
Fauteuil Pouf gonflable moderne et confortable Dessin Graffiti Bleu Ocean + Sticker,239.0,,0.0,https://www.jumia.ma/generic-fauteuil-pouf-gonflable-moderne-et-confortable-dessin-graffiti-bleu-ocean-sticker-67743746.html,https://ma.jumia.is/unsafe/fit-in/300x300/filters:fill(white)/product/64/734776/1.jpg?7612,jumia,Salon Et Sejour,2026-06-11 18:50:45,False,Entrée (<500),jumia_2215
Kitea CANAPE-LIT SCANDY,1995.0,3995.0,50.0,https://www.jumia.ma/kitea-canape-lit-scandy-65692856.html,https://ma.jumia.is/unsafe/fit-in/300x300/filters:fill(white)/product/65/829656/1.jpg?7645,jumia,Salon Et Sejour,2026-06-11 18:50:45,True,Milieu (1500-4000),jumia_2228
"Silencieux et doux – extraction discrète, sans gêne ni douleur.",299.0,,0.0,https://www.jumia.ma/generic-silencieux-et-doux-extraction-discrete-sans-gene-ni-douleur.-67766464.html,https://ma.jumia.is/unsafe/fit-in/300x300/filters:fill(white)/product/46/466776/1.jpg?3372,jumia,Salon Et Sejour,2026-06-11 18:51:16,False,Entrée (<500),jumia_2262
JILONG Portable Air Flocage Rapide Gonflable Paresseux Canapé Lit,299.0,599.0,50.0,https://www.jumia.ma/jilong-portable-air-flocage-rapide-gonflable-paresseux-canape-lit-generic-mpg1339505.html,https://ma.jumia.is/unsafe/fit-in/300x300/filters:fill(white)/product/37/791194/1.jpg?5897,jumia,Salon Et Sejour,2026-06-11 18:51:08,True,Entrée (<500),jumia_2280
"Fauteuil Gonflable Inclinable Ergonomique – Détente Intérieure & Extérieure - Canapé gonflable, chaise longue pour salon- 138x66cm",311.0,420.0,26.0,https://www.jumia.ma/generic-fauteuil-gonflable-inclinable-ergonomique-detente-interieure-exterieure-canape-gonflable-chaise-longue-pour-salon-138x66cm-67645572.html,https://ma.jumia.is/unsafe/fit-in/300x300/filters:fill(white)/product/27/554676/1.jpg?2951,jumia,Salon Et Sejour,2026-06-11 18:50:45,True,Entrée (<500),jumia_2287
Ensemble Fauteuil et Pouf Gonflables Ultra Lounge – Confort Moderne (multicouleur aléatoire),882.65,1235.71,29.0,https://www.jumia.ma/generic-ensemble-fauteuil-et-pouf-gonflables-ultra-lounge-confort-moderne-multicouleur-aleatoire-67712362.html,https://ma.jumia.is/unsafe/fit-in/300x300/filters:fill(white)/product/26/321776/1.jpg?1836,jumia,Salon Et Sejour,2026-06-11 18:51:07,True,Économique (500-1500),jumia_2310
Kitea Canapé Lit LATIKA Avec 2 Coussins Et Coffre - Gris Clair,4595.0,5995.0,23.0,https://www.jumia.ma/kitea-canape-lit-latika-avec-2-coussins-et-coffre-gris-clair-65973898.html,https://ma.jumia.is/unsafe/fit-in/300x300/filters:fill(white)/product/89/837956/1.jpg?0667,jumia,Salon Et Sejour,2026-06-11 18:50:43,True,Premium (4000-10k),jumia_2313
Chaise de Salle à Manger Scandinave Luxe - Velours Gris Anthracite Matelassé - Pieds Effet Chêne Naturel,1379.0,1792.7,23.0,https://www.jumia.ma/generic-chaise-de-salle-a-manger-scandinave-luxe-velours-gris-anthracite-matelasse-pieds-effet-chene-naturel-67360656.html,https://ma.jumia.is/unsafe/fit-in/300x300/filters:fill(white)/product/65/606376/1.jpg?6934,jumia,Salon Et Sejour,2026-06-11 18:50:53,True,Économique (500-1500),jumia_2332
Kitea Canapé D'Angle New Larrau Avec Fonction Lit + Coffre - Gris Clair,5495.0,,0.0,https://www.jumia.ma/kitea-canape-dangle-new-larrau-avec-fonction-lit-coffre-gris-clair-67844216.html,https://ma.jumia.is/unsafe/fit-in/300x300/filters:fill(white)/product/61/244876/1.jpg?9380,jumia,Salon Et Sejour,2026-06-11 18:50:43,False,Premium (4000-10k),jumia_2414
Fauteuil Gonflable Avec Pouf Repose-pieds Marron,299.0,797.0,63.0,https://www.jumia.ma/generic-fauteuil-gonflable-avec-pouf-repose-pieds-marron-67425280.html,https://ma.jumia.is/unsafe/fit-in/300x300/filters:fill(white)/product/08/252476/1.jpg?7296,jumia,Salon Et Sejour,2026-06-11 18:51:08,True,Entrée (<500),jumia_2419
Chaise Pliante de Plage de Camping avec Porte Boisson + Sac de transport,179.0,,0.0,https://www.jumia.ma/generic-chaise-pliante-de-plage-de-camping-avec-porte-boisson-sac-de-transport-36263116.html,https://ma.jumia.is/unsafe/fit-in/300x300/filters:fill(white)/product/61/136263/1.jpg?2435,jumia,Salon Et Sejour,2026-06-11 18:51:07,False,Entrée (<500),jumia_2431
Kitea Deux Fauteuil Guest Line PU - Rouge,4398.0,,0.0,https://www.jumia.ma/kitea-deux-fauteuil-guest-line-pu-rouge-67678506.html,https://ma.jumia.is/unsafe/fit-in/300x300/filters:fill(white)/product/60/587676/1.jpg?3757,jumia,Salon Et Sejour,2026-06-11 18:50:53,False,Premium (4000-10k),jumia_2436
Fauteuil lounge gonflable – Siège polyvalents pour maison et voyage,249.0,299.0,17.0,https://www.jumia.ma/generic-fauteuil-lounge-gonflable-siege-polyvalents-pour-maison-et-voyage-67232549.html,https://ma.jumia.is/unsafe/fit-in/300x300/filters:fill(white)/product/94/523276/1.jpg?2997,jumia,Salon Et Sejour,2026-06-11 18:50:43,True,Entrée (<500),jumia_2447
Bestway Siege Pouf Gonflable Chaise INFLATE-A-CHAIR 1.07m x 1.02m x 0.61m,199.0,300.0,34.0,https://www.jumia.ma/siege-pouf-gonflable-chaise-inflate-a-chair-1.07m-x-1.02m-x-0.61m-bestway-mpg874971.html,https://ma.jumia.is/unsafe/fit-in/300x300/filters:fill(white)/product/63/123043/1.jpg?9765,jumia,Salon Et Sejour,2026-06-11 18:50:43,True,Entrée (<500),jumia_2490
Kitea DEUX TABOURET OWEN - Gris,1490.0,2798.0,47.0,https://www.jumia.ma/kitea-deux-tabouret-owen-gris-67397249.html,https://ma.jumia.is/unsafe/fit-in/300x300/filters:fill(white)/product/94/279376/1.jpg?3130,jumia,Salon Et Sejour,2026-06-11 18:51:06,True,Économique (500-1500),jumia_2600
Kitea Deux Tabourets ARUS - Gris,2798.0,3798.0,26.0,https://www.jumia.ma/kitea-deux-tabourets-arus-gris-66998443.html,https://ma.jumia.is/unsafe/fit-in/300x300/filters:fill(white)/product/34/489966/1.jpg?7384,jumia,Salon Et Sejour,2026-06-11 18:51:15,True,Milieu (1500-4000),jumia_2638
"Fauteuil Confort Gonflable avec Pouf Assorti – Idéal Salon, Camping et Détente",288.0,349.0,18.0,https://www.jumia.ma/generic-fauteuil-confort-gonflable-avec-pouf-assorti-ideal-salon-camping-et-detente-67972109.html,https://ma.jumia.is/unsafe/fit-in/300x300/filters:fill(white)/product/90/127976/1.jpg?3106,jumia,Salon Et Sejour,2026-06-11 18:51:16,True,Entrée (<500),jumia_2653
"Chaise Longue Gonflable Pliable pour salon ,chambre à coucher, voyage en plein air, camping, pique-nique",200.0,289.0,31.0,https://www.jumia.ma/generic-chaise-longue-gonflable-pliable-pour-salon-chambre-a-coucher-voyage-en-plein-air-camping-pique-nique-67708305.html,https://ma.jumia.is/unsafe/fit-in/300x300/filters:fill(white)/product/50/380776/1.jpg?1043,jumia,Salon Et Sejour,2026-06-11 18:50:54,True,Entrée (<500),jumia_2660
"Canapé-Lit Gonflable en forme de S, Portable & Confortable",289.0,480.0,40.0,https://www.jumia.ma/generic-canape-lit-gonflable-en-forme-de-s-portable-confortable-67214005.html,https://ma.jumia.is/unsafe/fit-in/300x300/filters:fill(white)/product/50/041276/1.jpg?9885,jumia,Salon Et Sejour,2026-06-11 18:50:45,True,Entrée (<500),jumia_2700
Pouf marocain avec une touche moderne fabriqué de jean par des artisans marocains,359.0,399.0,10.0,https://www.jumia.ma/generic-pouf-marocain-avec-une-touche-moderne-fabrique-de-jean-par-des-artisans-marocains-35974359.html,https://ma.jumia.is/unsafe/fit-in/300x300/filters:fill(white)/product/95/347953/1.jpg?4810,jumia,Salon Et Sejour,2026-06-11 18:50:44,True,Entrée (<500),jumia_2703
Bestway Pouf Chaise gonflable Chair,699.0,,0.0,https://www.jumia.ma/bestway-pouf-chaise-gonflable-chair-67075107.html,https://ma.jumia.is/unsafe/fit-in/300x300/filters:fill(white)/product/70/157076/1.jpg?3192,jumia,Salon Et Sejour,2026-06-11 18:50:53,False,Économique (500-1500),jumia_2707
Base mobile ajustable avec roues pivotantes,142.9,214.0,33.0,https://www.jumia.ma/generic-base-mobile-ajustable-avec-roues-pivotantes-67885330.html,https://ma.jumia.is/unsafe/fit-in/300x300/filters:fill(white)/product/03/358876/1.jpg?0424,jumia,Salon Et Sejour,2026-06-11 18:51:16,True,Entrée (<500),jumia_2713
Kitea Deux Chaises MARCELLA - Blanc / Marron,2590.0,4580.0,43.0,https://www.jumia.ma/kitea-deux-chaises-marcella-blanc-marron-67002993.html,https://ma.jumia.is/unsafe/fit-in/300x300/filters:fill(white)/product/39/920076/1.jpg?5605,jumia,Salon Et Sejour,2026-06-11 18:50:43,True,Milieu (1500-4000),jumia_2763
Canapé Gonflable avec Repose-Pieds,279.0,399.0,30.0,https://www.jumia.ma/generic-canape-gonflable-avec-repose-pieds-65928380.html,https://ma.jumia.is/unsafe/fit-in/300x300/filters:fill(white)/product/08/382956/1.jpg?9125,jumia,Salon Et Sejour,2026-06-11 18:51:08,True,Entrée (<500),jumia_2778
Kitea Fauteuil CAZAR,1895.0,4595.0,59.0,https://www.jumia.ma/kitea-fauteuil-cazar-65693467.html,https://ma.jumia.is/unsafe/fit-in/300x300/filters:fill(white)/product/76/439656/1.jpg?8046,jumia,Salon Et Sejour,2026-06-11 18:50:53,True,Milieu (1500-4000),jumia_2791
"Canapé-Lit Gonflable en forme de S avec poche , Confort, Praticité et Polyvalence",319.0,449.0,29.0,https://www.jumia.ma/generic-canape-lit-gonflable-en-forme-de-s-avec-poche-confort-praticite-et-polyvalence-67105312.html,https://ma.jumia.is/unsafe/fit-in/300x300/filters:fill(white)/product/21/350176/1.jpg?5504,jumia,Salon Et Sejour,2026-06-11 18:50:54,True,Entrée (<500),jumia_2794
Fauteuil Gris Foncé et Noir Design Moderne Scandinave Rembourrage Confortable Salon Bureau Chambre 59x84cm,1379.0,1792.7,23.0,https://www.jumia.ma/generic-fauteuil-gris-fonce-et-noir-design-moderne-scandinave-rembourrage-confortable-salon-bureau-chambre-59x84cm-67639237.html,https://ma.jumia.is/unsafe/fit-in/300x300/filters:fill(white)/product/73/293676/1.jpg?9099,jumia,Salon Et Sejour,2026-06-11 18:50:53,True,Économique (500-1500),jumia_2824
"Cliquez pour ouvrir le point de vue élargi - Canapé paresseux gonflable pliable inclinable avec pédale, canapé simple et confortable, revêtement de poils -Canapé-lit gonflable rapide avec repose-pieds, canapé pliant d'extérieur",276.0,,0.0,https://www.jumia.ma/generic-cliquez-pour-ouvrir-le-point-de-vue-elargi-canape-paresseux-gonflable-pliable-inclinable-avec-pedale-canape-simple-et-confortable-revetement-de-poils-canape-lit-gonflable-rapide-avec-repose-pieds-canape-pliant-dexterieur-66648367.html,https://ma.jumia.is/unsafe/fit-in/300x300/filters:fill(white)/product/76/384666/1.jpg?2240,jumia,Salon Et Sejour,2026-06-11 18:50:45,False,Entrée (<500),jumia_2833
Canapé artisanale non rembourrée en soie naturelle avec 5 coussins à pompoms,2299.0,3299.0,30.0,https://www.jumia.ma/generic-canape-artisanale-non-rembourree-en-soie-naturelle-avec-5-coussins-a-pompoms-67413881.html,https://ma.jumia.is/unsafe/fit-in/300x300/filters:fill(white)/product/18/831476/1.jpg?8782,jumia,Salon Et Sejour,2026-06-11 18:50:54,True,Milieu (1500-4000),jumia_2846
Kitea Deux Tabourets ARUS - Orange foncé,2798.0,3798.0,26.0,https://www.jumia.ma/kitea-deux-tabourets-arus-orange-fonce-67397138.html,https://ma.jumia.is/unsafe/fit-in/300x300/filters:fill(white)/product/83/179376/1.jpg?8329,jumia,Salon Et Sejour,2026-06-11 18:51:06,True,Milieu (1500-4000),jumia_2851
Oreiller de Grossesse Gonflable avec Trou pour Ventre – Matelas de Grossesse Full Body pour Femmes Enceintes – Coussin Maternité Anti-Douleur Dos & Hanches – Matelas Airbed Portable,607.97,851.16,29.0,https://www.jumia.ma/generic-oreiller-de-grossesse-gonflable-avec-trou-pour-ventre-matelas-de-grossesse-full-body-pour-femmes-enceintes-coussin-maternite-anti-douleur-dos-hanches-matelas-airbed-portable-67748432.html,https://ma.jumia.is/unsafe/fit-in/300x300/filters:fill(white)/product/23/484776/1.jpg?1813,jumia,Salon Et Sejour,2026-06-11 18:51:08,True,Économique (500-1500),jumia_2867
Decorat Iriq – Chaise de Salle à Manger,1350.0,1999.0,33.0,https://www.jumia.ma/decorat-iriq-chaise-de-salle-a-manger-67426233.html,https://ma.jumia.is/unsafe/fit-in/300x300/filters:fill(white)/product/33/262476/1.jpg?2495,jumia,Salon Et Sejour,2026-06-11 18:50:53,True,Économique (500-1500),jumia_2877
Chaise camping et  plage,179.0,249.0,28.0,https://www.jumia.ma/chaise-camping-et-plage-generic-mpg1391731.html,https://ma.jumia.is/unsafe/fit-in/300x300/filters:fill(white)/product/34/634763/1.jpg?7333,jumia,Salon Et Sejour,2026-06-11 18:51:06,True,Entrée (<500),jumia_2934
Kitea Quatre CHAISE RAHA - Rouge,1396.0,1596.0,13.0,https://www.jumia.ma/kitea-quatre-chaise-raha-rouge-67001651.html,https://ma.jumia.is/unsafe/fit-in/300x300/filters:fill(white)/product/15/610076/1.jpg?7546,jumia,Salon Et Sejour,2026-06-11 18:50:53,True,Économique (500-1500),jumia_2942
Kitea Deux Tabourets POL - Moutarde,3190.0,4790.0,33.0,https://www.jumia.ma/kitea-deux-tabourets-pol-moutarde-67003015.html,https://ma.jumia.is/unsafe/fit-in/300x300/filters:fill(white)/product/51/030076/1.jpg?6443,jumia,Salon Et Sejour,2026-06-11 18:50:43,True,Milieu (1500-4000),jumia_3009
Kitea Chaise ADISA - Beige,1599.0,,0.0,https://www.jumia.ma/kitea-chaise-adisa-beige-67074596.html,https://ma.jumia.is/unsafe/fit-in/300x300/filters:fill(white)/product/69/547076/1.jpg?1688,jumia,Salon Et Sejour,2026-06-11 18:51:15,False,Milieu (1500-4000),jumia_3012
Kitea Deux Chaises Rick - Gris,1998.0,2298.0,13.0,https://www.jumia.ma/kitea-deux-chaises-rick-gris-67583908.html,https://ma.jumia.is/unsafe/fit-in/300x300/filters:fill(white)/product/80/938576/1.jpg?0574,jumia,Salon Et Sejour,2026-06-11 18:51:07,True,Milieu (1500-4000),jumia_3030
canapé de sol marocain artisanale non rembourrée en laine naturelle avec 3 coussins,3599.0,,0.0,https://www.jumia.ma/generic-canape-de-sol-marocain-artisanale-non-rembourree-en-laine-naturelle-avec-3-coussins-65294586.html,https://ma.jumia.is/unsafe/fit-in/300x300/filters:fill(white)/product/68/549256/1.jpg?9725,jumia,Salon Et Sejour,2026-06-11 18:50:54,False,Milieu (1500-4000),jumia_3039
Kitea Deux Fauteuils Visiteur View - Blue,1398.0,3198.0,56.0,https://www.jumia.ma/kitea-deux-fauteuils-visiteur-view-blue-67678475.html,https://ma.jumia.is/unsafe/fit-in/300x300/filters:fill(white)/product/57/487676/1.jpg?2916,jumia,Salon Et Sejour,2026-06-11 18:51:07,True,Économique (500-1500),jumia_3090
Chaise Design Scandinave Noir/Naturel Confortable et Moderne 48x84cm Polypropylène Bois de Caoutchouc Robuste,845.0,1098.5,23.0,https://www.jumia.ma/generic-chaise-design-scandinave-noirnaturel-confortable-et-moderne-48x84cm-polypropylene-bois-de-caoutchouc-robuste-67639364.html,https://ma.jumia.is/unsafe/fit-in/300x300/filters:fill(white)/product/46/393676/1.jpg?2807,jumia,Salon Et Sejour,2026-06-11 18:50:53,True,Économique (500-1500),jumia_3114
Kitea Deux Chaises ARUS - Bleu Foncé,2198.0,2798.0,21.0,https://www.jumia.ma/kitea-deux-chaises-arus-bleu-fonce-67405318.html,https://ma.jumia.is/unsafe/fit-in/300x300/filters:fill(white)/product/81/350476/1.jpg?0419,jumia,Salon Et Sejour,2026-06-11 18:51:07,True,Milieu (1500-4000),jumia_3125
Pouf Design 65x65cm Velours Côtelé Sable Foncé Confortable Décoratif Salon Chambre Style Moderne Tendance,1439.0,1870.7,23.0,https://www.jumia.ma/generic-pouf-design-65x65cm-velours-cotele-sable-fonce-confortable-decoratif-salon-chambre-style-moderne-tendance-67639363.html,https://ma.jumia.is/unsafe/fit-in/300x300/filters:fill(white)/product/36/393676/1.jpg?2806,jumia,Salon Et Sejour,2026-06-11 18:50:53,True,Économique (500-1500),jumia_3139
Kitea Canapé 3 Places PONZA - Gris,3995.0,5595.0,29.0,https://www.jumia.ma/kitea-canape-3-places-ponza-gris-66026214.html,https://ma.jumia.is/unsafe/fit-in/300x300/filters:fill(white)/product/41/262066/1.jpg?3366,jumia,Salon Et Sejour,2026-06-11 18:50:54,True,Milieu (1500-4000),jumia_3161
Fauteuil Chillout - Vaking,350.0,450.0,22.0,https://www.jumia.ma/generic-fauteuil-chillout-vaking-64560360.html,https://ma.jumia.is/unsafe/fit-in/300x300/filters:fill(white)/product/06/306546/1.jpg?2046,jumia,Salon Et Sejour,2026-06-11 18:51:06,True,Entrée (<500),jumia_3183
Kitea Canapé d'angle Fiori réversible,5495.0,6995.0,21.0,https://www.jumia.ma/kitea-canape-dangle-fiori-reversible-67434094.html,https://ma.jumia.is/unsafe/fit-in/300x300/filters:fill(white)/product/49/043476/1.jpg?6796,jumia,Salon Et Sejour,2026-06-11 18:50:43,True,Premium (4000-10k),jumia_3189
Kitea Canapé-Lit MERY - Noir / Rouge,2495.0,2995.0,17.0,https://www.jumia.ma/kitea-canape-lit-mery-noir-rouge-65692916.html,https://ma.jumia.is/unsafe/fit-in/300x300/filters:fill(white)/product/61/929656/1.jpg?8665,jumia,Salon Et Sejour,2026-06-11 18:50:54,True,Milieu (1500-4000),jumia_3193
Pouf Coffre Rangement Pliable Velours Sable Foncé 38x38cm Multifonctionnel Confortable Design Élégant,279.0,362.7,23.0,https://www.jumia.ma/generic-pouf-coffre-rangement-pliable-velours-sable-fonce-38x38cm-multifonctionnel-confortable-design-elegant-67639366.html,https://ma.jumia.is/unsafe/fit-in/300x300/filters:fill(white)/product/66/393676/1.jpg?2810,jumia,Salon Et Sejour,2026-06-11 18:50:53,True,Entrée (<500),jumia_3239
Kitea Fauteuil ALBA - Vert,1995.0,3295.0,40.0,https://www.jumia.ma/kitea-fauteuil-alba-vert-63344422.html,https://ma.jumia.is/unsafe/fit-in/300x300/filters:fill(white)/product/22/444336/1.jpg?9905,jumia,Salon Et Sejour,2026-06-11 18:50:43,True,Milieu (1500-4000),jumia_3281
Kitea Fauteuil À Bascule EMILIA - Gris Clair,1595.0,3595.0,56.0,https://www.jumia.ma/kitea-fauteuil-a-bascule-emilia-gris-clair-63343387.html,https://ma.jumia.is/unsafe/fit-in/300x300/filters:fill(white)/product/78/334336/1.jpg?9715,jumia,Salon Et Sejour,2026-06-11 18:50:43,True,Milieu (1500-4000),jumia_3288
Chaise gonflable de enfants pour Intérieur et extérieur,189.0,299.0,37.0,https://www.jumia.ma/generic-chaise-gonflable-de-enfants-pour-interieur-et-exterieur-67142361.html,https://ma.jumia.is/unsafe/fit-in/300x300/filters:fill(white)/product/16/324176/1.jpg?8569,jumia,Salon Et Sejour,2026-06-11 18:50:43,True,Entrée (<500),jumia_3295
Bestway  Chaise Gonflable Leisure Luxe,899.0,,0.0,https://www.jumia.ma/bestway-chaise-gonflable-leisure-luxe-67116260.html,https://ma.jumia.is/unsafe/fit-in/300x300/filters:fill(white)/product/06/261176/1.jpg?8184,jumia,Salon Et Sejour,2026-06-11 18:50:53,False,Économique (500-1500),jumia_3308
Kitea Deux Chaises LIONTE - Gris,4518.0,5798.0,22.0,https://www.jumia.ma/kitea-deux-chaises-lionte-gris-65961100.html,https://ma.jumia.is/unsafe/fit-in/300x300/filters:fill(white)/product/00/116956/1.jpg?1110,jumia,Salon Et Sejour,2026-06-11 18:50:44,True,Premium (4000-10k),jumia_3332
Kitea Canapé-Lit LUCA - Noir,2995.0,4995.0,40.0,https://www.jumia.ma/kitea-canape-lit-luca-noir-66410262.html,https://ma.jumia.is/unsafe/fit-in/300x300/filters:fill(white)/product/26/201466/1.jpg?5984,jumia,Salon Et Sejour,2026-06-11 18:50:45,True,Milieu (1500-4000),jumia_3365
MAISON GOOD AND WELL Canapé Boreal Terracotta - 100% mousse haute densité compressée,5700.0,,0.0,https://www.jumia.ma/maison-good-and-well-canape-boreal-terracotta-100-mousse-haute-densite-compressee-67844508.html,https://ma.jumia.is/unsafe/fit-in/300x300/filters:fill(white)/product/80/544876/1.jpg?8789,jumia,Salon Et Sejour,2026-06-11 18:50:54,False,Premium (4000-10k),jumia_3377
Kitea Quatre CHAISE RAHA - Taupe,1396.0,1596.0,13.0,https://www.jumia.ma/kitea-quatre-chaise-raha-taupe-67001654.html,https://ma.jumia.is/unsafe/fit-in/300x300/filters:fill(white)/product/45/610076/1.jpg?7546,jumia,Salon Et Sejour,2026-06-11 18:51:06,True,Économique (500-1500),jumia_3386
"Chaise Longue Gonflable Deluxe - Fauteuil de Relaxation Ergonomique - Design Moderne en Flocage Douceur Premium - Idéal pour Salon, Lecture et Détente Extérieure",599.0,1000.0,40.0,https://www.jumia.ma/generic-chaise-longue-gonflable-deluxe-fauteuil-de-relaxation-ergonomique-design-moderne-en-flocage-douceur-premium-ideal-pour-salon-lecture-et-detente-exterieure-67760254.html,https://ma.jumia.is/unsafe/fit-in/300x300/filters:fill(white)/product/45/206776/1.jpg?4266,jumia,Salon Et Sejour,2026-06-11 18:51:08,True,Économique (500-1500),jumia_3406
Kitea Deux Chaises Rick - Jaune,1998.0,2598.0,23.0,https://www.jumia.ma/kitea-deux-chaises-rick-jaune-67589640.html,https://ma.jumia.is/unsafe/fit-in/300x300/filters:fill(white)/product/04/698576/1.jpg?1319,jumia,Salon Et Sejour,2026-06-11 18:50:53,True,Milieu (1500-4000),jumia_3410
Fauteuil Gonflable Relax avec Repose-Pieds – Canapé Portable pour Chambre et Salon,499.0,750.0,34.0,https://www.jumia.ma/generic-fauteuil-gonflable-relax-avec-repose-pieds-canape-portable-pour-chambre-et-salon-67874430.html,https://ma.jumia.is/unsafe/fit-in/300x300/filters:fill(white)/product/03/447876/1.jpg?6248,jumia,Salon Et Sejour,2026-06-11 18:51:08,True,Entrée (<500),jumia_3417
Fauteuil Pouf gonflable moderne et confortable Dessin Graffiti Beige + Sticker,239.0,,0.0,https://www.jumia.ma/generic-fauteuil-pouf-gonflable-moderne-et-confortable-dessin-graffiti-beige-sticker-67743721.html,https://ma.jumia.is/unsafe/fit-in/300x300/filters:fill(white)/product/12/734776/1.jpg?6886,jumia,Salon Et Sejour,2026-06-11 18:50:54,False,Entrée (<500),jumia_3444
canapé artisanale non rembourrée en laine naturelle avec 3 coussins,1799.0,3599.0,50.0,https://www.jumia.ma/generic-canape-artisanale-non-rembourree-en-laine-naturelle-avec-3-coussins-66988372.html,https://ma.jumia.is/unsafe/fit-in/300x300/filters:fill(white)/product/27/388966/1.jpg?6102,jumia,Salon Et Sejour,2026-06-11 18:50:54,True,Milieu (1500-4000),jumia_3449
Portable Air Flocage Gonflable Paresseux Canapé Lit Set Pied Coussin Meubles,279.0,450.0,38.0,https://www.jumia.ma/generic-portable-air-flocage-gonflable-paresseux-canape-lit-set-pied-coussin-meubles-62269745.html,https://ma.jumia.is/unsafe/fit-in/300x300/filters:fill(white)/product/54/796226/1.jpg?6887,jumia,Salon Et Sejour,2026-06-11 18:51:08,True,Entrée (<500),jumia_3510
Kitea Fauteuil ALBA - Rose,1995.0,3295.0,40.0,https://www.jumia.ma/kitea-fauteuil-alba-rose-63343304.html,https://ma.jumia.is/unsafe/fit-in/300x300/filters:fill(white)/product/40/334336/1.jpg?9732,jumia,Salon Et Sejour,2026-06-11 18:50:53,True,Milieu (1500-4000),jumia_3548
Kitea Deux chaises DARA - Gris,3380.0,3998.0,16.0,https://www.jumia.ma/kitea-deux-chaises-dara-gris-67396045.html,https://ma.jumia.is/unsafe/fit-in/300x300/filters:fill(white)/product/54/069376/1.jpg?9380,jumia,Salon Et Sejour,2026-06-11 18:51:06,True,Milieu (1500-4000),jumia_3552
Canapé artisanale non rembourrée en laine naturelle avec 3 coussins,2299.0,3299.0,30.0,https://www.jumia.ma/generic-canape-artisanale-non-rembourree-en-laine-naturelle-avec-3-coussins-67388061.html,https://ma.jumia.is/unsafe/fit-in/300x300/filters:fill(white)/product/16/088376/1.jpg?1869,jumia,Salon Et Sejour,2026-06-11 18:51:08,True,Milieu (1500-4000),jumia_3565
Sofa gonflable,299.0,539.0,45.0,https://www.jumia.ma/sofa-gonflable-generic-mpg1098040.html,https://ma.jumia.is/unsafe/fit-in/300x300/filters:fill(white)/product/67/122624/1.jpg?1600,jumia,Salon Et Sejour,2026-06-11 18:50:43,True,Entrée (<500),jumia_3576
Chaise Design Avec Accoudoirs Blanc Cassé et Noir Rembourrée Confortable Salon Bureau 59x84cm Style Moderne,1379.0,1792.7,23.0,https://www.jumia.ma/generic-chaise-design-avec-accoudoirs-blanc-casse-et-noir-rembourree-confortable-salon-bureau-59x84cm-style-moderne-67639242.html,https://ma.jumia.is/unsafe/fit-in/300x300/filters:fill(white)/product/24/293676/1.jpg?9105,jumia,Salon Et Sejour,2026-06-11 18:50:53,True,Économique (500-1500),jumia_3654
"Fauteuil Gonflable avec Repose-Pieds – Chaise de Détente pour Intérieur & Extérieur – Confort Idéal Maison, Jardin, Piscine, Plage",466.2,777.0,40.0,https://www.jumia.ma/generic-fauteuil-gonflable-avec-repose-pieds-chaise-de-detente-pour-interieur-exterieur-confort-ideal-maison-jardin-piscine-plage-67261484.html,https://ma.jumia.is/unsafe/fit-in/300x300/filters:fill(white)/product/48/416276/1.jpg?9570,jumia,Salon Et Sejour,2026-06-11 18:51:08,True,Entrée (<500),jumia_3692
Kitea Canapé Lit LATIKA Avec 2 Coussins Et Coffre - Gris Foncé,4595.0,5995.0,23.0,https://www.jumia.ma/kitea-canape-lit-latika-avec-2-coussins-et-coffre-gris-fonce-65973951.html,https://ma.jumia.is/unsafe/fit-in/300x300/filters:fill(white)/product/15/937956/1.jpg?3066,jumia,Salon Et Sejour,2026-06-11 18:50:45,True,Premium (4000-10k),jumia_3695
Fauteuil Design Scandinave Velours Gris Naturel Confortable Accoudoirs Bois Massif Salon Salle à Manger 59x82cm,1379.0,1792.7,23.0,https://www.jumia.ma/generic-fauteuil-design-scandinave-velours-gris-naturel-confortable-accoudoirs-bois-massif-salon-salle-a-manger-59x82cm-67639233.html,https://ma.jumia.is/unsafe/fit-in/300x300/filters:fill(white)/product/33/293676/1.jpg?9095,jumia,Salon Et Sejour,2026-06-11 18:50:53,True,Économique (500-1500),jumia_3697
Dansmamaison.ma ALBERTO Fauteuil de bureau,1801.0,2500.0,28.0,https://www.jumia.ma/dansmamaison.ma-alberto-fauteuil-de-bureau-64797094.html,https://ma.jumia.is/unsafe/fit-in/300x300/filters:fill(white)/product/49/079746/1.jpg?7470,jumia,Salon Et Sejour,2026-06-11 18:50:43,True,Milieu (1500-4000),jumia_3708
Kitea Deux Chaises DARA – Moutarde,3380.0,3998.0,16.0,https://www.jumia.ma/kitea-deux-chaises-dara-moutarde-67396071.html,https://ma.jumia.is/unsafe/fit-in/300x300/filters:fill(white)/product/17/069376/1.jpg?9776,jumia,Salon Et Sejour,2026-06-11 18:51:07,True,Milieu (1500-4000),jumia_3717
chaise est entièrement fabriquée en polypropylène,499.0,749.0,33.0,https://www.jumia.ma/generic-chaise-est-entierement-fabriquee-en-polypropylene-67418628.html,https://ma.jumia.is/unsafe/fit-in/300x300/filters:fill(white)/product/82/681476/1.jpg?6816,jumia,Salon Et Sejour,2026-06-11 18:51:06,True,Entrée (<500),jumia_3761
Fauteuils Canapé Gonflable Professionel Pliable Deux Pièces Meuble De Salon (Marron),279.0,450.0,38.0,https://www.jumia.ma/generic-fauteuils-canape-gonflable-professionel-pliable-deux-pieces-meuble-de-salon-marron-65981564.html,https://ma.jumia.is/unsafe/fit-in/300x300/filters:fill(white)/product/46/518956/1.jpg?4347,jumia,Salon Et Sejour,2026-06-11 18:50:53,True,Entrée (<500),jumia_3774
Ensemble fauteuil + pouf gonflables avec dossier confortable et repose-pieds Matelas & Sommiers,279.0,660.0,58.0,https://www.jumia.ma/generic-ensemble-fauteuil-pouf-gonflables-avec-dossier-confortable-et-repose-pieds-matelas-sommiers-66295470.html,https://ma.jumia.is/unsafe/fit-in/300x300/filters:fill(white)/product/07/459266/1.jpg?5641,jumia,Salon Et Sejour,2026-06-11 18:50:53,True,Entrée (<500),jumia_3824
Kitea Deux Tabourets ARUS -  Bleu,2798.0,3798.0,26.0,https://www.jumia.ma/kitea-deux-tabourets-arus-bleu-66998453.html,https://ma.jumia.is/unsafe/fit-in/300x300/filters:fill(white)/product/35/489966/1.jpg?7864,jumia,Salon Et Sejour,2026-06-11 18:51:15,True,Milieu (1500-4000),jumia_3853
Kitea Deux Tabourets POL - Gris clair,3190.0,4790.0,33.0,https://www.jumia.ma/kitea-deux-tabourets-pol-gris-clair-67003020.html,https://ma.jumia.is/unsafe/fit-in/300x300/filters:fill(white)/product/02/030076/1.jpg?6744,jumia,Salon Et Sejour,2026-06-11 18:50:53,True,Milieu (1500-4000),jumia_3857
Kitea Deux Tabourets POL - Corail,3190.0,4790.0,33.0,https://www.jumia.ma/kitea-deux-tabourets-pol-corail-67003023.html,https://ma.jumia.is/unsafe/fit-in/300x300/filters:fill(white)/product/32/030076/1.jpg?7044,jumia,Salon Et Sejour,2026-06-11 18:51:07,True,Milieu (1500-4000),jumia_3870
Kitea Deux Chaises KIMMY - Noir,1998.0,,0.0,https://www.jumia.ma/kitea-deux-chaises-kimmy-noir-67397376.html,https://ma.jumia.is/unsafe/fit-in/300x300/filters:fill(white)/product/67/379376/1.jpg?9111,jumia,Salon Et Sejour,2026-06-11 18:50:44,False,Milieu (1500-4000),jumia_3873
MAISON GOOD AND WELL Canapé Boreal bleu - 100% mousse haute densité compressée,5700.0,,0.0,https://www.jumia.ma/maison-good-and-well-canape-boreal-bleu-100-mousse-haute-densite-compressee-67843432.html,https://ma.jumia.is/unsafe/fit-in/300x300/filters:fill(white)/product/23/434876/1.jpg?5849,jumia,Salon Et Sejour,2026-06-11 18:50:45,False,Premium (4000-10k),jumia_3882
Kitea Canapé-Lit New Fiji + Coffre Et 2 Coussins - Gris,2495.0,3595.0,31.0,https://www.jumia.ma/kitea-canape-lit-new-fiji-coffre-et-2-coussins-gris-67524082.html,https://ma.jumia.is/unsafe/fit-in/300x300/filters:fill(white)/product/28/042576/1.jpg?9900,jumia,Salon Et Sejour,2026-06-11 18:50:45,True,Milieu (1500-4000),jumia_3902
Kitea CANAPE-LIT HYGGE - Bleu Marine,2895.0,4995.0,42.0,https://www.jumia.ma/kitea-canape-lit-hygge-bleu-marine-67400319.html,https://ma.jumia.is/unsafe/fit-in/300x300/filters:fill(white)/product/91/300476/1.jpg?7945,jumia,Salon Et Sejour,2026-06-11 18:50:45,True,Milieu (1500-4000),jumia_3987
Kitea Fauteuil DONNA - Jaune,1995.0,3995.0,50.0,https://www.jumia.ma/kitea-fauteuil-donna-jaune-66241553.html,https://ma.jumia.is/unsafe/fit-in/300x300/filters:fill(white)/product/35/514266/1.jpg?4253,jumia,Salon Et Sejour,2026-06-11 18:50:43,True,Milieu (1500-4000),jumia_4011
Kitea Deux Chaises MOJO - Gris Foncé,2390.0,3998.0,40.0,https://www.jumia.ma/kitea-deux-chaises-mojo-gris-fonce-67395666.html,https://ma.jumia.is/unsafe/fit-in/300x300/filters:fill(white)/product/66/659376/1.jpg?1064,jumia,Salon Et Sejour,2026-06-11 18:50:53,True,Milieu (1500-4000),jumia_4039
Kitea Canapé-Lit MERY- - Marron / Moutarde,2495.0,2995.0,17.0,https://www.jumia.ma/kitea-canape-lit-mery-marron-moutarde-65692834.html,https://ma.jumia.is/unsafe/fit-in/300x300/filters:fill(white)/product/43/829656/1.jpg?7466,jumia,Salon Et Sejour,2026-06-11 18:50:45,True,Milieu (1500-4000),jumia_4047
Kitea Chaise DEMINA - Bleu,2396.0,3196.0,25.0,https://www.jumia.ma/kitea-chaise-demina-bleu-65627015.html,https://ma.jumia.is/unsafe/fit-in/300x300/filters:fill(white)/product/51/072656/1.jpg?9862,jumia,Salon Et Sejour,2026-06-11 18:51:07,True,Milieu (1500-4000),jumia_4073
Dansmamaison.ma BABETH Fauteuil d'appoint - Jaune,2371.0,3450.0,31.0,https://www.jumia.ma/dansmamaison.ma-babeth-fauteuil-dappoint-jaune-67302064.html,https://ma.jumia.is/unsafe/fit-in/300x300/filters:fill(white)/product/46/020376/1.jpg?7307,jumia,Salon Et Sejour,2026-06-11 18:50:53,True,Milieu (1500-4000),jumia_4091
Chaise Sable/Chêne Naturel Scandinave Confortable 45x88cm Design Moderne Élégant pour Salle à Manger Salon,845.0,1098.5,23.0,https://www.jumia.ma/generic-chaise-sablechene-naturel-scandinave-confortable-45x88cm-design-moderne-elegant-pour-salle-a-manger-salon-67639232.html,https://ma.jumia.is/unsafe/fit-in/300x300/filters:fill(white)/product/23/293676/1.jpg?9094,jumia,Salon Et Sejour,2026-06-11 18:50:53,True,Économique (500-1500),jumia_4127
Kitea Deux Chaises MOJO - Gris,2790.0,3998.0,30.0,https://www.jumia.ma/kitea-deux-chaises-mojo-gris-67395642.html,https://ma.jumia.is/unsafe/fit-in/300x300/filters:fill(white)/product/24/659376/1.jpg?9984,jumia,Salon Et Sejour,2026-06-11 18:50:44,True,Milieu (1500-4000),jumia_4132
MAISON GOOD AND WELL Canapé Elegance marron foncé - 100% mousse haute densité compressée,5700.0,,0.0,https://www.jumia.ma/maison-good-and-well-canape-elegance-marron-fonce-100-mousse-haute-densite-compressee-67844199.html,https://ma.jumia.is/unsafe/fit-in/300x300/filters:fill(white)/product/99/144876/1.jpg?8932,jumia,Salon Et Sejour,2026-06-11 18:50:45,False,Premium (4000-10k),jumia_4152
Kitea Fauteuil MABELLE - Violet,3795.0,6995.0,46.0,https://www.jumia.ma/kitea-fauteuil-mabelle-violet-66026212.html,https://ma.jumia.is/unsafe/fit-in/300x300/filters:fill(white)/product/21/262066/1.jpg?3065,jumia,Salon Et Sejour,2026-06-11 18:50:54,True,Milieu (1500-4000),jumia_4163
Kitea Deux Chaises MOJO - Blanc / Marron,1990.0,3198.0,38.0,https://www.jumia.ma/kitea-deux-chaises-mojo-blanc-marron-67395655.html,https://ma.jumia.is/unsafe/fit-in/300x300/filters:fill(white)/product/55/659376/1.jpg?0509,jumia,Salon Et Sejour,2026-06-11 18:50:44,True,Milieu (1500-4000),jumia_4166
"Decorat Balaso, Chaise Suspendue Rotin",4000.0,,0.0,https://www.jumia.ma/decorat-balaso-chaise-suspendue-rotin-67426234.html,https://ma.jumia.is/unsafe/fit-in/300x300/filters:fill(white)/product/43/262476/1.jpg?2496,jumia,Salon Et Sejour,2026-06-11 18:50:43,False,Milieu (1500-4000),jumia_4195
Chaise de plage Bleu,399.0,,0.0,https://www.jumia.ma/chaise-de-plage-bleu-generic-mpg883766.html,https://ma.jumia.is/unsafe/fit-in/300x300/filters:fill(white)/product/09/595163/1.jpg?2268,jumia,Salon Et Sejour,2026-06-11 18:51:06,False,Entrée (<500),jumia_4202
Chaises & fauteuils Ensemble fauteuil + pouf gonflables Ultra Lounge,249.0,600.0,59.0,https://www.jumia.ma/generic-chaises-fauteuils-ensemble-fauteuil-pouf-gonflables-ultra-lounge-66295532.html,https://ma.jumia.is/unsafe/fit-in/300x300/filters:fill(white)/product/23/559266/1.jpg?5634,jumia,Salon Et Sejour,2026-06-11 18:50:43,True,Entrée (<500),jumia_4227
Kitea Fauteuil CHLOE Avec Fonction Lit - Marron,1695.0,4595.0,63.0,https://www.jumia.ma/kitea-fauteuil-chloe-avec-fonction-lit-marron-66409310.html,https://ma.jumia.is/unsafe/fit-in/300x300/filters:fill(white)/product/01/390466/1.jpg?1505,jumia,Salon Et Sejour,2026-06-11 18:50:43,True,Milieu (1500-4000),jumia_4240
Kitea Fauteuil CHLOE Avec Fonction Lit - Gris Foncé,1695.0,4595.0,63.0,https://www.jumia.ma/kitea-fauteuil-chloe-avec-fonction-lit-gris-fonce-66409291.html,https://ma.jumia.is/unsafe/fit-in/300x300/filters:fill(white)/product/19/290466/1.jpg?1505,jumia,Salon Et Sejour,2026-06-11 18:50:53,True,Milieu (1500-4000),jumia_4284
MAISON GOOD AND WELL Canapé Boreal Gris clair - 100% mousse haute densité compressée,5700.0,,0.0,https://www.jumia.ma/maison-good-and-well-canape-boreal-gris-clair-100-mousse-haute-densite-compressee-67844128.html,https://ma.jumia.is/unsafe/fit-in/300x300/filters:fill(white)/product/82/144876/1.jpg?6876,jumia,Salon Et Sejour,2026-06-11 18:50:45,False,Premium (4000-10k),jumia_4300
Kitea Quatre chaise  RAHA - Blanc,1396.0,1596.0,13.0,https://www.jumia.ma/kitea-quatre-chaise-raha-blanc-67001450.html,https://ma.jumia.is/unsafe/fit-in/300x300/filters:fill(white)/product/05/410076/1.jpg?5647,jumia,Salon Et Sejour,2026-06-11 18:50:53,True,Économique (500-1500),jumia_4310
Fauteuil Pouf gonflable moderne et confortable Dessin Graffiti Pink + Sticker,239.0,,0.0,https://www.jumia.ma/generic-fauteuil-pouf-gonflable-moderne-et-confortable-dessin-graffiti-pink-sticker-67743727.html,https://ma.jumia.is/unsafe/fit-in/300x300/filters:fill(white)/product/72/734776/1.jpg?7056,jumia,Salon Et Sejour,2026-06-11 18:50:54,False,Entrée (<500),jumia_4318
"Canapé-lit gonflable rapide avec repose-pieds, canapé pliant d'extérieur",299.0,339.0,12.0,https://www.jumia.ma/generic-canape-lit-gonflable-rapide-avec-repose-pieds-canape-pliant-dexterieur-66295394.html,https://ma.jumia.is/unsafe/fit-in/300x300/filters:fill(white)/product/49/359266/1.jpg?5647,jumia,Salon Et Sejour,2026-06-11 18:51:08,True,Entrée (<500),jumia_4326
Fauteuil Gonflable Premium avec Repose-Pieds – Transformez Chaque Instant en Moment de Luxe et de Détente,862.16,,0.0,https://www.jumia.ma/fauteuil-gonflable-premium-avec-repose-pieds-transformez-chaque-instant-en-moment-de-luxe-et-de-detente-generic-mpg1598918.html,https://ma.jumia.is/unsafe/fit-in/300x300/filters:fill(white)/product/92/788776/1.jpg?6468,jumia,Salon Et Sejour,2026-06-11 18:51:16,False,Économique (500-1500),jumia_4356
Kitea Deux Fauteuil Guest Line PU - Noir,4398.0,,0.0,https://www.jumia.ma/kitea-deux-fauteuil-guest-line-pu-noir-67678487.html,https://ma.jumia.is/unsafe/fit-in/300x300/filters:fill(white)/product/78/487676/1.jpg?3246,jumia,Salon Et Sejour,2026-06-11 18:50:53,False,Premium (4000-10k),jumia_4382
Kitea Chaise ADISA - Marron,1295.0,,0.0,https://www.jumia.ma/kitea-chaise-adisa-marron-67390951.html,https://ma.jumia.is/unsafe/fit-in/300x300/filters:fill(white)/product/15/909376/1.jpg?6994,jumia,Salon Et Sejour,2026-06-11 18:51:07,False,Économique (500-1500),jumia_4395
Kitea Deux Chaise Karla - Beige,1790.0,2658.0,33.0,https://www.jumia.ma/kitea-deux-chaise-karla-beige-67678264.html,https://ma.jumia.is/unsafe/fit-in/300x300/filters:fill(white)/product/46/287676/1.jpg?7425,jumia,Salon Et Sejour,2026-06-11 18:51:07,True,Milieu (1500-4000),jumia_4413
Chaise Velours Gris/Noir Scandinave Rembourrée Confortable 52x84x54cm Design Moderne Élégant Durable,965.0,1254.5,23.0,https://www.jumia.ma/generic-chaise-velours-grisnoir-scandinave-rembourree-confortable-52x84x54cm-design-moderne-elegant-durable-67639234.html,https://ma.jumia.is/unsafe/fit-in/300x300/filters:fill(white)/product/43/293676/1.jpg?9096,jumia,Salon Et Sejour,2026-06-11 18:51:06,True,Économique (500-1500),jumia_4418
Dansmamaison.ma NADI Fauteuil avec accoudoirs - Jaune,946.0,2300.0,59.0,https://www.jumia.ma/dansmamaison.ma-nadi-fauteuil-avec-accoudoirs-jaune-64797083.html,https://ma.jumia.is/unsafe/fit-in/300x300/filters:fill(white)/product/38/079746/1.jpg?7460,jumia,Salon Et Sejour,2026-06-11 18:50:43,True,Économique (500-1500),jumia_4471
Ensemble de 2 Poufs Artisanal Marocain en Cuir Véritable Fait Main (Noir),649.0,999.0,35.0,https://www.jumia.ma/generic-ensemble-de-2-poufs-artisanal-marocain-en-cuir-veritable-fait-main-noir-31730577.html,https://ma.jumia.is/unsafe/fit-in/300x300/filters:fill(white)/product/77/503713/1.jpg?2733,jumia,Salon Et Sejour,2026-06-11 18:50:53,True,Économique (500-1500),jumia_4481
"Oreiller de Grossesse Gonflable avec Trou – Matelas Maternité Confortable pour Dormeuses sur le Ventre, Coussin Corps Relaxant et Portable pour Femmes Enceintes",319.0,499.0,36.0,https://www.jumia.ma/generic-oreiller-de-grossesse-gonflable-avec-trou-matelas-maternite-confortable-pour-dormeuses-sur-le-ventre-coussin-corps-relaxant-et-portable-pour-femmes-enceintes-67707339.html,https://ma.jumia.is/unsafe/fit-in/300x300/filters:fill(white)/product/93/370776/1.jpg?9754,jumia,Salon Et Sejour,2026-06-11 18:50:54,True,Entrée (<500),jumia_4501
Bestway Pouf Chaise Siege Gonflable Turquoise Fauteuil Gonflable,199.0,350.0,43.0,https://www.jumia.ma/pouf-chaise-siege-gonflable-turquoise-fauteuil-gonflable-bestway-mpg913555.html,https://ma.jumia.is/unsafe/fit-in/300x300/filters:fill(white)/product/03/748283/1.jpg?2464,jumia,Salon Et Sejour,2026-06-11 18:50:53,True,Entrée (<500),jumia_4505
"Canapé paresseux gonflable, chaise pliable floquée en PVC avec ensemble de chaises longues à enfiler pour déjeuner",229.0,420.0,46.0,https://www.jumia.ma/generic-canape-paresseux-gonflable-chaise-pliable-floquee-en-pvc-avec-ensemble-de-chaises-longues-a-enfiler-pour-dejeuner-67207896.html,https://ma.jumia.is/unsafe/fit-in/300x300/filters:fill(white)/product/69/870276/1.jpg?6495,jumia,Salon Et Sejour,2026-06-11 18:50:45,True,Entrée (<500),jumia_4596
"Matelas de Grossesse Gonflable avec Ouverture Ventre et Tête – Coussin de Grossesse pour Dormir sur le Ventre, Soulagement Douleurs Dos et Hanches, Matelas Portable pour Relaxation, Massage Prénatal, Maison et Voyage",319.0,599.0,47.0,https://www.jumia.ma/generic-matelas-de-grossesse-gonflable-avec-ouverture-ventre-et-tete-coussin-de-grossesse-pour-dormir-sur-le-ventre-soulagement-douleurs-dos-et-hanches-matelas-portable-pour-relaxation-massage-prenatal-maison-et-voyage-67674875.html,https://ma.jumia.is/unsafe/fit-in/300x300/filters:fill(white)/product/57/847676/1.jpg?1893,jumia,Salon Et Sejour,2026-06-11 18:50:45,True,Entrée (<500),jumia_4602
Kitea DEUX TABOURET OWEN – Noir,1490.0,2798.0,47.0,https://www.jumia.ma/kitea-deux-tabouret-owen-noir-67397267.html,https://ma.jumia.is/unsafe/fit-in/300x300/filters:fill(white)/product/76/279376/1.jpg?4360,jumia,Salon Et Sejour,2026-06-11 18:51:06,True,Économique (500-1500),jumia_4604
Kitea Deux Tabourets ARUS - Noir,2798.0,3798.0,26.0,https://www.jumia.ma/kitea-deux-tabourets-arus-noir-66998447.html,https://ma.jumia.is/unsafe/fit-in/300x300/filters:fill(white)/product/74/489966/1.jpg?7564,jumia,Salon Et Sejour,2026-06-11 18:51:15,True,Milieu (1500-4000),jumia_4617
Chaise Design Scandinave Bleu Clair et Chêne Naturel Rembourrée Confortable Salon Salle à Manger Moderne 88cm,665.0,864.5,23.0,https://www.jumia.ma/generic-chaise-design-scandinave-bleu-clair-et-chene-naturel-rembourree-confortable-salon-salle-a-manger-moderne-88cm-67639238.html,https://ma.jumia.is/unsafe/fit-in/300x300/filters:fill(white)/product/83/293676/1.jpg?9101,jumia,Salon Et Sejour,2026-06-11 18:50:43,True,Économique (500-1500),jumia_4626
Kitea Chaise DEMINA - Gris Foncé,2396.0,3196.0,25.0,https://www.jumia.ma/kitea-chaise-demina-gris-fonce-65636895.html,https://ma.jumia.is/unsafe/fit-in/300x300/filters:fill(white)/product/59/863656/1.jpg?9882,jumia,Salon Et Sejour,2026-06-11 18:51:15,True,Milieu (1500-4000),jumia_4644
Chaise Similicuir Cognac/Chêne Naturel Scandinave Confortable 44x87cm Design Moderne Élégant Robuste Durable,719.0,934.7,23.0,https://www.jumia.ma/generic-chaise-similicuir-cognacchene-naturel-scandinave-confortable-44x87cm-design-moderne-elegant-robuste-durable-67639358.html,https://ma.jumia.is/unsafe/fit-in/300x300/filters:fill(white)/product/85/393676/1.jpg?2802,jumia,Salon Et Sejour,2026-06-11 18:50:43,True,Économique (500-1500),jumia_4664
Bestway CHAISE LONGUE GONFLABLE PORTABLE FRUIT KIDDIE,170.0,,0.0,https://www.jumia.ma/bestway-chaise-longue-gonflable-portable-fruit-kiddie-41716122.html,https://ma.jumia.is/unsafe/fit-in/300x300/filters:fill(white)/product/22/161714/1.jpg?4187,jumia,Salon Et Sejour,2026-06-11 18:50:43,False,Entrée (<500),jumia_4671
Pouffy Fauteuil Gonflable avec Pouf Repose-pieds -  avec Pompe à Air,445.0,,0.0,https://www.jumia.ma/pouffy-fauteuil-gonflable-avec-pouf-repose-pieds-avec-pompe-a-air-65604959.html,https://ma.jumia.is/unsafe/fit-in/300x300/filters:fill(white)/product/95/940656/1.jpg?6885,jumia,Salon Et Sejour,2026-06-11 18:50:54,False,Entrée (<500),jumia_4677
Pouf Artisanal Marocain en Faux Cuir Fait Main - Coussin de Sol (Doré),329.0,349.5,6.0,https://www.jumia.ma/generic-pouf-artisanal-marocain-en-faux-cuir-fait-main-coussin-de-sol-dore-30969805.html,https://ma.jumia.is/unsafe/fit-in/300x300/filters:fill(white)/product/50/896903/1.jpg?4627,jumia,Salon Et Sejour,2026-06-11 18:50:43,True,Entrée (<500),jumia_4700
Kitea Chaise ADISA - Gris,1599.0,,0.0,https://www.jumia.ma/kitea-chaise-adisa-gris-67073675.html,https://ma.jumia.is/unsafe/fit-in/300x300/filters:fill(white)/product/57/637076/1.jpg?4943,jumia,Salon Et Sejour,2026-06-11 18:51:15,False,Milieu (1500-4000),jumia_4761
Siège de plage Chaise de camping Fauteuil Munie d'un porte-gobelet Noir,164.9,249.0,34.0,https://www.jumia.ma/generic-siege-de-plage-chaise-de-camping-fauteuil-munie-dun-porte-gobelet-noir-28017121.html,https://ma.jumia.is/unsafe/fit-in/300x300/filters:fill(white)/product/12/171082/1.jpg?8412,jumia,Salon Et Sejour,2026-06-11 18:50:43,True,Entrée (<500),jumia_4789
Kitea Chaise FRESH Avec Accoudoir - Blanc,379.0,529.0,28.0,https://www.jumia.ma/kitea-chaise-fresh-avec-accoudoir-blanc-62104088.html,https://ma.jumia.is/unsafe/fit-in/300x300/filters:fill(white)/product/88/040126/1.jpg?1804,jumia,Salon Et Sejour,2026-06-11 18:50:43,True,Entrée (<500),jumia_4791
Meuble Tv Oak Squere - Beige,2899.0,,0.0,https://www.kitea.com/meuble-tv-oak-squere-beige.html,https://www.kitea.com/media/catalog/product/cache/c06d1bb5eedf825ac39d687cd7d5d37e/1/0/10106268246-8.png,kitea,Salon Et Sejour,2026-06-11 17:43:28,False,Milieu (1500-4000),kitea_4805
Canapé-Lit Luca,2995.0,,0.0,https://www.kitea.com/canape-lit-luca.html,https://www.kitea.com/media/catalog/product/cache/c06d1bb5eedf825ac39d687cd7d5d37e/l/u/luca-marron_3__1.jpg,kitea,Salon Et Sejour,2026-06-11 17:43:50,False,Milieu (1500-4000),kitea_4826
Table De Coin Carpinus 48X52.5X48Cm - Marron,995.0,1295.0,23.2,https://www.kitea.com/table-de-coin-carpinus-48x52-5x48cm-marron.html,https://www.kitea.com/media/catalog/product/cache/c06d1bb5eedf825ac39d687cd7d5d37e/1/0/10062756541.jpg,kitea,Salon Et Sejour,2026-06-11 17:46:56,True,Économique (500-1500),kitea_4840
Vitrine Norica 2 Portes Led En Option - Noir / Doré,4999.0,,0.0,https://www.kitea.com/vitrine-norica-2-portes-led-en-option-noir-dore.html,https://www.kitea.com/media/catalog/product/cache/c06d1bb5eedf825ac39d687cd7d5d37e/n/o/norica_lazv02_r.jpg,kitea,Salon Et Sejour,2026-06-11 17:43:17,False,Premium (4000-10k),kitea_4845
Meuble TV Monaco avec 2 portes / 2 niches – 185 × 42 × 52 cm,2395.0,,0.0,https://www.kitea.com/meuble-tv-monaco-avec-2-portes-2-niches-185-42-52-cm.html,https://www.kitea.com/media/catalog/product/cache/c06d1bb5eedf825ac39d687cd7d5d37e/t/v/tv2.jpg,kitea,Salon Et Sejour,2026-06-11 18:54:49,False,Milieu (1500-4000),kitea_4849
Table Basse Suwan - Marron,1595.0,2495.0,36.1,https://www.kitea.com/table-basse-suwan-marron.html,https://www.kitea.com/media/catalog/product/cache/c06d1bb5eedf825ac39d687cd7d5d37e/1/0/10092598285-7.png,kitea,Salon Et Sejour,2026-06-11 17:44:03,True,Milieu (1500-4000),kitea_4863
Chaise Pretty,1095.0,,0.0,https://www.kitea.com/chaise-pretty.html,https://www.kitea.com/media/catalog/product/cache/c06d1bb5eedf825ac39d687cd7d5d37e/1/0/10105087343-yyyu_2.jpg,kitea,Salon Et Sejour,2026-06-11 18:55:19,False,Économique (500-1500),kitea_4865
Table Basse Amarillo  - Jaune Transparent,1095.0,1595.0,31.3,https://www.kitea.com/table-basse-amarillo-jaune-transparent.html,https://www.kitea.com/media/catalog/product/cache/c06d1bb5eedf825ac39d687cd7d5d37e/1/0/10091135285-4.png,kitea,Salon Et Sejour,2026-06-11 17:46:46,True,Économique (500-1500),kitea_4866
Table Basse Hulon - Chêne,1595.0,2595.0,38.5,https://www.kitea.com/table-basse-hulon-chene.html,https://www.kitea.com/media/catalog/product/cache/c06d1bb5eedf825ac39d687cd7d5d37e/1/0/10067747541.jpg,kitea,Salon Et Sejour,2026-06-11 17:46:56,True,Milieu (1500-4000),kitea_4871
Chaise Mery,1199.0,,0.0,https://www.kitea.com/chaise-mery.html,https://www.kitea.com/media/catalog/product/cache/c06d1bb5eedf825ac39d687cd7d5d37e/1/0/10084003420-1_3.jpg,kitea,Salon Et Sejour,2026-06-11 17:46:04,False,Économique (500-1500),kitea_4882
Canapé D'Angle Omega Avec Fonction Lit Et Coffre,7495.0,,0.0,https://www.kitea.com/canape-d-angle-omega-avec-fonction-lit-et-coffre.html,https://www.kitea.com/media/catalog/product/cache/c06d1bb5eedf825ac39d687cd7d5d37e/1/0/10065193333_v4_1_-1_1.jpg,kitea,Salon Et Sejour,2026-06-11 17:46:04,False,Premium (4000-10k),kitea_4889
Chaise Kimmy - Crème,999.0,,0.0,https://www.kitea.com/chaise-kimmy-creme.html,https://www.kitea.com/media/catalog/product/cache/c06d1bb5eedf825ac39d687cd7d5d37e/1/_/1_44_3.png,kitea,Salon Et Sejour,2026-06-11 18:55:19,False,Économique (500-1500),kitea_4895
Meuble Tv Brolo - Blanc Brillant Et Marron,3990.0,,0.0,https://www.kitea.com/meuble-tv-brolo-blanc-brillant-et-marron.html,https://www.kitea.com/media/catalog/product/cache/c06d1bb5eedf825ac39d687cd7d5d37e/_/1/_1_0_10049282596.jpg,kitea,Salon Et Sejour,2026-06-11 17:46:32,False,Milieu (1500-4000),kitea_4906
Table Basse Ajustable Cortado,2295.0,,0.0,https://www.kitea.com/table-basse-ajustable-cortado.html,https://www.kitea.com/media/catalog/product/cache/c06d1bb5eedf825ac39d687cd7d5d37e/1/0/10102830824-8_1.png,kitea,Salon Et Sejour,2026-06-11 17:43:39,False,Milieu (1500-4000),kitea_4910
Canapé D'Angle Foster + Fauteuil De Coin - Beige / Orange,18995.0,19995.0,5.0,https://www.kitea.com/canape-d-angle-foster-fauteuil-de-coin-beige-orange.html,https://www.kitea.com/media/catalog/product/cache/c06d1bb5eedf825ac39d687cd7d5d37e/1/0/10105034343-1.png,kitea,Salon Et Sejour,2026-06-11 17:43:39,True,Luxe (>10k),kitea_4913
Canapé D'Angle Droit Panorama - Vert,11995.0,29995.0,60.0,https://www.kitea.com/canape-d-angle-droit-panorama-vert.html,https://www.kitea.com/media/catalog/product/cache/c06d1bb5eedf825ac39d687cd7d5d37e/p/a/panorama-d-vt_3_-_copie.png,kitea,Salon Et Sejour,2026-06-11 17:46:46,True,Luxe (>10k),kitea_4918
Canapé D'angle Pop - Taupe,15995.0,,0.0,https://www.kitea.com/canape-d-angle-pop-taupe.html,https://www.kitea.com/media/catalog/product/cache/c06d1bb5eedf825ac39d687cd7d5d37e/p/o/pop_sofa_1.png,kitea,Salon Et Sejour,2026-06-11 18:55:04,False,Luxe (>10k),kitea_4927
Salon Stockholm 3+2+1 Avec Fonction Lit,9995.0,,0.0,https://www.kitea.com/salon-stockholm-3-2-1-avec-fonction-lit.html,https://www.kitea.com/media/catalog/product/cache/c06d1bb5eedf825ac39d687cd7d5d37e/1/0/10059369420base11_1_.png,kitea,Salon Et Sejour,2026-06-11 17:46:04,False,Premium (4000-10k),kitea_4937
Console Holten - Chêne / Blanc,2150.0,,0.0,https://www.kitea.com/console-holten-chene-blanc.html,https://www.kitea.com/media/catalog/product/cache/c06d1bb5eedf825ac39d687cd7d5d37e/1/0/10091130922-1.png,kitea,Salon Et Sejour,2026-06-11 17:45:49,False,Milieu (1500-4000),kitea_4943
Canapé River 2 Places,5295.0,,0.0,https://www.kitea.com/canape-river-2-places.html,https://www.kitea.com/media/catalog/product/cache/c06d1bb5eedf825ac39d687cd7d5d37e/1/0/10085434287-90_1.png,kitea,Salon Et Sejour,2026-06-11 17:45:49,False,Premium (4000-10k),kitea_4945
Chaise Relax + Repose Pieds Alicia - Rouge,1499.0,3299.0,54.6,https://www.kitea.com/chaise-relax-repose-pieds-alicia-rouge.html,https://www.kitea.com/media/catalog/product/cache/c06d1bb5eedf825ac39d687cd7d5d37e/1/0/10092529274-2.png,kitea,Salon Et Sejour,2026-06-11 17:46:50,True,Économique (500-1500),kitea_4947
Canapé D'Angle Gauche Marino,16995.0,,0.0,https://www.kitea.com/canape-d-angle-gauche-marino.html,https://www.kitea.com/media/catalog/product/cache/c06d1bb5eedf825ac39d687cd7d5d37e/2/_/2_22_3_1.png,kitea,Salon Et Sejour,2026-06-11 17:44:49,False,Luxe (>10k),kitea_4970
Chaise Scandinave Gustav,299.0,,0.0,https://www.kitea.com/chaise-scandinave-gustav.html,https://www.kitea.com/media/catalog/product/cache/c06d1bb5eedf825ac39d687cd7d5d37e/1/0/10064789315-21_1_1.png,kitea,Salon Et Sejour,2026-06-11 18:54:32,False,Entrée (<500),kitea_4972
Set De 2 Tables Basses Riley - Blanc Brillant,2490.0,2990.0,16.7,https://www.kitea.com/set-de-2-tables-basses-riley-blanc-brillant.html,https://www.kitea.com/media/catalog/product/cache/c06d1bb5eedf825ac39d687cd7d5d37e/1/0/10103701596-88.jpg,kitea,Salon Et Sejour,2026-06-11 18:55:19,True,Milieu (1500-4000),kitea_4973
Fauteuil Loft - Moutarde,4995.0,6500.0,23.2,https://www.kitea.com/fauteuil-loft-moutarde.html,https://www.kitea.com/media/catalog/product/cache/c06d1bb5eedf825ac39d687cd7d5d37e/1/0/10093768129-3.png,kitea,Salon Et Sejour,2026-06-11 17:45:32,True,Premium (4000-10k),kitea_4976
Meuble TV Cut Out  165cm - Chêne Beige,2495.0,2995.0,16.7,https://www.kitea.com/meuble-tv-cut-out-165cm-chene-beige-2-portes-1-porte-abattante-165-45-57.html,https://www.kitea.com/media/catalog/product/cache/c06d1bb5eedf825ac39d687cd7d5d37e/1/0/10114703332-1.png,kitea,Salon Et Sejour,2026-06-11 18:55:04,True,Milieu (1500-4000),kitea_4992
Canape D'Angle Droit Dressen Avec Accoudoir Inclinable,13995.0,,0.0,https://www.kitea.com/canape-d-angle-droit-dressen-avec-accoudoir-inclinable.html,https://www.kitea.com/media/catalog/product/cache/c06d1bb5eedf825ac39d687cd7d5d37e/1/0/10096804343-4_1.png,kitea,Salon Et Sejour,2026-06-11 17:44:27,False,Luxe (>10k),kitea_4993
Chaise Mojo - Gris,1395.0,1999.0,30.2,https://www.kitea.com/chaise-mojo-gris.html,https://www.kitea.com/media/catalog/product/cache/c06d1bb5eedf825ac39d687cd7d5d37e/1/0/10086027661.png,kitea,Salon Et Sejour,2026-06-11 17:46:04,True,Économique (500-1500),kitea_4995
Table De Coin Lionte - Blanc,2459.0,2999.0,18.0,https://www.kitea.com/table-de-coin-lionte-blanc.html,https://www.kitea.com/media/catalog/product/cache/c06d1bb5eedf825ac39d687cd7d5d37e/1/0/10101422314-1_1_.png,kitea,Salon Et Sejour,2026-06-11 17:43:50,True,Milieu (1500-4000),kitea_5004
Lumière Led Vitrine Duro 1 Porte,795.0,,0.0,https://www.kitea.com/lumiere-led-vitrine-duro-1-porte.html,https://www.kitea.com/media/catalog/product/cache/c06d1bb5eedf825ac39d687cd7d5d37e/_/1/_1_0_10035583285-1.jpg,kitea,Salon Et Sejour,2026-06-11 17:46:27,False,Économique (500-1500),kitea_5020
Set De 2 Tables Basses Carrées Merve,2990.0,,0.0,https://www.kitea.com/set-de-2-tables-basses-carrees-merve-blanc-mat-1.html,https://www.kitea.com/media/catalog/product/cache/c06d1bb5eedf825ac39d687cd7d5d37e/1/0/10103700315-5_1.jpg,kitea,Salon Et Sejour,2026-06-11 18:55:19,False,Milieu (1500-4000),kitea_5023
Meuble Tv Lazio 2 Portes 3 Tiroirs - Blanc / Doré,4499.0,,0.0,https://www.kitea.com/meuble-tv-lazio-2-portes-3-tiroirs-blanc-dore.html,https://www.kitea.com/media/catalog/product/cache/c06d1bb5eedf825ac39d687cd7d5d37e/1/0/10105830699-9.jpg,kitea,Salon Et Sejour,2026-06-11 18:54:32,False,Premium (4000-10k),kitea_5031
Chaise Simbra - Gris Foncé,2099.0,2695.0,22.1,https://www.kitea.com/chaise-simbra-gris-fonce.html,https://www.kitea.com/media/catalog/product/cache/c06d1bb5eedf825ac39d687cd7d5d37e/1/0/10079969420-1.jpg,kitea,Salon Et Sejour,2026-06-11 17:46:17,True,Milieu (1500-4000),kitea_5032
"Chaise Sachi gris foncé – 47'×60×83,5 cm",599.0,,0.0,https://www.kitea.com/chaise-sachi-gris-fonce-47-60-83-5-cm.html,https://www.kitea.com/media/catalog/product/cache/c06d1bb5eedf825ac39d687cd7d5d37e/d/e/design_sans_titre_-_2026-04-06t111733.784.jpg,kitea,Salon Et Sejour,2026-06-11 18:55:04,False,Économique (500-1500),kitea_5040
Canapé D'Angle Droit Marino,16995.0,,0.0,https://www.kitea.com/canape-d-angle-droit-marino.html,https://www.kitea.com/media/catalog/product/cache/c06d1bb5eedf825ac39d687cd7d5d37e/m/a/marino-dr-gr_10088781313_1__1.jpg,kitea,Salon Et Sejour,2026-06-11 17:44:49,False,Luxe (>10k),kitea_5045
Fauteuil Mora - Gris Clair,2495.0,4495.0,44.5,https://www.kitea.com/fauteuil-mora-gris-clair.html,https://www.kitea.com/media/catalog/product/cache/c06d1bb5eedf825ac39d687cd7d5d37e/1/0/10081313361-base1.jpg,kitea,Salon Et Sejour,2026-06-11 17:46:17,True,Milieu (1500-4000),kitea_5057
Table Basse Heaven Verre Transparent  - Argent,1795.0,2495.0,28.1,https://www.kitea.com/table-basse-heaven-verre-transparent-argent.html,https://www.kitea.com/media/catalog/product/cache/c06d1bb5eedf825ac39d687cd7d5d37e/_/1/_1_0_10033176285-5.jpg,kitea,Salon Et Sejour,2026-06-11 17:47:00,True,Milieu (1500-4000),kitea_5065
Grand Meuble Tv Lionte - Blanc,3999.0,4699.0,14.9,https://www.kitea.com/grand-meuble-tv-lionte-blanc.html,https://www.kitea.com/media/catalog/product/cache/c06d1bb5eedf825ac39d687cd7d5d37e/1/0/10101425315-b1.png,kitea,Salon Et Sejour,2026-06-11 17:43:50,True,Milieu (1500-4000),kitea_5074
Chaise Rae Avec Accoudoir,695.0,,0.0,https://www.kitea.com/chaise-rae-avec-accoudoir.html,https://www.kitea.com/media/catalog/product/cache/c06d1bb5eedf825ac39d687cd7d5d37e/1/0/10104937250-3_1.png,kitea,Salon Et Sejour,2026-06-11 17:46:37,False,Économique (500-1500),kitea_5078
Table Basse Flemens - Taupe / Chêne,1995.0,2595.0,23.1,https://www.kitea.com/table-basse-flemens-taupe-chene.html,https://www.kitea.com/media/catalog/product/cache/c06d1bb5eedf825ac39d687cd7d5d37e/1/0/10062744904.jpg,kitea,Salon Et Sejour,2026-06-11 17:46:22,True,Milieu (1500-4000),kitea_5082
Pouf Carpinus - Bleu,1350.0,1990.0,32.2,https://www.kitea.com/pouf-carpinus-bleu.html,https://www.kitea.com/media/catalog/product/cache/c06d1bb5eedf825ac39d687cd7d5d37e/1/0/10062147333-780.png,kitea,Salon Et Sejour,2026-06-11 17:46:27,True,Économique (500-1500),kitea_5091
Table Basse Tobago – Chêne,999.0,1595.0,37.4,https://www.kitea.com/table-basse-tobago-chene.html,https://www.kitea.com/media/catalog/product/cache/c06d1bb5eedf825ac39d687cd7d5d37e/1/0/10060588541.jpg,kitea,Salon Et Sejour,2026-06-11 17:46:27,True,Économique (500-1500),kitea_5095
Canapé D'Angle Gauche River,18995.0,,0.0,https://www.kitea.com/canape-d-angle-gauche-river.html,https://www.kitea.com/media/catalog/product/cache/c06d1bb5eedf825ac39d687cd7d5d37e/1/0/10108498343-e_1.png,kitea,Salon Et Sejour,2026-06-11 18:55:04,False,Luxe (>10k),kitea_5105
Table De Coin Negro - Noir,1795.0,2495.0,28.1,https://www.kitea.com/table-de-coin-negro-noir.html,https://www.kitea.com/media/catalog/product/cache/c06d1bb5eedf825ac39d687cd7d5d37e/1/0/10091147234-5.png,kitea,Salon Et Sejour,2026-06-11 17:46:46,True,Milieu (1500-4000),kitea_5112
Table Basse Junio Avec Plateau Relevable -  Marron Foncé,1199.0,1695.0,29.3,https://www.kitea.com/table-basse-junio-avec-plateau-relevable-marron-fonce.html,https://www.kitea.com/media/catalog/product/cache/c06d1bb5eedf825ac39d687cd7d5d37e/1/0/10087967655-1.png,kitea,Salon Et Sejour,2026-06-11 17:46:50,True,Économique (500-1500),kitea_5114
Canapé D'Angle Versay Réversible Avec Fonction Lit,6995.0,,0.0,https://www.kitea.com/canape-d-angle-versay-reversible-avec-fonction-lit.html,https://www.kitea.com/media/catalog/product/cache/c06d1bb5eedf825ac39d687cd7d5d37e/1/0/10094492287-base1_2.png,kitea,Salon Et Sejour,2026-06-11 17:46:46,False,Premium (4000-10k),kitea_5120
Buffet Oak Squere 3 Potes – Beige,3999.0,,0.0,https://www.kitea.com/buffet-oak-squere-3-potes-beige.html,https://www.kitea.com/media/catalog/product/cache/c06d1bb5eedf825ac39d687cd7d5d37e/1/0/10106265246-9.png,kitea,Salon Et Sejour,2026-06-11 17:43:28,False,Milieu (1500-4000),kitea_5124
Canapé-Lit Basel Avec Fonction De Rangement - Gris,7995.0,10995.0,27.3,https://www.kitea.com/canape-lit-basel-avec-fonction-de-rangement-gris.html,https://www.kitea.com/media/catalog/product/cache/c06d1bb5eedf825ac39d687cd7d5d37e/1/0/10094567313-swatch11.png,kitea,Salon Et Sejour,2026-06-11 17:44:49,True,Premium (4000-10k),kitea_5130
Table Basse Mojo - Marron,1995.0,2999.0,33.5,https://www.kitea.com/table-basse-mojo-marron.html,https://www.kitea.com/media/catalog/product/cache/c06d1bb5eedf825ac39d687cd7d5d37e/1/0/10086028242_2_.png,kitea,Salon Et Sejour,2026-06-11 17:46:04,True,Milieu (1500-4000),kitea_5134
Lumière Led Grande Vitrine Duro,295.0,,0.0,https://www.kitea.com/lumiere-led-grande-vitrine-duro.html,https://www.kitea.com/media/catalog/product/cache/c06d1bb5eedf825ac39d687cd7d5d37e/_/l/_l_e_led16l01p01.jpg,kitea,Salon Et Sejour,2026-06-11 17:46:27,False,Entrée (<500),kitea_5138
Table Basse Balea - Blanc Laqué,2095.0,,0.0,https://www.kitea.com/table-basse-balea-blanc-laque.html,https://www.kitea.com/media/catalog/product/cache/c06d1bb5eedf825ac39d687cd7d5d37e/_/1/_1_0_10033035315_4_1.jpg,kitea,Salon Et Sejour,2026-06-11 17:46:32,False,Milieu (1500-4000),kitea_5149
Chaise Celia,375.0,,0.0,https://www.kitea.com/chaise-celia.html,https://www.kitea.com/media/catalog/product/cache/c06d1bb5eedf825ac39d687cd7d5d37e/1/0/10105744343-_1.jpg,kitea,Salon Et Sejour,2026-06-11 18:55:19,False,Entrée (<500),kitea_5157
Table Basse Laroja  - Blanc / Beige,1295.0,1795.0,27.9,https://www.kitea.com/table-basse-laroja-blanc-beige.html,https://www.kitea.com/media/catalog/product/cache/c06d1bb5eedf825ac39d687cd7d5d37e/1/0/10091148285-1.png,kitea,Salon Et Sejour,2026-06-11 17:45:10,True,Économique (500-1500),kitea_5158
Chaise Relax + Repose Pieds Alicia - Gris Foncé,1499.0,3299.0,54.6,https://www.kitea.com/chaise-relax-repose-pieds-alicia-gris-fonce.html,https://www.kitea.com/media/catalog/product/cache/c06d1bb5eedf825ac39d687cd7d5d37e/d/e/design_sans_titre_-_2026-04-22t111735.324.jpg,kitea,Salon Et Sejour,2026-06-11 17:46:50,True,Économique (500-1500),kitea_5167
Canapé D'Angle Ferrara,17995.0,,0.0,https://www.kitea.com/canape-d-angle-ferrara.html,https://www.kitea.com/media/catalog/product/cache/c06d1bb5eedf825ac39d687cd7d5d37e/1/0/10105627890_1.jpg,kitea,Salon Et Sejour,2026-06-11 17:43:28,False,Luxe (>10k),kitea_5169
Table Basse Snow- Blanc Mat,1295.0,1695.0,23.6,https://www.kitea.com/table-basse-snow-blanc-mat.html,https://www.kitea.com/media/catalog/product/cache/c06d1bb5eedf825ac39d687cd7d5d37e/_/1/_1_0_10033035315_4_1.jpg,kitea,Salon Et Sejour,2026-06-11 17:46:37,True,Économique (500-1500),kitea_5181
Canapé d’angle Roda AC avec dossier coulissant – Vert,16995.0,21995.0,22.7,https://www.kitea.com/canape-d-angle-roda-ac-avec-dossier-coulissant-280-177-87-cm-vert.html,https://www.kitea.com/media/catalog/product/cache/c06d1bb5eedf825ac39d687cd7d5d37e/r/o/rodavert4.png,kitea,Salon Et Sejour,2026-06-11 18:54:49,True,Luxe (>10k),kitea_5183
Table Basse Bolzano Chêne Béton,2295.0,3995.0,42.6,https://www.kitea.com/table-basse-bolzano-chene-beton.html,https://www.kitea.com/media/catalog/product/cache/c06d1bb5eedf825ac39d687cd7d5d37e/1/0/10062556677_1.jpg,kitea,Salon Et Sejour,2026-06-11 17:46:56,True,Milieu (1500-4000),kitea_5194
Unité Murale Phantom - Blanc,4995.0,,0.0,https://www.kitea.com/unite-murale-phantom-blanc.html,https://www.kitea.com/media/catalog/product/cache/c06d1bb5eedf825ac39d687cd7d5d37e/_/1/_1_0_10044612315.jpg,kitea,Salon Et Sejour,2026-06-11 17:46:32,False,Premium (4000-10k),kitea_5198
Canapé D'Angle Marello Méridienne Droite,14995.0,,0.0,https://www.kitea.com/canape-d-angle-marello-meridienne-droite.html,https://www.kitea.com/media/catalog/product/cache/c06d1bb5eedf825ac39d687cd7d5d37e/1/0/10067006314-1_1.jpg,kitea,Salon Et Sejour,2026-06-11 17:45:10,False,Luxe (>10k),kitea_5200
Chaise Ella,795.0,,0.0,https://www.kitea.com/chaise-ella.html,https://www.kitea.com/media/catalog/product/cache/c06d1bb5eedf825ac39d687cd7d5d37e/1/0/10105752343-yhh_1.jpg,kitea,Salon Et Sejour,2026-06-11 17:46:37,False,Économique (500-1500),kitea_5202
Meuble Tv Basic 1 Porte 140Cm - Blanc Laqué Brillant,1799.0,3295.0,45.4,https://www.kitea.com/meuble-tv-basic-1-porte-140cm-blanc-laque-brillant.html,https://www.kitea.com/media/catalog/product/cache/c06d1bb5eedf825ac39d687cd7d5d37e/m/t/mtv2026-05-13t151927.012.png,kitea,Salon Et Sejour,2026-06-11 17:44:27,True,Milieu (1500-4000),kitea_5210
Table Basse Kinshasa - Blanc / Beige,1795.0,2995.0,40.1,https://www.kitea.com/table-basse-kinshasa-blanc-beige.html,https://www.kitea.com/media/catalog/product/cache/c06d1bb5eedf825ac39d687cd7d5d37e/1/0/10091137285-1.png,kitea,Salon Et Sejour,2026-06-11 17:46:46,True,Milieu (1500-4000),kitea_5218
Fauteuil Alba - Vert,1995.0,3295.0,39.5,https://www.kitea.com/fauteuil-alba-vert.html,https://www.kitea.com/media/catalog/product/cache/c06d1bb5eedf825ac39d687cd7d5d37e/1/0/10080002294-1.jpg,kitea,Salon Et Sejour,2026-06-11 17:46:17,True,Milieu (1500-4000),kitea_5225
"Meuble Tv Libertad 99,9Cm - Noir Laqué",695.0,999.0,30.4,https://www.kitea.com/meuble-tv-libertad-99-9cm-noir-laque.html,https://www.kitea.com/media/catalog/product/cache/c06d1bb5eedf825ac39d687cd7d5d37e/1/0/10106261695.jpg,kitea,Salon Et Sejour,2026-06-11 17:46:41,True,Économique (500-1500),kitea_5229
Canapé D'Angle Droit River,18995.0,,0.0,https://www.kitea.com/canape-d-angle-droit-river.html,https://www.kitea.com/media/catalog/product/cache/c06d1bb5eedf825ac39d687cd7d5d37e/1/0/10108497343_1.png,kitea,Salon Et Sejour,2026-06-11 18:55:04,False,Luxe (>10k),kitea_5232
Table Rectangulaire Caracas - Noir,1295.0,1899.0,31.8,https://www.kitea.com/table-rectangulaire-caracas-noir.html,https://www.kitea.com/media/catalog/product/cache/c06d1bb5eedf825ac39d687cd7d5d37e/1/0/10105737234-9.jpg,kitea,Salon Et Sejour,2026-06-11 18:55:19,True,Économique (500-1500),kitea_5233
Miroir Hardy - Blanc,995.0,1495.0,33.4,https://www.kitea.com/miroir-hardy-blanc.html,https://www.kitea.com/media/catalog/product/cache/c06d1bb5eedf825ac39d687cd7d5d37e/1/0/10086754285-2.png,kitea,Salon Et Sejour,2026-06-11 17:45:49,True,Économique (500-1500),kitea_5235
Chaise Flemens - Taupe / Chêne,1390.0,1595.0,12.9,https://www.kitea.com/chaise-flemens-taupe-chene.html,https://www.kitea.com/media/catalog/product/cache/c06d1bb5eedf825ac39d687cd7d5d37e/1/0/10062758332.jpg,kitea,Salon Et Sejour,2026-06-11 17:46:22,True,Économique (500-1500),kitea_5241
Table Basse Vodol - Beige / Noir,2390.0,2990.0,20.1,https://www.kitea.com/table-basse-vodol-beige-noir.html,https://www.kitea.com/media/catalog/product/cache/c06d1bb5eedf825ac39d687cd7d5d37e/1/0/10092421439-12.png,kitea,Salon Et Sejour,2026-06-11 17:45:32,True,Milieu (1500-4000),kitea_5243
Table Basse Carrée Kinshasa Avec Niche - Blanc / Beige,3595.0,4995.0,28.0,https://www.kitea.com/table-basse-carree-kinshasa-avec-niche-blanc-beige.html,https://www.kitea.com/media/catalog/product/cache/c06d1bb5eedf825ac39d687cd7d5d37e/1/0/10091140285-1.png,kitea,Salon Et Sejour,2026-06-11 17:45:10,True,Milieu (1500-4000),kitea_5249
Table Basse Infinito - Gris Anthracite / Marron,2495.0,3295.0,24.3,https://www.kitea.com/table-basse-infinito-gris-anthracite-marron.html,https://www.kitea.com/media/catalog/product/cache/c06d1bb5eedf825ac39d687cd7d5d37e/1/0/10087098192-3.png,kitea,Salon Et Sejour,2026-06-11 18:54:32,True,Milieu (1500-4000),kitea_5256
Canapé D'Angle Réversible Yoko + Fonction Lit + Rangement - Taupe,15495.0,20995.0,26.2,https://www.kitea.com/canape-d-angle-yoko-fonction-lit-box-taupe.html,https://www.kitea.com/media/catalog/product/cache/c06d1bb5eedf825ac39d687cd7d5d37e/1/0/10063314287_4_.jpg,kitea,Salon Et Sejour,2026-06-11 17:46:27,True,Luxe (>10k),kitea_5266
Canapé-Lit Nova - Bleu,3995.0,5995.0,33.4,https://www.kitea.com/canape-lit-nova-bleu.html,https://www.kitea.com/media/catalog/product/cache/c06d1bb5eedf825ac39d687cd7d5d37e/1/0/10094413333-1.png,kitea,Salon Et Sejour,2026-06-11 17:43:50,True,Milieu (1500-4000),kitea_5272
Canapé-Lit Nova,3995.0,,0.0,https://www.kitea.com/canape-lit-nova.html,https://www.kitea.com/media/catalog/product/cache/c06d1bb5eedf825ac39d687cd7d5d37e/1/0/10094412343-1_1.png,kitea,Salon Et Sejour,2026-06-11 17:43:50,False,Milieu (1500-4000),kitea_5275
Table De Coin Suwan - Marron,1295.0,1795.0,27.9,https://www.kitea.com/table-de-coin-suwan-marron.html,https://www.kitea.com/media/catalog/product/cache/c06d1bb5eedf825ac39d687cd7d5d37e/1/0/10092599285-78.png,kitea,Salon Et Sejour,2026-06-11 17:44:03,True,Économique (500-1500),kitea_5277
Chaise Simbra - Gris Clair,2099.0,2695.0,22.1,https://www.kitea.com/chaise-simbra-gris-clair.html,https://www.kitea.com/media/catalog/product/cache/c06d1bb5eedf825ac39d687cd7d5d37e/1/0/10079967361-1.jpg,kitea,Salon Et Sejour,2026-06-11 17:46:17,True,Milieu (1500-4000),kitea_5280
Fauteuil Basel,2995.0,,0.0,https://www.kitea.com/fauteuil-basel.html,https://www.kitea.com/media/catalog/product/cache/c06d1bb5eedf825ac39d687cd7d5d37e/1/0/10094568440-12_1.png,kitea,Salon Et Sejour,2026-06-11 17:46:46,False,Milieu (1500-4000),kitea_5284
Canapé 3 Places Mabelle,5495.0,,0.0,https://www.kitea.com/canape-3-places-mabelle.html,https://www.kitea.com/media/catalog/product/cache/c06d1bb5eedf825ac39d687cd7d5d37e/1/0/10081853300-1_1.jpg,kitea,Salon Et Sejour,2026-06-11 17:46:51,False,Premium (4000-10k),kitea_5286
"Pack Airby chêne/blanc (meuble TV, buffet, table basse)",4995.0,,0.0,https://www.kitea.com/pack-airby-chene-blanc-meuble-tv-buffet-table-basse.html,https://www.kitea.com/media/catalog/product/cache/c06d1bb5eedf825ac39d687cd7d5d37e/d/e/design_sans_titre_83_.jpg,kitea,Salon Et Sejour,2026-06-11 18:54:49,False,Premium (4000-10k),kitea_5300
Canape D'Angle Fiori Reversible,5495.0,,0.0,https://www.kitea.com/canape-d-angle-fiori-reversible.html,https://www.kitea.com/media/catalog/product/cache/c06d1bb5eedf825ac39d687cd7d5d37e/1/0/10094394361-updtrf.jpg,kitea,Salon Et Sejour,2026-06-11 17:44:27,False,Premium (4000-10k),kitea_5305
Chaise Pesaro - Gris,1995.0,2549.0,21.7,https://www.kitea.com/chaise-pesaro-gris.html,https://www.kitea.com/media/catalog/product/cache/c06d1bb5eedf825ac39d687cd7d5d37e/1/0/10108544313-base334.png,kitea,Salon Et Sejour,2026-06-11 17:43:17,True,Milieu (1500-4000),kitea_5312
Fauteuil Relax Parma  - Bleu,7595.0,10995.0,30.9,https://www.kitea.com/fauteuil-relax-parma-bleu.html,https://www.kitea.com/media/catalog/product/cache/c06d1bb5eedf825ac39d687cd7d5d37e/1/0/10087933333-13_1.png,kitea,Salon Et Sejour,2026-06-11 17:45:32,True,Premium (4000-10k),kitea_5314
Canapé D'Angle New Natello Méridienne Gauche,9995.0,,0.0,https://www.kitea.com/canape-d-angle-new-natello-meridienne-gauche.html,https://www.kitea.com/media/catalog/product/cache/c06d1bb5eedf825ac39d687cd7d5d37e/1/0/10085623314_1.jpg,kitea,Salon Et Sejour,2026-06-11 17:46:04,False,Premium (4000-10k),kitea_5316
Table Basse Dedelos - Marron / Beige,1299.0,,0.0,https://www.kitea.com/table-basse-dedelos-marron-beige.html,https://www.kitea.com/media/catalog/product/cache/c06d1bb5eedf825ac39d687cd7d5d37e/1/0/10104011332-2_1_.png,kitea,Salon Et Sejour,2026-06-11 17:43:39,False,Économique (500-1500),kitea_5318
Canapé Laura – Beige,13995.0,18995.0,26.3,https://www.kitea.com/canape-laura-240-194-124-74-88-cm-beige.html,https://www.kitea.com/media/catalog/product/cache/c06d1bb5eedf825ac39d687cd7d5d37e/d/e/design_sans_titre_71_.jpg,kitea,Salon Et Sejour,2026-06-11 18:54:49,True,Luxe (>10k),kitea_5320
Tabouret Rush,895.0,,0.0,https://www.kitea.com/tabouret-rush.html,https://www.kitea.com/media/catalog/product/cache/c06d1bb5eedf825ac39d687cd7d5d37e/1/0/10103710269-2_1.png,kitea,Salon Et Sejour,2026-06-11 18:55:19,False,Économique (500-1500),kitea_5321
Canapé Courbe Levi,15495.0,,0.0,https://www.kitea.com/canape-courbe-levi.html,https://www.kitea.com/media/catalog/product/cache/c06d1bb5eedf825ac39d687cd7d5d37e/y/h/yh2410cb011-90x120_libr1184-h-54063__1.jpg,kitea,Salon Et Sejour,2026-06-11 17:43:28,False,Luxe (>10k),kitea_5324
Canapé D'Angle New Nalia Avec Fontion Lit + Coffre + Pouf,10995.0,,0.0,https://www.kitea.com/canape-d-angle-new-nalia-avec-fontion-lit-coffre-pouf.html,https://www.kitea.com/media/catalog/product/cache/c06d1bb5eedf825ac39d687cd7d5d37e/1/0/10094313440-101.png,kitea,Salon Et Sejour,2026-06-11 17:44:49,False,Luxe (>10k),kitea_5329
Fauteuil Diva,995.0,,0.0,https://www.kitea.com/fauteuil-diva.html,https://www.kitea.com/media/catalog/product/cache/c06d1bb5eedf825ac39d687cd7d5d37e/1/0/10093789115-1_3.png,kitea,Salon Et Sejour,2026-06-11 17:45:32,False,Économique (500-1500),kitea_5331
Table Basse Marcella - Blanc / Marron,4395.0,6990.0,37.1,https://www.kitea.com/table-basse-marcella-blanc-marron.html,https://www.kitea.com/media/catalog/product/cache/c06d1bb5eedf825ac39d687cd7d5d37e/1/0/10088829243-1.png,kitea,Salon Et Sejour,2026-06-11 17:45:10,True,Premium (4000-10k),kitea_5337
Table Basse Trapp - Blanc/Chêne,1599.0,2495.0,35.9,https://www.kitea.com/table-basse-trapp-blanc-chene.html,https://www.kitea.com/media/catalog/product/cache/c06d1bb5eedf825ac39d687cd7d5d37e/1/0/10067743919_3_.jpg,kitea,Salon Et Sejour,2026-06-11 17:46:56,True,Milieu (1500-4000),kitea_5341
Canapé-Lit Mery,2495.0,,0.0,https://www.kitea.com/canape-lit-mery.html,https://www.kitea.com/media/catalog/product/cache/c06d1bb5eedf825ac39d687cd7d5d37e/1/0/10094405314-b110_2.jpg,kitea,Salon Et Sejour,2026-06-11 17:44:04,False,Milieu (1500-4000),kitea_5347
Petit Meuble Tv Duro - Chêne Beige,1995.0,,0.0,https://www.kitea.com/petit-meuble-tv-duro-chene-blanc.html,https://www.kitea.com/media/catalog/product/cache/c06d1bb5eedf825ac39d687cd7d5d37e/_/m/_m_e_meuble_tv_duro_1.jpg,kitea,Salon Et Sejour,2026-06-11 17:46:32,False,Milieu (1500-4000),kitea_5355
Table Basse Cortado Ajustable Avec 1 Tiroir,2795.0,,0.0,https://www.kitea.com/table-basse-cortado-ajustable-avec-1-tiroir.html,https://www.kitea.com/media/catalog/product/cache/c06d1bb5eedf825ac39d687cd7d5d37e/1/0/10102829315-2_1_1.png,kitea,Salon Et Sejour,2026-06-11 17:43:39,False,Milieu (1500-4000),kitea_5357
Miroir Carpinus 90Cm - Chêne Foncé,1395.0,1795.0,22.3,https://www.kitea.com/miroir-carpinus-90x2-2x90-cm.html,https://www.kitea.com/media/catalog/product/cache/c06d1bb5eedf825ac39d687cd7d5d37e/1/0/10062755541_1_.jpg,kitea,Salon Et Sejour,2026-06-11 17:46:22,True,Économique (500-1500),kitea_5359
Vitrine Norica 1 Porte Led En Option - Noir / Doré,3999.0,,0.0,https://www.kitea.com/vitrine-norica-1-porte-led-en-option-noir-dore.html,https://www.kitea.com/media/catalog/product/cache/c06d1bb5eedf825ac39d687cd7d5d37e/n/o/norica_lazv01_r.jpg,kitea,Salon Et Sejour,2026-06-11 17:43:17,False,Milieu (1500-4000),kitea_5368
Canapé d’angle Roda AC avec dossier coulissant – Gris clair,16995.0,21995.0,22.7,https://www.kitea.com/canape-d-angle-roda-ac-avec-dossier-coulissant-280-177-87-cm-gris-clair.html,https://www.kitea.com/media/catalog/product/cache/c06d1bb5eedf825ac39d687cd7d5d37e/d/e/design_sans_titre_63_.jpg,kitea,Salon Et Sejour,2026-06-11 18:54:49,True,Luxe (>10k),kitea_5370
Grand Meuble Tv Amalfi 140Cm - Blanc,2495.0,3995.0,37.5,https://www.kitea.com/grand-meuble-tv-amalfi-140cm-blanc.html,https://www.kitea.com/media/catalog/product/cache/c06d1bb5eedf825ac39d687cd7d5d37e/1/0/10094194596-yyiin_1_.png,kitea,Salon Et Sejour,2026-06-11 17:44:27,True,Milieu (1500-4000),kitea_5371
Bain De Soleil Heaven - Gris Foncé,699.0,1799.0,61.1,https://www.kitea.com/bain-de-soleil-heaven-gris-fonce.html,https://www.kitea.com/media/catalog/product/cache/c06d1bb5eedf825ac39d687cd7d5d37e/1/0/10102405375-2.jpg,kitea,Salon Et Sejour,2026-06-11 17:43:28,True,Économique (500-1500),kitea_5373
Table De Coin Carpinus 48X45X48Cm - Chêne,895.0,1195.0,25.1,https://www.kitea.com/table-de-coin-carpinus-48x45x48cm-chene.html,https://www.kitea.com/media/catalog/product/cache/c06d1bb5eedf825ac39d687cd7d5d37e/1/0/10062757541.jpg,kitea,Salon Et Sejour,2026-06-11 17:46:22,True,Économique (500-1500),kitea_5388
Canapé 2 Places Mabelle,4895.0,,0.0,https://www.kitea.com/canape-2-places-mabelle.html,https://www.kitea.com/media/catalog/product/cache/c06d1bb5eedf825ac39d687cd7d5d37e/1/0/10081848368-1_1.jpg,kitea,Salon Et Sejour,2026-06-11 18:54:32,False,Premium (4000-10k),kitea_5393
Table Basse Bianco  Avec Niche - Blanc Transparent,995.0,1495.0,33.4,https://www.kitea.com/table-basse-bianco-avec-niche-blanc-transparent.html,https://www.kitea.com/media/catalog/product/cache/c06d1bb5eedf825ac39d687cd7d5d37e/1/_/1_45.png,kitea,Salon Et Sejour,2026-06-11 17:45:10,True,Économique (500-1500),kitea_5397
Meuble Tv  Savona - Noir,2795.0,3495.0,20.0,https://www.kitea.com/meuble-tv-savona-noir.html,https://www.kitea.com/media/catalog/product/cache/c06d1bb5eedf825ac39d687cd7d5d37e/1/0/10064222989_2__1.jpg,kitea,Salon Et Sejour,2026-06-11 17:46:22,True,Milieu (1500-4000),kitea_5401
Canapé D'Angle Gauche Portimao,12495.0,,0.0,https://www.kitea.com/canape-d-angle-gauche-portimao.html,https://www.kitea.com/media/catalog/product/cache/c06d1bb5eedf825ac39d687cd7d5d37e/p/o/portimao-g-grg_10092612440_2__2.jpg,kitea,Salon Et Sejour,2026-06-11 17:45:32,False,Luxe (>10k),kitea_5417
Grand Meuble Tv Dama - Gris Foncé Brillant,3595.0,4495.0,20.0,https://www.kitea.com/grand-meuble-tv-dama-gris-fonce-brillant.html,https://www.kitea.com/media/catalog/product/cache/c06d1bb5eedf825ac39d687cd7d5d37e/_/1/_10066040607-3_copy_0004_20_23_08-02_2_fb.jpg,kitea,Salon Et Sejour,2026-06-11 17:44:27,True,Milieu (1500-4000),kitea_5422
Canapé D'Angle Droit Prima,9995.0,,0.0,https://www.kitea.com/canape-d-angle-droit-prima.html,https://www.kitea.com/media/catalog/product/cache/c06d1bb5eedf825ac39d687cd7d5d37e/1/0/10092617294-dr1.png,kitea,Salon Et Sejour,2026-06-11 17:45:32,False,Premium (4000-10k),kitea_5431
Table Basse Ajustable Cortado Viking- Noyer,2295.0,4249.0,46.0,https://www.kitea.com/table-basse-ajustable-cortado-viking-noyer.html,https://www.kitea.com/media/catalog/product/cache/c06d1bb5eedf825ac39d687cd7d5d37e/1/0/10102832242-2.png,kitea,Salon Et Sejour,2026-06-11 17:43:50,True,Milieu (1500-4000),kitea_5459
Relax À Bascule Calm Down  Avec Pare-Soleil - Terracotta,999.0,2599.0,61.6,https://www.kitea.com/relax-a-bascule-calm-down-avec-pare-soleil-terracotta.html,https://www.kitea.com/media/catalog/product/cache/c06d1bb5eedf825ac39d687cd7d5d37e/1/0/10102354698-2.png,kitea,Salon Et Sejour,2026-06-11 17:43:39,True,Économique (500-1500),kitea_5462
Canapé d’angle Roda AC avec dossier coulissant – Beige,16995.0,21995.0,22.7,https://www.kitea.com/canape-d-angle-roda-ac-avec-dossier-coulissant-280-177-87-cm-beige.html,https://www.kitea.com/media/catalog/product/cache/c06d1bb5eedf825ac39d687cd7d5d37e/d/e/design_sans_titre_56__1.jpg,kitea,Salon Et Sejour,2026-06-11 18:54:49,True,Luxe (>10k),kitea_5464
Chaise Joy,995.0,,0.0,https://www.kitea.com/chaise-joy.html,https://www.kitea.com/media/catalog/product/cache/c06d1bb5eedf825ac39d687cd7d5d37e/1/0/10104966343-base890_1.png,kitea,Salon Et Sejour,2026-06-11 17:46:37,False,Économique (500-1500),kitea_5468
Canapé-Lit Stela,2795.0,,0.0,https://www.kitea.com/canape-lit-stela.html,https://www.kitea.com/media/catalog/product/cache/c06d1bb5eedf825ac39d687cd7d5d37e/1/0/10085799333-4_1.png,kitea,Salon Et Sejour,2026-06-11 17:46:51,False,Milieu (1500-4000),kitea_5474
Canape D'Angle Pralin Meridienne Droite,10995.0,,0.0,https://www.kitea.com/canape-d-angle-pralin-meridienne-droite.html,https://www.kitea.com/media/catalog/product/cache/c06d1bb5eedf825ac39d687cd7d5d37e/1/0/10105245333-1_1.jpg,kitea,Salon Et Sejour,2026-06-11 17:46:41,False,Luxe (>10k),kitea_5480
Chaise Rae,595.0,,0.0,https://www.kitea.com/chaise-rae.html,https://www.kitea.com/media/catalog/product/cache/c06d1bb5eedf825ac39d687cd7d5d37e/1/0/10104940343-2_1.png,kitea,Salon Et Sejour,2026-06-11 17:46:41,False,Économique (500-1500),kitea_5484
Table De Coin Wilma - Chêne,795.0,995.0,20.1,https://www.kitea.com/table-de-coin-wilma-chene.html,https://www.kitea.com/media/catalog/product/cache/c06d1bb5eedf825ac39d687cd7d5d37e/_/1/_1_0_10033368285_4.jpg,kitea,Salon Et Sejour,2026-06-11 17:46:27,True,Économique (500-1500),kitea_5491
Table De Coin Heaven - Beige,1395.0,1895.0,26.4,https://www.kitea.com/table-de-coin-heaven-beige.html,https://www.kitea.com/media/catalog/product/cache/c06d1bb5eedf825ac39d687cd7d5d37e/_/1/_1_0_10051113285-1.jpg,kitea,Salon Et Sejour,2026-06-11 17:46:32,True,Économique (500-1500),kitea_5496
Canapé Lit Latika Avec 2 Coussins Et Coffre,4595.0,,0.0,https://www.kitea.com/canape-lit-latika-avec-2-coussins-et-coffre.html,https://www.kitea.com/media/catalog/product/cache/c06d1bb5eedf825ac39d687cd7d5d37e/1/0/10059372420-bdg.jpg,kitea,Salon Et Sejour,2026-06-11 17:46:04,False,Premium (4000-10k),kitea_5498
Bain De Soleil À Roulletes Bayside - Gris Clair,1799.0,3299.0,45.5,https://www.kitea.com/bain-de-soleil-a-roulletes-bayside-gris-clair.html,https://www.kitea.com/media/catalog/product/cache/c06d1bb5eedf825ac39d687cd7d5d37e/1/0/10102465361-1.jpg,kitea,Salon Et Sejour,2026-06-11 17:43:28,True,Milieu (1500-4000),kitea_5501
Canapé D'angle Naya Réversible Avec Fonction Lit,16995.0,,0.0,https://www.kitea.com/canape-d-angle-naya-reversible-avec-fonction-lit-gris-clair-1.html,https://www.kitea.com/media/catalog/product/cache/c06d1bb5eedf825ac39d687cd7d5d37e/1/0/10107520420-t_1_1.png,kitea,Salon Et Sejour,2026-06-11 18:55:04,False,Luxe (>10k),kitea_5503
Chaise Flynn - Beige,795.0,1299.0,38.8,https://www.kitea.com/chaise-flynn-beige.html,https://www.kitea.com/media/catalog/product/cache/c06d1bb5eedf825ac39d687cd7d5d37e/1/0/10105759343-156.png,kitea,Salon Et Sejour,2026-06-11 18:55:19,True,Économique (500-1500),kitea_5504
Table Basse Carpinus - Chêne,2690.0,3295.0,18.4,https://www.kitea.com/table-basse-carpinus-chene.html,https://www.kitea.com/media/catalog/product/cache/c06d1bb5eedf825ac39d687cd7d5d37e/1/0/10062755541.jpg,kitea,Salon Et Sejour,2026-06-11 17:46:22,True,Milieu (1500-4000),kitea_5506
Canapé D'Angle Gauche Prima,9995.0,,0.0,https://www.kitea.com/canape-d-angle-gauche-prima.html,https://www.kitea.com/media/catalog/product/cache/c06d1bb5eedf825ac39d687cd7d5d37e/p/r/prima-g-vt_10092618294_3__1.jpg,kitea,Salon Et Sejour,2026-06-11 17:45:10,False,Premium (4000-10k),kitea_5510
Living En Bloc Avec Led Durango - Chêne Noir / Chêne Fin,6395.0,7995.0,20.0,https://www.kitea.com/living-en-bloc-avec-led-durango-chene-noir-chene-fin.html,https://www.kitea.com/media/catalog/product/cache/c06d1bb5eedf825ac39d687cd7d5d37e/1/0/10067717741_2_.jpg,kitea,Salon Et Sejour,2026-06-11 17:46:17,True,Premium (4000-10k),kitea_5517
Table De Coin Negro 60X43Cm - Noir,1995.0,2495.0,20.0,https://www.kitea.com/table-de-coin-negro-60x43cm-noir.html,https://www.kitea.com/media/catalog/product/cache/c06d1bb5eedf825ac39d687cd7d5d37e/1/0/10091146234-4.png,kitea,Salon Et Sejour,2026-06-11 17:45:10,True,Milieu (1500-4000),kitea_5519
Table Basse Kelly - Vert Transparent,2195.0,2595.0,15.4,https://www.kitea.com/table-basse-kelly-vert-transparent.html,https://www.kitea.com/media/catalog/product/cache/c06d1bb5eedf825ac39d687cd7d5d37e/_/1/_1_0_10048061285.jpg,kitea,Salon Et Sejour,2026-06-11 17:46:32,True,Milieu (1500-4000),kitea_5521
Miroir Décoratif 18X24Cm - Doré,119.0,,0.0,https://www.kitea.com/miroir-decoratif-18x24cm-dore.html,https://www.kitea.com/media/catalog/product/cache/c06d1bb5eedf825ac39d687cd7d5d37e/1/0/10084999285-1_1_.jpg,kitea,Salon Et Sejour,2026-06-11 17:46:51,False,Entrée (<500),kitea_5524
Grand Meuble Tv Amalfi 190Cm - Blanc,2795.0,4595.0,39.2,https://www.kitea.com/grand-meuble-tv-amalfi-190cm-blanc.html,https://www.kitea.com/media/catalog/product/cache/c06d1bb5eedf825ac39d687cd7d5d37e/1/0/10094193596-900_1_.png,kitea,Salon Et Sejour,2026-06-11 17:44:27,True,Milieu (1500-4000),kitea_5526
Fauteuil Bali,3495.0,,0.0,https://www.kitea.com/fauteuil-bali.html,https://www.kitea.com/media/catalog/product/cache/c06d1bb5eedf825ac39d687cd7d5d37e/1/0/10101480315-swatch122_1.jpg,kitea,Salon Et Sejour,2026-06-11 17:44:03,False,Milieu (1500-4000),kitea_5528
Canapé River 3P - Bleu,6995.0,13995.0,50.0,https://www.kitea.com/canape-river-3p-bleu.html,https://www.kitea.com/media/catalog/product/cache/c06d1bb5eedf825ac39d687cd7d5d37e/1/0/10085436333-2.png,kitea,Salon Et Sejour,2026-06-11 17:45:49,True,Premium (4000-10k),kitea_5536
Meuble TV NEW COSMIT – 3 Portes / 1 Niche,1995.0,,0.0,https://www.kitea.com/meuble-tv-new-cosmit-3-portes-1-niche.html,https://www.kitea.com/media/catalog/product/cache/c06d1bb5eedf825ac39d687cd7d5d37e/1/0/10115807332.png,kitea,Salon Et Sejour,2026-06-11 18:54:32,False,Milieu (1500-4000),kitea_5540
Canapé D'Angle Droit Hudson Avec Fonction Lit + Coffre,14995.0,,0.0,https://www.kitea.com/canape-d-angle-droit-hudson-avec-fonction-lit-coffre.html,https://www.kitea.com/media/catalog/product/cache/c06d1bb5eedf825ac39d687cd7d5d37e/y/h/yh2410cb011-90x120gauche1_1184-h-54063__1.jpg,kitea,Salon Et Sejour,2026-06-11 17:43:28,False,Luxe (>10k),kitea_5554
Table Basse Ajustable Cortado Artisan Oak - Beige,2295.0,4249.0,46.0,https://www.kitea.com/table-basse-ajustable-cortado-artisan-oak-beige.html,https://www.kitea.com/media/catalog/product/cache/c06d1bb5eedf825ac39d687cd7d5d37e/1/0/10102830824-8.png,kitea,Salon Et Sejour,2026-06-11 17:43:50,True,Milieu (1500-4000),kitea_5556
Table Basse Piena - Marron,1695.0,2695.0,37.1,https://www.kitea.com/table-basse-piena-marron.html,https://www.kitea.com/media/catalog/product/cache/c06d1bb5eedf825ac39d687cd7d5d37e/1/0/10086756314-1.png,kitea,Salon Et Sejour,2026-06-11 17:46:51,True,Milieu (1500-4000),kitea_5560
Buffet NEW COSMIT – 4 Portes / 2 Niches,2695.0,,0.0,https://www.kitea.com/buffet-new-cosmit-4-portes-2-niches.html,https://www.kitea.com/media/catalog/product/cache/c06d1bb5eedf825ac39d687cd7d5d37e/1/0/10115809332b.png,kitea,Salon Et Sejour,2026-06-11 18:54:32,False,Milieu (1500-4000),kitea_5566
Canapé Hector Fonction Lit + Rangement,15995.0,,0.0,https://www.kitea.com/canape-hector-fonction-lit-rangement.html,https://www.kitea.com/media/catalog/product/cache/c06d1bb5eedf825ac39d687cd7d5d37e/c/o/cor-hector-bg_10081866343_v2_1.jpg,kitea,Salon Et Sejour,2026-06-11 17:46:51,False,Luxe (>10k),kitea_5568
Table Basse Junio Avec Plateau Relevable -  Taupe,1199.0,1695.0,29.3,https://www.kitea.com/table-basse-junio-avec-plateau-relevable-taupe.html,https://www.kitea.com/media/catalog/product/cache/c06d1bb5eedf825ac39d687cd7d5d37e/1/0/10088265566-base1.png,kitea,Salon Et Sejour,2026-06-11 17:46:51,True,Économique (500-1500),kitea_5578
Table Basse Shield - Beige / Blanc,895.0,1795.0,50.1,https://www.kitea.com/table-basse-shield-beige-blanc.html,https://www.kitea.com/media/catalog/product/cache/c06d1bb5eedf825ac39d687cd7d5d37e/_/1/_10066040607-3_0016_cftt5117-m256_06.jpg,kitea,Salon Et Sejour,2026-06-11 17:46:46,True,Économique (500-1500),kitea_5581
Fauteuil Envy,3995.0,,0.0,https://www.kitea.com/fauteuil-envy.html,https://www.kitea.com/media/catalog/product/cache/c06d1bb5eedf825ac39d687cd7d5d37e/e/n/envy-bg_03_1_1.jpg,kitea,Salon Et Sejour,2026-06-11 17:46:51,False,Milieu (1500-4000),kitea_5588
Table Basse Azul - Bleu Transparent,999.0,1495.0,33.2,https://www.kitea.com/table-basse-azul-bleu-transparent.html,https://www.kitea.com/media/catalog/product/cache/c06d1bb5eedf825ac39d687cd7d5d37e/1/0/10091136285-1.png,kitea,Salon Et Sejour,2026-06-11 17:45:10,True,Économique (500-1500),kitea_5592
Canapé D'Angle Droit Idylla,9995.0,,0.0,https://www.kitea.com/canape-d-angle-droit-idylla.html,https://www.kitea.com/media/catalog/product/cache/c06d1bb5eedf825ac39d687cd7d5d37e/i/d/idylla-d-gr_10092625313_3__2.jpg,kitea,Salon Et Sejour,2026-06-11 17:45:10,False,Premium (4000-10k),kitea_5594
Fauteuil Hamelton,2995.0,,0.0,https://www.kitea.com/fauteuil-hamelton.html,https://www.kitea.com/media/catalog/product/cache/c06d1bb5eedf825ac39d687cd7d5d37e/1/0/10094564477-700_4.png,kitea,Salon Et Sejour,2026-06-11 17:46:46,False,Milieu (1500-4000),kitea_5604
Salon Hermes 3+2+1 Avec Rangement,14995.0,,0.0,https://www.kitea.com/salon-hermes-3-2-1-avec-rangement.html,https://www.kitea.com/media/catalog/product/cache/c06d1bb5eedf825ac39d687cd7d5d37e/1/0/10094500343-19_2.png,kitea,Salon Et Sejour,2026-06-11 17:44:49,False,Luxe (>10k),kitea_5612
Table Basse Lazio 1 Tiroir  - Blanc / Doré,2499.0,,0.0,https://www.kitea.com/table-basse-lazio-1-tiroir-blanc-dore.html,https://www.kitea.com/media/catalog/product/cache/c06d1bb5eedf825ac39d687cd7d5d37e/t/b/tb-lazt01b-8890_0.jpg,kitea,Salon Et Sejour,2026-06-11 18:54:32,False,Milieu (1500-4000),kitea_5618
Canapé D'Angle New Larrau Avec Fonction Lit + Coffre,5495.0,,0.0,https://www.kitea.com/canape-d-angle-new-larrau-avec-fonction-lit-coffre.html,https://www.kitea.com/media/catalog/product/cache/c06d1bb5eedf825ac39d687cd7d5d37e/n/e/new_larrau_bg_c618_3_g8241_2.jpg,kitea,Salon Et Sejour,2026-06-11 17:44:49,False,Premium (4000-10k),kitea_5625
Vitrine Lazio 2 Portes Led En Option - Blanc / Doré,4999.0,,0.0,https://www.kitea.com/vitrine-lazio-2-portes-led-en-option-blanc-dore.html,https://www.kitea.com/media/catalog/product/cache/c06d1bb5eedf825ac39d687cd7d5d37e/1/0/10105840699.jpg,kitea,Salon Et Sejour,2026-06-11 17:43:17,False,Premium (4000-10k),kitea_5631
Canapé Laura – Gris clair,13995.0,,0.0,https://www.kitea.com/canape-d-angle-laura-240-194-124-74-88-cm-gris-clair.html,https://www.kitea.com/media/catalog/product/cache/c06d1bb5eedf825ac39d687cd7d5d37e/d/e/design_sans_titre_75__1.jpg,kitea,Salon Et Sejour,2026-06-11 18:54:49,False,Luxe (>10k),kitea_5633
Table Basse Lacetti - Beige / Crème,2990.0,,0.0,https://www.kitea.com/table-basse-lacetti-beige-creme.html,https://www.kitea.com/media/catalog/product/cache/c06d1bb5eedf825ac39d687cd7d5d37e/1/0/10092430246-4.png,kitea,Salon Et Sejour,2026-06-11 17:45:10,False,Milieu (1500-4000),kitea_5637
Canapé 2 Places Pezzaro - Beige,9995.0,,0.0,https://www.kitea.com/canape-2-places-pezzaro-beige.html,https://www.kitea.com/media/catalog/product/cache/c06d1bb5eedf825ac39d687cd7d5d37e/1/0/10108503343-a.png,kitea,Salon Et Sejour,2026-06-11 18:55:04,False,Premium (4000-10k),kitea_5639
Bain De Soleil À Roulletes Bayside - Bleu,1799.0,3299.0,45.5,https://www.kitea.com/bain-de-soleil-a-roulletes-bayside-bleu.html,https://www.kitea.com/media/catalog/product/cache/c06d1bb5eedf825ac39d687cd7d5d37e/1/9/192_cm_5_.jpg,kitea,Salon Et Sejour,2026-06-11 17:46:41,True,Milieu (1500-4000),kitea_5643
Canapé D'Angle Gauche Loft - Gris,13995.0,15995.0,12.5,https://www.kitea.com/canape-d-angle-gauche-loft-gris.html,https://www.kitea.com/media/catalog/product/cache/c06d1bb5eedf825ac39d687cd7d5d37e/1/0/10093757313-fdblanc.png,kitea,Salon Et Sejour,2026-06-11 17:45:32,True,Luxe (>10k),kitea_5645
"Miroir Décoratif 76,2X76,2X3Cm - Argent",799.0,1499.0,46.7,https://www.kitea.com/miroir-decoratif-76-2x76-2x3cm-argent.html,https://www.kitea.com/media/catalog/product/cache/c06d1bb5eedf825ac39d687cd7d5d37e/1/0/10083443283_5_.jpg,kitea,Salon Et Sejour,2026-06-11 17:46:51,True,Économique (500-1500),kitea_5658
Console Kinshasa  - Beige,1795.0,2995.0,40.1,https://www.kitea.com/console-kinshasa-beige.html,https://www.kitea.com/media/catalog/product/cache/c06d1bb5eedf825ac39d687cd7d5d37e/1/0/10091138285-1.png,kitea,Salon Et Sejour,2026-06-11 17:45:10,True,Milieu (1500-4000),kitea_5674
Canapé River 3 Places - Taupe,7995.0,13995.0,42.9,https://www.kitea.com/canape-river-3-places-taupe.html,https://www.kitea.com/media/catalog/product/cache/c06d1bb5eedf825ac39d687cd7d5d37e/1/0/10085433287-6_4.png,kitea,Salon Et Sejour,2026-06-11 17:45:49,True,Premium (4000-10k),kitea_5693
Table De Coin Flemens 45X45X46Cm - Taupe / Chêne,795.0,,0.0,https://www.kitea.com/table-de-coin-flemens-45x45x46cm-taupe-chene.html,https://www.kitea.com/media/catalog/product/cache/c06d1bb5eedf825ac39d687cd7d5d37e/1/0/10062745904.jpg,kitea,Salon Et Sejour,2026-06-11 17:46:22,False,Économique (500-1500),kitea_5697
Canapé Loft - Gris,8995.0,9995.0,10.0,https://www.kitea.com/canape-loft-gris.html,https://www.kitea.com/media/catalog/product/cache/c06d1bb5eedf825ac39d687cd7d5d37e/1/0/10093759313-loftgris.png,kitea,Salon Et Sejour,2026-06-11 17:45:32,True,Premium (4000-10k),kitea_5708
Canapé D'Angle Gemini Méridienne Droite,13995.0,,0.0,https://www.kitea.com/canape-d-angle-gemini-meridienne-droite.html,https://www.kitea.com/media/catalog/product/cache/c06d1bb5eedf825ac39d687cd7d5d37e/1/0/10065825375_1.jpg,kitea,Salon Et Sejour,2026-06-11 17:46:04,False,Luxe (>10k),kitea_5717
Canapé-Lit Hamelton Avec Fonction De Rangement,7995.0,,0.0,https://www.kitea.com/canape-lit-hamelton-avec-fonction-de-rangement.html,https://www.kitea.com/media/catalog/product/cache/c06d1bb5eedf825ac39d687cd7d5d37e/1/0/10094561313-base111.png,kitea,Salon Et Sejour,2026-06-11 17:44:49,False,Premium (4000-10k),kitea_5722
Chaise Owen,649.0,,0.0,https://www.kitea.com/chaise-owen.html,https://www.kitea.com/media/catalog/product/cache/c06d1bb5eedf825ac39d687cd7d5d37e/1/0/10104956343_1.png,kitea,Salon Et Sejour,2026-06-11 18:55:04,False,Économique (500-1500),kitea_5733
Table Basse Wilma - Chêne,995.0,1490.0,33.2,https://www.kitea.com/table-basse-wilma-chene.html,https://www.kitea.com/media/catalog/product/cache/c06d1bb5eedf825ac39d687cd7d5d37e/_/1/_1_0_10033366285.jpg,kitea,Salon Et Sejour,2026-06-11 17:46:37,True,Économique (500-1500),kitea_5734
Meuble Tv Norica 2 Portes 1 Tiroir - Noir / Doré,4699.0,,0.0,https://www.kitea.com/meuble-tv-norica-2-portes-1-tiroir-noir-dore.html,https://www.kitea.com/media/catalog/product/cache/c06d1bb5eedf825ac39d687cd7d5d37e/n/o/norica_lazf03_r.jpg,kitea,Salon Et Sejour,2026-06-11 17:43:17,False,Premium (4000-10k),kitea_5740
Table Basse Heaven 82x40 cm - Beige,1795.0,2195.0,18.2,https://www.kitea.com/table-basse-heaven-82x40cm-beige.html,https://www.kitea.com/media/catalog/product/cache/c06d1bb5eedf825ac39d687cd7d5d37e/4/5/45_-_2026-05-11t153937.508.png,kitea,Salon Et Sejour,2026-06-11 17:46:32,True,Milieu (1500-4000),kitea_5749
Meuble Tv Saint Tropez 2 Tiroirs Avec Led  - Blanc,2995.0,,0.0,https://www.kitea.com/meuble-tv-saint-tropez-2-tiroirs-avec-led-blanc.html,https://www.kitea.com/media/catalog/product/cache/c06d1bb5eedf825ac39d687cd7d5d37e/_/1/_1_0_10043274243-1.jpg,kitea,Salon Et Sejour,2026-06-11 17:46:32,False,Milieu (1500-4000),kitea_5751
Table Basse Ferry - Blanc,1995.0,3495.0,42.9,https://www.kitea.com/table-basse-ferry-blanc.html,https://www.kitea.com/media/catalog/product/cache/c06d1bb5eedf825ac39d687cd7d5d37e/1/0/10078269285-1.jpg,kitea,Salon Et Sejour,2026-06-11 17:46:17,True,Milieu (1500-4000),kitea_5753
Étagère Norica - Noir Matt,499.0,,0.0,https://www.kitea.com/etagere-norica-noir-matt.html,https://www.kitea.com/media/catalog/product/cache/c06d1bb5eedf825ac39d687cd7d5d37e/n/o/norica_lazp01_r.jpg,kitea,Salon Et Sejour,2026-06-11 17:43:17,False,Entrée (<500),kitea_5763
Horloge De Table D'Appoint - Gold,399.0,619.0,35.5,https://www.kitea.com/horloge-de-table-d-appoint-gold.html,https://www.kitea.com/media/catalog/product/cache/c06d1bb5eedf825ac39d687cd7d5d37e/1/0/10080250317-1-1.jpg,kitea,Salon Et Sejour,2026-06-11 17:46:56,True,Entrée (<500),kitea_5774
Canapé D'Angle Droit Loft,13995.0,,0.0,https://www.kitea.com/canape-d-angle-droit-loft.html,https://www.kitea.com/media/catalog/product/cache/c06d1bb5eedf825ac39d687cd7d5d37e/1/0/10093755343-base700_1.png,kitea,Salon Et Sejour,2026-06-11 17:45:32,False,Luxe (>10k),kitea_5782
Petit Meuble Tv Black Duro- Chêne / Noir,1995.0,,0.0,https://www.kitea.com/petit-meuble-tv-black-duro-chene-noir.html,https://www.kitea.com/media/catalog/product/cache/c06d1bb5eedf825ac39d687cd7d5d37e/1/0/10104023674-7.jpg,kitea,Salon Et Sejour,2026-06-11 17:43:39,False,Milieu (1500-4000),kitea_5790
Table De Coin Casia Bronze,795.0,995.0,20.1,https://www.kitea.com/table-de-coin-casia-bronze.html,https://www.kitea.com/media/catalog/product/cache/c06d1bb5eedf825ac39d687cd7d5d37e/_/1/_1_0_10033158285-2.jpg,kitea,Salon Et Sejour,2026-06-11 17:46:56,True,Économique (500-1500),kitea_5809
Élément Mural Carpinus - Marron,1690.0,1995.0,15.3,https://www.kitea.com/element-mural-carpinus-marron.html,https://www.kitea.com/media/catalog/product/cache/c06d1bb5eedf825ac39d687cd7d5d37e/1/0/10062754541.jpg,kitea,Salon Et Sejour,2026-06-11 17:46:22,True,Milieu (1500-4000),kitea_5819
Vitrine Lazio 1 Porte Led En Option - Blanc / Doré,3999.0,,0.0,https://www.kitea.com/vitrine-lazio-1-porte-led-en-option-blanc-dore.html,https://www.kitea.com/media/catalog/product/cache/c06d1bb5eedf825ac39d687cd7d5d37e/1/0/10105839699.jpg,kitea,Salon Et Sejour,2026-06-11 17:43:17,False,Milieu (1500-4000),kitea_5827
Canapé Réversible Reyno + Fonction Lit Et Rangement,7595.0,,0.0,https://www.kitea.com/canape-reversible-reyno.html,https://www.kitea.com/media/catalog/product/cache/c06d1bb5eedf825ac39d687cd7d5d37e/1/0/10081834343-1_1.jpg,kitea,Salon Et Sejour,2026-06-11 17:46:17,False,Premium (4000-10k),kitea_5835
Chaise Flynn,795.0,,0.0,https://www.kitea.com/chaise-flynn.html,https://www.kitea.com/media/catalog/product/cache/c06d1bb5eedf825ac39d687cd7d5d37e/1/0/10105759343-156_1.png,kitea,Salon Et Sejour,2026-06-11 18:55:19,False,Économique (500-1500),kitea_5846
Canapé D'Angle Gauche Concord,7995.0,,0.0,https://www.kitea.com/canape-d-angle-gauche-concord.html,https://www.kitea.com/media/catalog/product/cache/c06d1bb5eedf825ac39d687cd7d5d37e/1/0/10094099287-1_1.png,kitea,Salon Et Sejour,2026-06-11 18:54:32,False,Premium (4000-10k),kitea_5847
Chaise Relax + Repose Pieds Alicia - Taupe,1499.0,3299.0,54.6,https://www.kitea.com/chaise-relax-repose-pieds-alicia-taupe.html,https://www.kitea.com/media/catalog/product/cache/c06d1bb5eedf825ac39d687cd7d5d37e/1/0/10092530287-1.png,kitea,Salon Et Sejour,2026-06-11 17:46:50,True,Économique (500-1500),kitea_5850
Table Basse Brolo Marron,1690.0,,0.0,https://www.kitea.com/table-basse-brolo-marron.html,https://www.kitea.com/media/catalog/product/cache/c06d1bb5eedf825ac39d687cd7d5d37e/_/1/_1_0_10049295596.jpg,kitea,Salon Et Sejour,2026-06-11 17:46:32,False,Milieu (1500-4000),kitea_5854
Unité Murale Hamburg 2 Portes - Blanc / Chêne,2995.0,3995.0,25.0,https://www.kitea.com/unite-murale-hamburg-2-portes-blanc-chene.html,https://www.kitea.com/media/catalog/product/cache/c06d1bb5eedf825ac39d687cd7d5d37e/1/0/10104009922-2.png,kitea,Salon Et Sejour,2026-06-11 17:43:39,True,Milieu (1500-4000),kitea_5856
Canapé 3 Places Napoli,13295.0,,0.0,https://www.kitea.com/canape-3-places-napoli.html,https://www.kitea.com/media/catalog/product/cache/c06d1bb5eedf825ac39d687cd7d5d37e/1/0/10107528343-11_1.png,kitea,Salon Et Sejour,2026-06-11 18:55:19,False,Luxe (>10k),kitea_5865
Canapé Méridienne Reva,4595.0,,0.0,https://www.kitea.com/canape-meridienne-reva.html,https://www.kitea.com/media/catalog/product/cache/c06d1bb5eedf825ac39d687cd7d5d37e/1/0/10101484287-910_2.png,kitea,Salon Et Sejour,2026-06-11 17:44:03,False,Premium (4000-10k),kitea_5878
Meuble Tv Lewisville - Oak / Crème,2995.0,4490.0,33.3,https://www.kitea.com/meuble-tv-lewisville-beige.html,https://www.kitea.com/media/catalog/product/cache/c06d1bb5eedf825ac39d687cd7d5d37e/1/0/10092409217-2.png,kitea,Salon Et Sejour,2026-06-11 17:45:10,True,Milieu (1500-4000),kitea_5880
Table Basse Gigogne Broklyn - Chêne,1595.0,2495.0,36.1,https://www.kitea.com/table-basse-gigogne-broklyn-chene.html,https://www.kitea.com/media/catalog/product/cache/c06d1bb5eedf825ac39d687cd7d5d37e/1/0/10092601541-1.png,kitea,Salon Et Sejour,2026-06-11 17:44:03,True,Milieu (1500-4000),kitea_5882
Bain De Soleil Sunny Life Single - Gris Fonce,1999.0,2999.0,33.3,https://www.kitea.com/bain-de-soleil-sunny-life-single-gris-fonce.html,https://www.kitea.com/media/catalog/product/cache/c06d1bb5eedf825ac39d687cd7d5d37e/1/9/192_cm_7_.jpg,kitea,Salon Et Sejour,2026-06-11 17:43:39,True,Milieu (1500-4000),kitea_5889
Bibliothèque 1 Porte Pesaro - Chêne / Gris,5595.0,6249.0,10.5,https://www.kitea.com/bibliotheque-1-porte-pesaro-chene-gris.html,https://www.kitea.com/media/catalog/product/cache/c06d1bb5eedf825ac39d687cd7d5d37e/b/i/bibliotheque_pesaro_shoot_de_face_ferme_2099901528575_g.jpg,kitea,Salon Et Sejour,2026-06-11 17:43:17,True,Premium (4000-10k),kitea_5895
Table Basse Hardy - Marron,1999.0,2495.0,19.9,https://www.kitea.com/table-basse-hardy-marron.html,https://www.kitea.com/media/catalog/product/cache/c06d1bb5eedf825ac39d687cd7d5d37e/1/0/10086751314-22.png,kitea,Salon Et Sejour,2026-06-11 17:45:49,True,Milieu (1500-4000),kitea_5899
Éclairage Led Lazio Carre Avec 1 Point Lumineux - Blanc,249.0,,0.0,https://www.kitea.com/eclairage-led-carre-avec-1-point-lumineux-blanc-chaud-blanc.html,https://www.kitea.com/media/catalog/product/cache/c06d1bb5eedf825ac39d687cd7d5d37e/t/r/transparent-ledlazio--.png,kitea,Salon Et Sejour,2026-06-11 17:46:41,False,Entrée (<500),kitea_5903
Canapé D'angle Dayzi,16995.0,,0.0,https://www.kitea.com/canape-d-angle-dayzi.html,https://www.kitea.com/media/catalog/product/cache/c06d1bb5eedf825ac39d687cd7d5d37e/1/0/10115271343-w2_1.png,kitea,Salon Et Sejour,2026-06-11 18:55:04,False,Luxe (>10k),kitea_5907
Grand Meuble Tv Black Duro- Chêne / Noir,2495.0,,0.0,https://www.kitea.com/grand-meuble-tv-black-duro-chene-noir.html,https://www.kitea.com/media/catalog/product/cache/c06d1bb5eedf825ac39d687cd7d5d37e/1/0/10104024674-4.jpg,kitea,Salon Et Sejour,2026-06-11 17:43:39,False,Milieu (1500-4000),kitea_5910
Fauteuil Venise- Bleu Paon,3595.0,4595.0,21.8,https://www.kitea.com/fauteuil-venise-bleu-paon.html,https://www.kitea.com/media/catalog/product/cache/c06d1bb5eedf825ac39d687cd7d5d37e/1/0/10084037333-11.png,kitea,Salon Et Sejour,2026-06-11 17:45:32,True,Milieu (1500-4000),kitea_5920
Table Basse Busan - Chêne,995.0,1695.0,41.3,https://www.kitea.com/table-basse-busan-chene.html,https://www.kitea.com/media/catalog/product/cache/c06d1bb5eedf825ac39d687cd7d5d37e/1/0/10092596541-2_1_.png,kitea,Salon Et Sejour,2026-06-11 17:44:03,True,Économique (500-1500),kitea_5924
Table Basse Bailey - Chêne Antique,995.0,,0.0,https://www.kitea.com/table-basse-bailey-chene-antique.html,https://www.kitea.com/media/catalog/product/cache/c06d1bb5eedf825ac39d687cd7d5d37e/1/0/10067745850base1.jpg,kitea,Salon Et Sejour,2026-06-11 17:46:17,False,Économique (500-1500),kitea_5926
Fauteuil Alba,1995.0,,0.0,https://www.kitea.com/fauteuil-alba.html,https://www.kitea.com/media/catalog/product/cache/c06d1bb5eedf825ac39d687cd7d5d37e/1/0/10080003113-1_2.jpg,kitea,Salon Et Sejour,2026-06-11 17:46:17,False,Milieu (1500-4000),kitea_5928
Vitrine 1 Porte Pesaro  - Chêne / Gris,4795.0,5499.0,12.8,https://www.kitea.com/vitrine-1-porte-pesaro-chene-gris.html,https://www.kitea.com/media/catalog/product/cache/c06d1bb5eedf825ac39d687cd7d5d37e/v/i/vitrine_1p_pesaro_shoot_de_face_ferme_2099901528582_g.jpg,kitea,Salon Et Sejour,2026-06-11 17:43:28,True,Premium (4000-10k),kitea_5933
Buffet Haut Infinito - Gris Anthracite / Marron,2995.0,4495.0,33.4,https://www.kitea.com/buffet-haut-infinito-gris-anthracite-marron.html,https://www.kitea.com/media/catalog/product/cache/c06d1bb5eedf825ac39d687cd7d5d37e/1/0/10087096192-2.png,kitea,Salon Et Sejour,2026-06-11 18:54:32,True,Milieu (1500-4000),kitea_5937
Table Coin Hardy - Marron,1995.0,2995.0,33.4,https://www.kitea.com/table-coin-hardy-marron.html,https://www.kitea.com/media/catalog/product/cache/c06d1bb5eedf825ac39d687cd7d5d37e/1/0/10086752314-6619_.png,kitea,Salon Et Sejour,2026-06-11 17:45:49,True,Milieu (1500-4000),kitea_5938
Bouteille De Transport Chat 85Cl - Blanc,49.0,79.0,38.0,https://www.kitea.com/bouteille-de-transport-chat-85cl-blanc.html,https://www.kitea.com/media/catalog/product/cache/c06d1bb5eedf825ac39d687cd7d5d37e/1/0/10076770285-1.png,kitea,Salon Et Sejour,2026-06-11 17:45:32,True,Entrée (<500),kitea_5961
Canapé D'Angle Gauche Soffice,10995.0,,0.0,https://www.kitea.com/canape-d-angle-gauche-soffice.html,https://www.kitea.com/media/catalog/product/cache/c06d1bb5eedf825ac39d687cd7d5d37e/1/0/10101514294-1_1.png,kitea,Salon Et Sejour,2026-06-11 17:46:41,False,Luxe (>10k),kitea_5972
Salon Forest 3+3+1 Avec Fonction Lit Et Rangement,18995.0,,0.0,https://www.kitea.com/salon-forest-3-3-1-avec-fonction-lit-et-rangement.html,https://www.kitea.com/media/catalog/product/cache/c06d1bb5eedf825ac39d687cd7d5d37e/1/0/10094559426-6619_3.png,kitea,Salon Et Sejour,2026-06-11 17:44:49,False,Luxe (>10k),kitea_5978
Miroir Bolzano,1695.0,2795.0,39.4,https://www.kitea.com/miroir-bolzano.html,https://www.kitea.com/media/catalog/product/cache/c06d1bb5eedf825ac39d687cd7d5d37e/1/0/10062557677_1.jpg,kitea,Salon Et Sejour,2026-06-11 17:46:27,True,Milieu (1500-4000),kitea_5982
Meuble Tv 3 Portes Vittoria - Blanc,3995.0,4695.0,14.9,https://www.kitea.com/meuble-tv-3-portes-vittoria-blanc.html,https://www.kitea.com/media/catalog/product/cache/c06d1bb5eedf825ac39d687cd7d5d37e/1/0/10094198596-yc_1_.png,kitea,Salon Et Sejour,2026-06-11 17:44:27,True,Milieu (1500-4000),kitea_5988
Lumière Led Pour Vitrine Lombardo 55Cm - Noir,539.0,895.0,39.8,https://www.kitea.com/lumiere-led-pour-vitrine-lombardo-55cm-noir.html,https://www.kitea.com/media/catalog/product/cache/c06d1bb5eedf825ac39d687cd7d5d37e/_/1/_1_0_10035584285_1_.jpg,kitea,Salon Et Sejour,2026-06-11 17:46:27,True,Économique (500-1500),kitea_5990
Salon New Parada Gauche - Taupe,14995.0,,0.0,https://www.kitea.com/salon-new-parada-gauche-taupe.html,https://www.kitea.com/media/catalog/product/cache/c06d1bb5eedf825ac39d687cd7d5d37e/1/0/10101488287-4.png,kitea,Salon Et Sejour,2026-06-11 17:44:03,False,Luxe (>10k),kitea_5992
Canape D'Angle Wilbur Reversible + Fonction Lit + Rangement,18995.0,,0.0,https://www.kitea.com/canape-d-angle-wilbur-reversible-fonction-lit-rangement.html,https://www.kitea.com/media/catalog/product/cache/c06d1bb5eedf825ac39d687cd7d5d37e/1/0/10096814314-b1_2.png,kitea,Salon Et Sejour,2026-06-11 17:44:27,False,Luxe (>10k),kitea_6002
Meuble Tv Pesaro 170Cm - Chêne / Gris,3995.0,4549.0,12.2,https://www.kitea.com/meuble-tv-pesaro-170cm-chene-gris.html,https://www.kitea.com/media/catalog/product/cache/c06d1bb5eedf825ac39d687cd7d5d37e/b/a/banc_tv_170_pesaro_shoot_de_face_ferme_2099901528506_g.jpg,kitea,Salon Et Sejour,2026-06-11 17:43:28,True,Milieu (1500-4000),kitea_6012
"Meuble Tv Attention 139,9Cm - Beige / Noir",1995.0,2999.0,33.5,https://www.kitea.com/meuble-tv-attention-beige-noir.html,https://www.kitea.com/media/catalog/product/cache/c06d1bb5eedf825ac39d687cd7d5d37e/a/t/at_0168_atnt231lb-m983_04.jpg,kitea,Salon Et Sejour,2026-06-11 17:46:41,True,Milieu (1500-4000),kitea_6016
Grand Meuble Tv Raw Rotatif - Beige / Noir,2990.0,3990.0,25.1,https://www.kitea.com/grand-meuble-tv-raw-rotatif-beige-noir.html,https://www.kitea.com/media/catalog/product/cache/c06d1bb5eedf825ac39d687cd7d5d37e/1/0/10091933674-2.png,kitea,Salon Et Sejour,2026-06-11 17:45:32,True,Milieu (1500-4000),kitea_6031
Unité Murale Hulon - Chêne / Blanc Brillant,3995.0,4495.0,11.1,https://www.kitea.com/unite-murale-hulon-chene-blanc-brillant.html,https://www.kitea.com/media/catalog/product/cache/c06d1bb5eedf825ac39d687cd7d5d37e/1/0/10061935287-p.jpg,kitea,Salon Et Sejour,2026-06-11 17:46:32,True,Milieu (1500-4000),kitea_6033
Canapé-Lit Ponza Avec Fonction Rangement,3995.0,,0.0,https://www.kitea.com/canape-lit-ponza-avec-fonction-rangement.html,https://www.kitea.com/media/catalog/product/cache/c06d1bb5eedf825ac39d687cd7d5d37e/p/o/ponza-3p-bg_10092470343_v2_2.jpg,kitea,Salon Et Sejour,2026-06-11 17:45:10,False,Milieu (1500-4000),kitea_6035
Bain De Soleil Sunny Life Single - Beige,1999.0,2999.0,33.3,https://www.kitea.com/bain-de-soleil-sunny-life-single-beige.html,https://www.kitea.com/media/catalog/product/cache/c06d1bb5eedf825ac39d687cd7d5d37e/1/0/10102454343-7.jpg,kitea,Salon Et Sejour,2026-06-11 17:46:41,True,Milieu (1500-4000),kitea_6046
Canapé D'Angle Gauche Selva,9995.0,,0.0,https://www.kitea.com/canape-d-angle-gauche-selva.html,https://www.kitea.com/media/catalog/product/cache/c06d1bb5eedf825ac39d687cd7d5d37e/1/0/10088220420-2_1.png,kitea,Salon Et Sejour,2026-06-11 17:45:49,False,Premium (4000-10k),kitea_6048
Canapé-Lit Basel Avec Fonction De Rangement,7995.0,,0.0,https://www.kitea.com/canape-lit-basel-avec-fonction-de-rangement.html,https://www.kitea.com/media/catalog/product/cache/c06d1bb5eedf825ac39d687cd7d5d37e/1/0/10094565343-8_1.png,kitea,Salon Et Sejour,2026-06-11 17:44:49,False,Premium (4000-10k),kitea_6054
Canapé River 2P -Bleu,5295.0,12995.0,59.3,https://www.kitea.com/canape-river-2p-bleu.html,https://www.kitea.com/media/catalog/product/cache/c06d1bb5eedf825ac39d687cd7d5d37e/1/0/10085437333-18.png,kitea,Salon Et Sejour,2026-06-11 17:45:49,True,Premium (4000-10k),kitea_6064
Meuble Tv Vodol - Beige / Noir,2390.0,3995.0,40.2,https://www.kitea.com/meuble-tv-vodol-beige-noir.html,https://www.kitea.com/media/catalog/product/cache/c06d1bb5eedf825ac39d687cd7d5d37e/1/0/10092419439-1.png,kitea,Salon Et Sejour,2026-06-11 17:46:46,True,Milieu (1500-4000),kitea_6079
Chaise Carpinus - Gris,1290.0,1495.0,13.7,https://www.kitea.com/chaise-carpinus-gris.html,https://www.kitea.com/media/catalog/product/cache/c06d1bb5eedf825ac39d687cd7d5d37e/1/0/10062759483-7.png,kitea,Salon Et Sejour,2026-06-11 17:46:22,True,Économique (500-1500),kitea_6093
Table Basse Tobago - Noir,1295.0,1595.0,18.8,https://www.kitea.com/table-basse-tobago-noir.html,https://www.kitea.com/media/catalog/product/cache/c06d1bb5eedf825ac39d687cd7d5d37e/1/0/10060589234_1.jpg,kitea,Salon Et Sejour,2026-06-11 17:46:56,True,Économique (500-1500),kitea_6106
Table Basse Insta  - Blanc Laqué,3395.0,4795.0,29.2,https://www.kitea.com/table-basse-insta-blanc-laque.html,https://www.kitea.com/media/catalog/product/cache/c06d1bb5eedf825ac39d687cd7d5d37e/1/0/10094624605-3.png,kitea,Salon Et Sejour,2026-06-11 17:44:27,True,Milieu (1500-4000),kitea_6111
Meuble Tv Lyon Avec Un Tiroir - Blanc / Chêne,2350.0,,0.0,https://www.kitea.com/meuble-tv-lyon-avec-un-tiroir-blanc-chene.html,https://www.kitea.com/media/catalog/product/cache/c06d1bb5eedf825ac39d687cd7d5d37e/_/1/_1_0_10039556316_1.jpg,kitea,Salon Et Sejour,2026-06-11 17:46:32,False,Milieu (1500-4000),kitea_6121
Chaise Mitzie - Gris,695.0,1699.0,59.1,https://www.kitea.com/chaise-mitzie-gris.html,https://www.kitea.com/media/catalog/product/cache/c06d1bb5eedf825ac39d687cd7d5d37e/1/0/10105767313-17.jpg,kitea,Salon Et Sejour,2026-06-11 17:46:41,True,Économique (500-1500),kitea_6123
Canapé-Lit 3 Places New Bowen,9995.0,,0.0,https://www.kitea.com/canape-lit-3-places-new-bowen.html,https://www.kitea.com/media/catalog/product/cache/c06d1bb5eedf825ac39d687cd7d5d37e/n/e/new_bowen-3p-terr_2__1_2.jpg,kitea,Salon Et Sejour,2026-06-11 17:44:49,False,Premium (4000-10k),kitea_6125
Table Basse Savona - Chêne,1195.0,1595.0,25.1,https://www.kitea.com/table-basse-savona-chene.html,https://www.kitea.com/media/catalog/product/cache/c06d1bb5eedf825ac39d687cd7d5d37e/1/0/10064224989.jpg,kitea,Salon Et Sejour,2026-06-11 17:46:22,True,Économique (500-1500),kitea_6127
Table Basse Lionte - Blanc,2259.0,2699.0,16.3,https://www.kitea.com/table-basse-lionte-blanc.html,https://www.kitea.com/media/catalog/product/cache/c06d1bb5eedf825ac39d687cd7d5d37e/1/0/10101421501-44.png,kitea,Salon Et Sejour,2026-06-11 17:43:50,True,Milieu (1500-4000),kitea_6133
Table Basse Norica 1 Tiroir - Noir / Doré,2499.0,,0.0,https://www.kitea.com/table-basse-norica-1-tiroir-noir-dore.html,https://www.kitea.com/media/catalog/product/cache/c06d1bb5eedf825ac39d687cd7d5d37e/n/o/norica_lazt01_r.jpg,kitea,Salon Et Sejour,2026-06-11 17:43:17,False,Milieu (1500-4000),kitea_6146
Fauteuil Donna - Jaune,1995.0,3995.0,50.1,https://www.kitea.com/fauteuil-donna-jaune.html,https://www.kitea.com/media/catalog/product/cache/c06d1bb5eedf825ac39d687cd7d5d37e/1/0/10094417337-3.png,kitea,Salon Et Sejour,2026-06-11 17:43:50,True,Milieu (1500-4000),kitea_6155
Living en bloc Anklam – Chêne / Blanc – 265 x 41 x 159 cm,2595.0,,0.0,https://www.kitea.com/living-en-bloc-anklam-chene-blanc-265-x-41-x-159-cm.html,https://www.kitea.com/media/catalog/product/cache/c06d1bb5eedf825ac39d687cd7d5d37e/d/e/design_sans_titre_44__1.png,kitea,Salon Et Sejour,2026-06-11 18:54:49,False,Milieu (1500-4000),kitea_6171
Lumière Led Meuble Tv Lombardo,299.0,395.0,24.3,https://www.kitea.com/lumiere-led-meuble-tv-lombardo.html,https://www.kitea.com/media/catalog/product/cache/c06d1bb5eedf825ac39d687cd7d5d37e/_/1/_1_0_10035582285-10035585285_1_.jpg,kitea,Salon Et Sejour,2026-06-11 17:46:27,True,Entrée (<500),kitea_6174
Table Basse Lombardo - Marron,695.0,995.0,30.2,https://www.kitea.com/table-basse-lombardo-marron.html,https://www.kitea.com/media/catalog/product/cache/c06d1bb5eedf825ac39d687cd7d5d37e/_/1/_1_0_10038892242-3.jpg,kitea,Salon Et Sejour,2026-06-11 17:47:00,True,Économique (500-1500),kitea_6176
Table Basse Saint Tropez Marron Et Blanc,1995.0,,0.0,https://www.kitea.com/table-basse-saint-tropez-marron-et-blanc.html,https://www.kitea.com/media/catalog/product/cache/c06d1bb5eedf825ac39d687cd7d5d37e/_/1/_1_0_10043282243-1.jpg,kitea,Salon Et Sejour,2026-06-11 17:46:37,False,Milieu (1500-4000),kitea_6183
Canapé D'Angle Droit Loft - Gris,13995.0,15995.0,12.5,https://www.kitea.com/canape-d-angle-droit-loft-gris.html,https://www.kitea.com/media/catalog/product/cache/c06d1bb5eedf825ac39d687cd7d5d37e/1/0/10093754313-9.png,kitea,Salon Et Sejour,2026-06-11 17:45:32,True,Luxe (>10k),kitea_6189
Meuble Tv Dama - Gris Foncé Brillant,2695.0,3495.0,22.9,https://www.kitea.com/meuble-tv-dama-gris-fonce-brillant.html,https://www.kitea.com/media/catalog/product/cache/c06d1bb5eedf825ac39d687cd7d5d37e/1/0/10094191375-yc_1_.png,kitea,Salon Et Sejour,2026-06-11 17:44:27,True,Milieu (1500-4000),kitea_6197
Table basse Majesty avec tiroir – 60 × 60 × 45 cm,2299.0,,0.0,https://www.kitea.com/table-basse-majesty-avec-tiroir-60-60-45-cm.html,https://www.kitea.com/media/catalog/product/cache/c06d1bb5eedf825ac39d687cd7d5d37e/d/e/design_sans_titre_46_.jpg,kitea,Salon Et Sejour,2026-06-11 18:54:49,False,Milieu (1500-4000),kitea_6206
"Meuble Tv Carpinus 180,2X48,8X47,7 Cm - Chêne",2395.0,2795.0,14.3,https://www.kitea.com/meuble-tv-carpinus-180-2x48-8x47-7-cm-chene.html,https://www.kitea.com/media/catalog/product/cache/c06d1bb5eedf825ac39d687cd7d5d37e/1/0/10062753541.jpg,kitea,Salon Et Sejour,2026-06-11 17:46:22,True,Milieu (1500-4000),kitea_6225
Table Ronde Soli 65X40Cm - Blanc / Noir,2995.0,4299.0,30.3,https://www.kitea.com/table-ronde-soli-blanc-noir.html,https://www.kitea.com/media/catalog/product/cache/c06d1bb5eedf825ac39d687cd7d5d37e/1/0/10105734319.jpg,kitea,Salon Et Sejour,2026-06-11 18:55:19,True,Milieu (1500-4000),kitea_6227
Chaise Pretty - Gris Foncé,1095.0,1795.0,39.0,https://www.kitea.com/chaise-pretty-gris-fonce-1.html,https://www.kitea.com/media/catalog/product/cache/c06d1bb5eedf825ac39d687cd7d5d37e/1/0/10095409420-8.jpg,kitea,Salon Et Sejour,2026-06-11 17:43:17,True,Économique (500-1500),kitea_6228
Buffet Infinito - Gris Anthracite / Marron,3495.0,4195.0,16.7,https://www.kitea.com/buffet-infinito-gris-anthracite-marron.html,https://www.kitea.com/media/catalog/product/cache/c06d1bb5eedf825ac39d687cd7d5d37e/1/0/10087094192-2.png,kitea,Salon Et Sejour,2026-06-11 17:46:50,True,Milieu (1500-4000),kitea_6232
Canapé-Lit Donna,3995.0,,0.0,https://www.kitea.com/canape-lit-donna.html,https://www.kitea.com/media/catalog/product/cache/c06d1bb5eedf825ac39d687cd7d5d37e/1/0/10094420343-base11.png,kitea,Salon Et Sejour,2026-06-11 18:54:32,False,Milieu (1500-4000),kitea_6246
Chaise Milu,649.0,,0.0,https://www.kitea.com/chaise-milu.html,https://www.kitea.com/media/catalog/product/cache/c06d1bb5eedf825ac39d687cd7d5d37e/1/0/10103709269-yyy_1.jpg,kitea,Salon Et Sejour,2026-06-11 18:55:19,False,Économique (500-1500),kitea_6250
Table Basse Bailey - Chêne,995.0,,0.0,https://www.kitea.com/table-basse-bailey-chene-beige-clair.html,https://www.kitea.com/media/catalog/product/cache/c06d1bb5eedf825ac39d687cd7d5d37e/_/1/_1_0_10029959541.jpg,kitea,Salon Et Sejour,2026-06-11 17:46:32,False,Économique (500-1500),kitea_6251
Canapé Moora - Gris Clair,12995.0,25995.0,50.0,https://www.kitea.com/canape-moora-gris-clair.html,https://www.kitea.com/media/catalog/product/cache/c06d1bb5eedf825ac39d687cd7d5d37e/1/0/10081855361-1.jpg,kitea,Salon Et Sejour,2026-06-11 17:46:17,True,Luxe (>10k),kitea_6261
Table De Coin Seoul Gigogne - Blanc / Argenté,595.0,995.0,40.2,https://www.kitea.com/table-de-coin-seoul-gigogne-blanc-argente.html,https://www.kitea.com/media/catalog/product/cache/c06d1bb5eedf825ac39d687cd7d5d37e/m/l/mlm-181541_room_shoot-1.jpg,kitea,Salon Et Sejour,2026-06-11 17:44:03,True,Économique (500-1500),kitea_6265
Table Basse Vigo Chêne/Blanc avec Plateau Coulissant – 149 × 50 × 40 cm,895.0,,0.0,https://www.kitea.com/table-basse-vigo-chene-blanc-avec-plateau-coulissant-149-50-40-cm.html,https://www.kitea.com/media/catalog/product/cache/c06d1bb5eedf825ac39d687cd7d5d37e/t/a/table_basse_a_plateau_coulissant_vigo.jpg,kitea,Salon Et Sejour,2026-06-11 18:54:49,False,Économique (500-1500),kitea_6267
Meuble Tv Tomy  155cm - Chêne / Blanc,599.0,899.0,33.4,https://www.kitea.com/meuble-tv-tomy-chene-blanc.html,https://www.kitea.com/media/catalog/product/cache/c06d1bb5eedf825ac39d687cd7d5d37e/1/0/10104039761_1_.png,kitea,Salon Et Sejour,2026-06-11 18:54:32,True,Économique (500-1500),kitea_6269
Table Basse Extensible Lea,2599.0,,0.0,https://www.kitea.com/table-basse-extensible-lea.html,https://www.kitea.com/media/catalog/product/cache/c06d1bb5eedf825ac39d687cd7d5d37e/1/0/10088769315-6_3.png,kitea,Salon Et Sejour,2026-06-11 17:45:32,False,Milieu (1500-4000),kitea_6275
Canapé D'Angle Gauche Infinity Avec Fonction Lit Et Rangement,15995.0,,0.0,https://www.kitea.com/canape-d-angle-gauche-infinity-avec-fonction-lit-et-rangement.html,https://www.kitea.com/media/catalog/product/cache/c06d1bb5eedf825ac39d687cd7d5d37e/1/0/10105632294-799_1.png,kitea,Salon Et Sejour,2026-06-11 17:43:28,False,Luxe (>10k),kitea_6282
Fauteuil Melanie,2595.0,,0.0,https://www.kitea.com/fauteuil-melanie-73-75-81-5-cm-anthracite-1.html,https://www.kitea.com/media/catalog/product/cache/c06d1bb5eedf825ac39d687cd7d5d37e/1/0/10108442375_7__2.png,kitea,Salon Et Sejour,2026-06-11 18:54:32,False,Milieu (1500-4000),kitea_6286
Grand Meuble Tv Carpinus - Chêne,2990.0,3795.0,21.2,https://www.kitea.com/grand-meuble-tv-carpinus-chene.html,https://www.kitea.com/media/catalog/product/cache/c06d1bb5eedf825ac39d687cd7d5d37e/1/0/10062752541.jpg,kitea,Salon Et Sejour,2026-06-11 17:46:22,True,Milieu (1500-4000),kitea_6289
Buffet Bas Oak Squere 2 Portes – Beige,2999.0,,0.0,https://www.kitea.com/buffet-oak-squere-105-3cm-beige.html,https://www.kitea.com/media/catalog/product/cache/c06d1bb5eedf825ac39d687cd7d5d37e/1/0/10106264246-5.png,kitea,Salon Et Sejour,2026-06-11 17:43:28,False,Milieu (1500-4000),kitea_6304
Table Basse Kinshasa Avec Niche - Blanc / Beige,2495.0,3495.0,28.6,https://www.kitea.com/table-basse-kinshasa-avec-niche-blanc-beige.html,https://www.kitea.com/media/catalog/product/cache/c06d1bb5eedf825ac39d687cd7d5d37e/1/0/10091143285-7.png,kitea,Salon Et Sejour,2026-06-11 17:45:10,True,Milieu (1500-4000),kitea_6306
Table Basse Tornado - Chêne,1295.0,1795.0,27.9,https://www.kitea.com/table-basse-tornado-chene.html,https://www.kitea.com/media/catalog/product/cache/c06d1bb5eedf825ac39d687cd7d5d37e/1/0/10092602541-1.png,kitea,Salon Et Sejour,2026-06-11 17:44:03,True,Économique (500-1500),kitea_6314
Canapé D'Angle Firenze Réversible,14995.0,,0.0,https://www.kitea.com/canape-d-angle-firenze-reversible.html,https://www.kitea.com/media/catalog/product/cache/c06d1bb5eedf825ac39d687cd7d5d37e/1/0/10088794343-1_2.png,kitea,Salon Et Sejour,2026-06-11 17:45:32,False,Luxe (>10k),kitea_6321
Meuble Tv Norica - Noir / Doré,4499.0,,0.0,https://www.kitea.com/meuble-tv-norica-noir-dore.html,https://www.kitea.com/media/catalog/product/cache/c06d1bb5eedf825ac39d687cd7d5d37e/n/o/norica_lazf01_r_1.jpg,kitea,Salon Et Sejour,2026-06-11 17:43:17,False,Premium (4000-10k),kitea_6323
Fauteuil Pivotant Washington - Jaune,2495.0,4795.0,48.0,https://www.kitea.com/fauteuil-pivotant-washington-jaune.html,https://www.kitea.com/media/catalog/product/cache/c06d1bb5eedf825ac39d687cd7d5d37e/1/0/10081307337-4.jpg,kitea,Salon Et Sejour,2026-06-11 17:46:56,True,Milieu (1500-4000),kitea_6335
Canapé D'Angle Holmes Réversible + 2 Poufs,14995.0,,0.0,https://www.kitea.com/canape-d-angle-holmes-reversible-2-poufs.html,https://www.kitea.com/media/catalog/product/cache/c06d1bb5eedf825ac39d687cd7d5d37e/1/0/10088790343-15_2.png,kitea,Salon Et Sejour,2026-06-11 17:45:32,False,Luxe (>10k),kitea_6343
Chaise Vertigo - Chêne,1950.0,2495.0,21.8,https://www.kitea.com/chaise-vertigo-chene.html,https://www.kitea.com/media/catalog/product/cache/c06d1bb5eedf825ac39d687cd7d5d37e/1/0/10062560541-base1.jpg,kitea,Salon Et Sejour,2026-06-11 17:46:17,True,Milieu (1500-4000),kitea_6358
Meuble Tv  Flemens - Taupe / Chêne,4195.0,4995.0,16.0,https://www.kitea.com/meuble-tv-flemens-taupe-chene.html,https://www.kitea.com/media/catalog/product/cache/c06d1bb5eedf825ac39d687cd7d5d37e/1/0/10062740904_1.jpg,kitea,Salon Et Sejour,2026-06-11 17:46:22,True,Premium (4000-10k),kitea_6364
Canapé D'Angle Orion Avec Fonction Relax,12995.0,,0.0,https://www.kitea.com/canape-d-angle-orion-avec-relax.html,https://www.kitea.com/media/catalog/product/cache/c06d1bb5eedf825ac39d687cd7d5d37e/1/0/10100823287-lo_1.png,kitea,Salon Et Sejour,2026-06-11 17:46:37,False,Luxe (>10k),kitea_6372
Meuble Tv Kinshasa Avec Niche - Beige,1995.0,2995.0,33.4,https://www.kitea.com/meuble-tv-kinshasa-avec-niche-beige.html,https://www.kitea.com/media/catalog/product/cache/c06d1bb5eedf825ac39d687cd7d5d37e/1/0/10091141285-1.png,kitea,Salon Et Sejour,2026-06-11 17:46:46,True,Milieu (1500-4000),kitea_6376
Chaise Adisa,1295.0,,0.0,https://www.kitea.com/chaise-adisa.html,https://www.kitea.com/media/catalog/product/cache/c06d1bb5eedf825ac39d687cd7d5d37e/c/h/ch-adisa-bg1246.jpg,kitea,Salon Et Sejour,2026-06-11 18:55:19,False,Économique (500-1500),kitea_6380
Meuble Tv Hardy - Marron,4795.0,5495.0,12.7,https://www.kitea.com/meuble-tv-hardy-marron.html,https://www.kitea.com/media/catalog/product/cache/c06d1bb5eedf825ac39d687cd7d5d37e/1/0/10086746314-swatch1.jpg,kitea,Salon Et Sejour,2026-06-11 17:45:49,True,Premium (4000-10k),kitea_6384
Table Basse Pesaro - Chêne / Gris,2895.0,3399.0,14.8,https://www.kitea.com/table-basse-pesaro-chene-gris.html,https://www.kitea.com/media/catalog/product/cache/c06d1bb5eedf825ac39d687cd7d5d37e/t/a/table_basse_pesaro_shoot_de_face_ferme_2099901528551_g.jpg,kitea,Salon Et Sejour,2026-06-11 17:43:17,True,Milieu (1500-4000),kitea_6398
Table Ronde Soli 45X45Cm - Blanc / Noir,1995.0,3299.0,39.5,https://www.kitea.com/table-ronde-soli-45x45cm-blanc-noir.html,https://www.kitea.com/media/catalog/product/cache/c06d1bb5eedf825ac39d687cd7d5d37e/1/0/10105734319_1.jpg,kitea,Salon Et Sejour,2026-06-11 18:55:19,True,Milieu (1500-4000),kitea_6400
Canapé River 3 Places,6995.0,,0.0,https://www.kitea.com/canape-river-3-places.html,https://www.kitea.com/media/catalog/product/cache/c06d1bb5eedf825ac39d687cd7d5d37e/1/0/10085433287-6-6.png,kitea,Salon Et Sejour,2026-06-11 17:45:49,False,Premium (4000-10k),kitea_6401
Chaise Kimmy,999.0,,0.0,https://www.kitea.com/chaise-kimmy.html,https://www.kitea.com/media/catalog/product/cache/c06d1bb5eedf825ac39d687cd7d5d37e/1/0/10105766313-11_1.png,kitea,Salon Et Sejour,2026-06-11 18:55:19,False,Économique (500-1500),kitea_6403
Canapé 3 Places Pezzaro,11995.0,,0.0,https://www.kitea.com/canape-3-places-pezzaro.html,https://www.kitea.com/media/catalog/product/cache/c06d1bb5eedf825ac39d687cd7d5d37e/1/0/10108502314-9_1.png,kitea,Salon Et Sejour,2026-06-11 18:55:04,False,Luxe (>10k),kitea_6406
Canapé-Lit New Fiji + Coffre Et 2 Coussins,2495.0,,0.0,https://www.kitea.com/canape-lit-new-fiji-coffre-et-2-coussins.html,https://www.kitea.com/media/catalog/product/cache/c06d1bb5eedf825ac39d687cd7d5d37e/1/0/10061097234_-_2022-09-30t152344.308_1.jpg,kitea,Salon Et Sejour,2026-06-11 17:46:04,False,Milieu (1500-4000),kitea_6407
Table Gigogne 3 Pièces Calcutta  - Gris / Noir,1995.0,3095.0,35.5,https://www.kitea.com/table-gigogne-3-pieces-calcutta-gris-noir.html,https://www.kitea.com/media/catalog/product/cache/c06d1bb5eedf825ac39d687cd7d5d37e/1/0/10092603214-4_1_.png,kitea,Salon Et Sejour,2026-06-11 17:44:03,True,Milieu (1500-4000),kitea_6413
Meuble Tv Mural Freedom - Noir / Marron,3995.0,6995.0,42.9,https://www.kitea.com/meuble-tv-mural-freedom-noir-marron.html,https://www.kitea.com/media/catalog/product/cache/c06d1bb5eedf825ac39d687cd7d5d37e/1/0/10094181674-1.png,kitea,Salon Et Sejour,2026-06-11 17:44:27,True,Milieu (1500-4000),kitea_6422
Table Basse Alcano Marron,1695.0,,0.0,https://www.kitea.com/table-basse-alcano-marron.html,https://www.kitea.com/media/catalog/product/cache/c06d1bb5eedf825ac39d687cd7d5d37e/_/a/_a_a_aa_2_2.jpg,kitea,Salon Et Sejour,2026-06-11 17:46:32,False,Milieu (1500-4000),kitea_6425
Bain De Soleil Sunny Life Double - Beige,3999.0,5999.0,33.3,https://www.kitea.com/bain-de-soleil-sunny-life-double-beige.html,https://www.kitea.com/media/catalog/product/cache/c06d1bb5eedf825ac39d687cd7d5d37e/1/0/10102452343-1.jpg,kitea,Salon Et Sejour,2026-06-11 17:46:41,True,Milieu (1500-4000),kitea_6437
Table Basse Extensible Belemir - Chêne Clair,1995.0,4995.0,60.1,https://www.kitea.com/table-basse-extensible-belemir-chene-clair.html,https://www.kitea.com/media/catalog/product/cache/c06d1bb5eedf825ac39d687cd7d5d37e/1/0/10080553541-3.jpg,kitea,Salon Et Sejour,2026-06-11 17:46:51,True,Milieu (1500-4000),kitea_6445
Salon New Parada Droit - Taupe,14995.0,,0.0,https://www.kitea.com/salon-new-parada-droit-taupe.html,https://www.kitea.com/media/catalog/product/cache/c06d1bb5eedf825ac39d687cd7d5d37e/1/0/10101487287-1.png,kitea,Salon Et Sejour,2026-06-11 17:44:03,False,Luxe (>10k),kitea_6456
Meuble TV Cut Out  195cm - Chêne Beige,2695.0,3295.0,18.2,https://www.kitea.com/meuble-tv-cut-out-195cm-chene-beige.html,https://www.kitea.com/media/catalog/product/cache/c06d1bb5eedf825ac39d687cd7d5d37e/1/0/10114704332-h3.png,kitea,Salon Et Sejour,2026-06-11 18:55:04,True,Milieu (1500-4000),kitea_6459
Chaise Simbra,2099.0,,0.0,https://www.kitea.com/chaise-simbra.html,https://www.kitea.com/media/catalog/product/cache/c06d1bb5eedf825ac39d687cd7d5d37e/1/0/10079968333-1_1.jpg,kitea,Salon Et Sejour,2026-06-11 17:46:04,False,Milieu (1500-4000),kitea_6460
Canapé D'angle Bellamo,15995.0,,0.0,https://www.kitea.com/canape-d-angle-bellamo.html,https://www.kitea.com/media/catalog/product/cache/c06d1bb5eedf825ac39d687cd7d5d37e/b/e/bellacmo-v1_1.png,kitea,Salon Et Sejour,2026-06-11 18:55:04,False,Luxe (>10k),kitea_6462
Meuble Tv Infinito - Gris Anthracite / Marron,2995.0,4495.0,33.4,https://www.kitea.com/meuble-tv-infinito-gris-anthracite-marron.html,https://www.kitea.com/media/catalog/product/cache/c06d1bb5eedf825ac39d687cd7d5d37e/1/0/10087095192-8.png,kitea,Salon Et Sejour,2026-06-11 18:54:32,True,Milieu (1500-4000),kitea_6463
Table Basse Sky - Marron,1995.0,2599.0,23.2,https://www.kitea.com/table-basse-sky-marron-noir.html,https://www.kitea.com/media/catalog/product/cache/c06d1bb5eedf825ac39d687cd7d5d37e/1/0/10104008332-2_1.jpg,kitea,Salon Et Sejour,2026-06-11 17:46:37,True,Milieu (1500-4000),kitea_6466
Canapé Riva Avec Fonction Lit Et Rangement,5495.0,,0.0,https://www.kitea.com/canape-riva-avec-fonction-lit-et-rangement.html,https://www.kitea.com/media/catalog/product/cache/c06d1bb5eedf825ac39d687cd7d5d37e/1/0/10094416343-2_1.png,kitea,Salon Et Sejour,2026-06-11 17:43:50,False,Premium (4000-10k),kitea_6478
Table Basse Rotative Trapp - Béton / Gris Clair,1599.0,2095.0,23.7,https://www.kitea.com/table-basse-rotative-trapp-beton-gris-clair.html,https://www.kitea.com/media/catalog/product/cache/c06d1bb5eedf825ac39d687cd7d5d37e/1/0/10067741827_2_.png,kitea,Salon Et Sejour,2026-06-11 17:46:17,True,Milieu (1500-4000),kitea_6482
Meuble Tv Lacetti Beige / Crème,3390.0,4490.0,24.5,https://www.kitea.com/meuble-tv-lacetti-beige-creme.html,https://www.kitea.com/media/catalog/product/cache/c06d1bb5eedf825ac39d687cd7d5d37e/1/0/10092423246-2.png,kitea,Salon Et Sejour,2026-06-11 17:45:10,True,Milieu (1500-4000),kitea_6484
Canapé D'Angle Santa Reversible,9995.0,,0.0,https://www.kitea.com/canape-d-angle-santa-reversible.html,https://www.kitea.com/media/catalog/product/cache/c06d1bb5eedf825ac39d687cd7d5d37e/c/a/canape_fond_blanc_n_2_0004_santa-bg_1_.jpg,kitea,Salon Et Sejour,2026-06-11 17:44:27,False,Premium (4000-10k),kitea_6486
Canapé D'Angle Droit Selva,9995.0,,0.0,https://www.kitea.com/canape-d-angle-droit-selva.html,https://www.kitea.com/media/catalog/product/cache/c06d1bb5eedf825ac39d687cd7d5d37e/5/_/5_8_1.png,kitea,Salon Et Sejour,2026-06-11 17:45:49,False,Premium (4000-10k),kitea_6493
Meuble Tv Dedelos - Marron / Beige,1699.0,,0.0,https://www.kitea.com/meuble-tv-dedelos-marron-beige.html,https://www.kitea.com/media/catalog/product/cache/c06d1bb5eedf825ac39d687cd7d5d37e/1/0/10104015332-2_1_.png,kitea,Salon Et Sejour,2026-06-11 17:43:39,False,Milieu (1500-4000),kitea_6499
Table Basse Pratico - Marron / Beige,1495.0,1995.0,25.1,https://www.kitea.com/table-basse-pratico-marron-beige.html,https://www.kitea.com/media/catalog/product/cache/c06d1bb5eedf825ac39d687cd7d5d37e/1/0/10104008332-r_c4.png,kitea,Salon Et Sejour,2026-06-11 17:43:17,True,Économique (500-1500),kitea_6513
Vitrine Attention - Beige / Noir,2995.0,5299.0,43.5,https://www.kitea.com/vitrine-attention-beige-noir.html,https://www.kitea.com/media/catalog/product/cache/c06d1bb5eedf825ac39d687cd7d5d37e/a/t/at_0072_atnv521b-m983_06.jpg,kitea,Salon Et Sejour,2026-06-11 17:43:17,True,Milieu (1500-4000),kitea_6517
Grand Meuble Tv Duro - Chêne Beige,2495.0,,0.0,https://www.kitea.com/grand-meuble-tv-duro-chene-blanc.html,https://www.kitea.com/media/catalog/product/cache/c06d1bb5eedf825ac39d687cd7d5d37e/_/1/_1_0_10028674343_11.jpg,kitea,Salon Et Sejour,2026-06-11 17:46:27,False,Milieu (1500-4000),kitea_6521
Table À Manger Infinito - Gris Anthracite / Marron,3895.0,4995.0,22.0,https://www.kitea.com/table-a-manger-infinito-gris-anthracite-marron.html,https://www.kitea.com/media/catalog/product/cache/c06d1bb5eedf825ac39d687cd7d5d37e/1/0/10087101192-base1.jpg,kitea,Salon Et Sejour,2026-06-11 18:54:32,True,Milieu (1500-4000),kitea_6523
Table Basse Savoy Chêne Marron Clair,1495.0,,0.0,https://www.kitea.com/table-basse-savoy-chene-marron-clair.html,https://www.kitea.com/media/catalog/product/cache/c06d1bb5eedf825ac39d687cd7d5d37e/_/1/_1_0_10044615756-2.jpg,kitea,Salon Et Sejour,2026-06-11 17:46:32,False,Économique (500-1500),kitea_6543
Table Basse Oak Squere - Beige,1299.0,,0.0,https://www.kitea.com/table-basse-oak-squere-beige.html,https://www.kitea.com/media/catalog/product/cache/c06d1bb5eedf825ac39d687cd7d5d37e/1/0/10106270281-2.png,kitea,Salon Et Sejour,2026-06-11 17:43:28,False,Économique (500-1500),kitea_6545
Canapé D'Angle Nova Avec Pouf,13995.0,,0.0,https://www.kitea.com/canape-d-angle-nova-avec-pouf.html,https://www.kitea.com/media/catalog/product/cache/c06d1bb5eedf825ac39d687cd7d5d37e/1/0/10094395361-1_1.jpg,kitea,Salon Et Sejour,2026-06-11 17:43:50,False,Luxe (>10k),kitea_6556
Canapé D'Angle Droit Napoli,17995.0,,0.0,https://www.kitea.com/canape-d-angle-droit-napoli.html,https://www.kitea.com/media/catalog/product/cache/c06d1bb5eedf825ac39d687cd7d5d37e/1/0/10107523287-1_1.jpg,kitea,Salon Et Sejour,2026-06-11 17:43:28,False,Luxe (>10k),kitea_6561
Canapé D'Angle Gauche Napoli,17995.0,,0.0,https://www.kitea.com/canape-d-angle-gauche-napoli.html,https://www.kitea.com/media/catalog/product/cache/c06d1bb5eedf825ac39d687cd7d5d37e/1/0/10107526287-80_1.png,kitea,Salon Et Sejour,2026-06-11 17:43:28,False,Luxe (>10k),kitea_6563
Table Basse Punk - Beige / Gris,1595.0,2195.0,27.3,https://www.kitea.com/table-basse-punk-beige-gris.html,https://www.kitea.com/media/catalog/product/cache/c06d1bb5eedf825ac39d687cd7d5d37e/_/1/_10066040607-3_0021_cftt5116-m481_06.jpg,kitea,Salon Et Sejour,2026-06-11 17:44:49,True,Milieu (1500-4000),kitea_6565
Meuble Tv Lazio 2 Portes + 1 Tiroir - Blanc / Doré,4699.0,,0.0,https://www.kitea.com/meuble-tv-lazio-2-portes-1-tiroir-blanc-dore.html,https://www.kitea.com/media/catalog/product/cache/c06d1bb5eedf825ac39d687cd7d5d37e/1/0/10105831699-9.jpg,kitea,Salon Et Sejour,2026-06-11 18:54:32,False,Premium (4000-10k),kitea_6571
Fauteuil Chloe Avec Fonction Lit,1695.0,,0.0,https://www.kitea.com/fauteuil-chloe-avec-fonction-lit.html,https://www.kitea.com/media/catalog/product/cache/c06d1bb5eedf825ac39d687cd7d5d37e/1/0/10094399314-2_-_copie_1.png,kitea,Salon Et Sejour,2026-06-11 17:43:50,False,Milieu (1500-4000),kitea_6574
Table Basse Flair - Blanc,1795.0,2995.0,40.1,https://www.kitea.com/table-basse-flair-blanc.html,https://www.kitea.com/media/catalog/product/cache/c06d1bb5eedf825ac39d687cd7d5d37e/1/0/10027655285-2.jpg,kitea,Salon Et Sejour,2026-06-11 17:46:56,True,Milieu (1500-4000),kitea_6578
Table Ronde Soli 65X43Cm – Noir / Bois,1795.0,2499.0,28.2,https://www.kitea.com/table-ronde-soli-noir1.html,https://www.kitea.com/media/catalog/product/cache/c06d1bb5eedf825ac39d687cd7d5d37e/1/0/10105739234.jpg,kitea,Salon Et Sejour,2026-06-11 18:55:19,True,Milieu (1500-4000),kitea_6580
Table Basse Ajustable Cortado - Marron,2295.0,4249.0,46.0,https://www.kitea.com/table-basse-ajustable-cortado-marron.html,https://www.kitea.com/media/catalog/product/cache/c06d1bb5eedf825ac39d687cd7d5d37e/1/0/10102831246.png,kitea,Salon Et Sejour,2026-06-11 17:43:39,True,Milieu (1500-4000),kitea_6581
Canapé Lit Réversible Avec Coffre Elza,8990.0,,0.0,https://www.kitea.com/canape-lit-reversible-avec-coffre-elza.html,https://www.kitea.com/media/catalog/product/cache/c06d1bb5eedf825ac39d687cd7d5d37e/_/1/_1_0_10047133313-4_1.jpg,kitea,Salon Et Sejour,2026-06-11 17:46:17,False,Premium (4000-10k),kitea_6587
Canape D'Angle Gauche Dressen Avec Accoudoir Inclinable,13995.0,,0.0,https://www.kitea.com/canape-d-angle-gauche-dressen-avec-accoudoir-inclinable.html,https://www.kitea.com/media/catalog/product/cache/c06d1bb5eedf825ac39d687cd7d5d37e/1/0/10096805343-1_1.png,kitea,Salon Et Sejour,2026-06-11 17:44:27,False,Luxe (>10k),kitea_6589
Canapé D'Angle Gauche Idylla,9995.0,,0.0,https://www.kitea.com/canape-d-angle-gauche-idylla.html,https://www.kitea.com/media/catalog/product/cache/c06d1bb5eedf825ac39d687cd7d5d37e/i/d/idylla-g-gr_10092626313_3__2.jpg,kitea,Salon Et Sejour,2026-06-11 17:45:10,False,Premium (4000-10k),kitea_6593
"Chaise Sachi gris clair – 47'×60×83,5 cm",599.0,,0.0,https://www.kitea.com/chaise-sachi-gris-clair-47-60-83-5-cm.html,https://www.kitea.com/media/catalog/product/cache/c06d1bb5eedf825ac39d687cd7d5d37e/d/e/design_sans_titre_-_2026-04-06t101943.812.jpg,kitea,Salon Et Sejour,2026-06-11 18:55:04,False,Économique (500-1500),kitea_6599
Table De Coin Flemens 45X45X51Cm - Taupe / Chêne,895.0,,0.0,https://www.kitea.com/table-de-coin-flemens-45x45x51cm-taupe-chene.html,https://www.kitea.com/media/catalog/product/cache/c06d1bb5eedf825ac39d687cd7d5d37e/1/0/10062746904.jpg,kitea,Salon Et Sejour,2026-06-11 17:46:22,False,Économique (500-1500),kitea_6602
Meuble Tv Lyon Avec 2 Tiroirs - Chêne / Blanc,2950.0,,0.0,https://www.kitea.com/meuble-tv-lyon-avec-2-tiroirs-chene-blanc.html,https://www.kitea.com/media/catalog/product/cache/c06d1bb5eedf825ac39d687cd7d5d37e/_/1/_1_0_10039555316_11.jpg,kitea,Salon Et Sejour,2026-06-11 17:46:32,False,Milieu (1500-4000),kitea_6606
Fauteuil Daniella - 76x76x81 cm,2995.0,,0.0,https://www.kitea.com/fauteuil-daniella-76-76-81-cm-creme-1.html,https://www.kitea.com/media/catalog/product/cache/c06d1bb5eedf825ac39d687cd7d5d37e/1/0/10108439890_3__1.png,kitea,Salon Et Sejour,2026-06-11 18:54:32,False,Milieu (1500-4000),kitea_6608
Fauteuil Mabelle,3795.0,,0.0,https://www.kitea.com/fauteuil-mabelle.html,https://www.kitea.com/media/catalog/product/cache/c06d1bb5eedf825ac39d687cd7d5d37e/1/0/10081842333-1_1.jpg,kitea,Salon Et Sejour,2026-06-11 18:54:32,False,Milieu (1500-4000),kitea_6611
Fauteuil Jaz,2795.0,,0.0,https://www.kitea.com/fauteuil-jaz.html,https://www.kitea.com/media/catalog/product/cache/c06d1bb5eedf825ac39d687cd7d5d37e/1/0/10080145234-14_3.png,kitea,Salon Et Sejour,2026-06-11 17:45:32,False,Milieu (1500-4000),kitea_6620
Chaise Megan,999.0,,0.0,https://www.kitea.com/chaise-megan.html,https://www.kitea.com/media/catalog/product/cache/c06d1bb5eedf825ac39d687cd7d5d37e/1/0/10103704249-4_1.png,kitea,Salon Et Sejour,2026-06-11 18:55:19,False,Économique (500-1500),kitea_6628
Bain De Soleil Heaven - Taupe,699.0,1799.0,61.1,https://www.kitea.com/bain-de-soleil-heaven-taupe-10102406287.html,https://www.kitea.com/media/catalog/product/cache/c06d1bb5eedf825ac39d687cd7d5d37e/5/_/5_35_1.jpg,kitea,Salon Et Sejour,2026-06-11 17:46:41,True,Économique (500-1500),kitea_6636
Table Coin  Mojo  - Marron,1495.0,2499.0,40.2,https://www.kitea.com/table-coin-mojo-marron.html,https://www.kitea.com/media/catalog/product/cache/c06d1bb5eedf825ac39d687cd7d5d37e/1/0/10086029242.png,kitea,Salon Et Sejour,2026-06-11 17:46:04,True,Économique (500-1500),kitea_6640
Table Basse Relevable NEW COSMIT,1795.0,,0.0,https://www.kitea.com/table-basse-relevable-new-cosmit.html,https://www.kitea.com/media/catalog/product/cache/c06d1bb5eedf825ac39d687cd7d5d37e/1/0/10115812332b.png,kitea,Salon Et Sejour,2026-06-11 18:54:32,False,Milieu (1500-4000),kitea_6654
Table À Manger Plissee Carrée Extensible - Chêne / Blanc,1995.0,7995.0,75.0,https://www.kitea.com/table-a-manger-plisse-carree-extensible-chene-blanc.html,https://www.kitea.com/media/catalog/product/cache/c06d1bb5eedf825ac39d687cd7d5d37e/1/0/10079810686-6.jpg,kitea,Salon Et Sejour,2026-06-11 18:54:32,True,Milieu (1500-4000),kitea_6655
Meuble Tv Basic 2 Portes 180Cm - Blanc Laqué Brillant,2595.0,3595.0,27.8,https://www.kitea.com/meuble-tv-basic-2-portes-180cm-blanc-laque-brillant.html,https://www.kitea.com/media/catalog/product/cache/c06d1bb5eedf825ac39d687cd7d5d37e/1/0/10094183596-5.png,kitea,Salon Et Sejour,2026-06-11 17:46:46,True,Milieu (1500-4000),kitea_6656
Table De Coin Marcella - Blanc / Marron,3495.0,4990.0,30.0,https://www.kitea.com/table-de-coin-marcella-blanc-marron.html,https://www.kitea.com/media/catalog/product/cache/c06d1bb5eedf825ac39d687cd7d5d37e/1/0/10088830243-77.png,kitea,Salon Et Sejour,2026-06-11 17:44:49,True,Milieu (1500-4000),kitea_6670
Table Basse Casia - Bronze,1799.0,3495.0,48.5,https://www.kitea.com/table-basse-casia-bronze.html,https://www.kitea.com/media/catalog/product/cache/c06d1bb5eedf825ac39d687cd7d5d37e/1/0/10063405320-1.jpg,kitea,Salon Et Sejour,2026-06-11 17:46:56,True,Milieu (1500-4000),kitea_6674
Table Basse Rotative Trapp,1299.0,,0.0,https://www.kitea.com/table-basse-rotative-trapp.html,https://www.kitea.com/media/catalog/product/cache/c06d1bb5eedf825ac39d687cd7d5d37e/1/0/10067742596-21_1.png,kitea,Salon Et Sejour,2026-06-11 17:45:49,False,Économique (500-1500),kitea_6687
Meuble Tv Insta  - Blanc / Chêne,4595.0,6595.0,30.3,https://www.kitea.com/meuble-tv-insta-blanc-chene.html,https://www.kitea.com/media/catalog/product/cache/c06d1bb5eedf825ac39d687cd7d5d37e/1/0/10094623605-1.png,kitea,Salon Et Sejour,2026-06-11 17:44:27,True,Premium (4000-10k),kitea_6702
Table Basse Wendy - Chêne Clair,1995.0,2495.0,20.0,https://www.kitea.com/table-basse-wendy-chene-clair.html,https://www.kitea.com/media/catalog/product/cache/c06d1bb5eedf825ac39d687cd7d5d37e/1/0/10097759764-8.png,kitea,Salon Et Sejour,2026-06-11 17:44:04,True,Milieu (1500-4000),kitea_6711
Canapé River 2P -Taupe,5295.0,12995.0,59.3,https://www.kitea.com/canape-river-2p-taupe.html,https://www.kitea.com/media/catalog/product/cache/c06d1bb5eedf825ac39d687cd7d5d37e/1/0/10085434287-90.png,kitea,Salon Et Sejour,2026-06-11 17:46:51,True,Premium (4000-10k),kitea_6726
Canapé Lit 3 Places Limra,4595.0,,0.0,https://www.kitea.com/canape-lit-3-places-limra.html,https://www.kitea.com/media/catalog/product/cache/c06d1bb5eedf825ac39d687cd7d5d37e/1/0/10065192313_3__2_2.jpg,kitea,Salon Et Sejour,2026-06-11 17:46:04,False,Premium (4000-10k),kitea_6732
Canapé D'Angle Gauche Oslo,12995.0,,0.0,https://www.kitea.com/canape-d-angle-gauche-oslo.html,https://www.kitea.com/media/catalog/product/cache/c06d1bb5eedf825ac39d687cd7d5d37e/1/0/10105031890-7_1.png,kitea,Salon Et Sejour,2026-06-11 17:43:39,False,Luxe (>10k),kitea_6736
Fauteuil Cazar,1895.0,,0.0,https://www.kitea.com/fauteuil-cazar.html,https://www.kitea.com/media/catalog/product/cache/c06d1bb5eedf825ac39d687cd7d5d37e/1/0/10033215234-2_1.jpg,kitea,Salon Et Sejour,2026-06-11 17:46:04,False,Milieu (1500-4000),kitea_6747
Table Basse Lewisville - Oak / Crème,1290.0,1990.0,35.2,https://www.kitea.com/table-basse-lewisville-beige-blanc.html,https://www.kitea.com/media/catalog/product/cache/c06d1bb5eedf825ac39d687cd7d5d37e/1/0/10092413217-crt.jpg,kitea,Salon Et Sejour,2026-06-11 17:45:10,True,Économique (500-1500),kitea_6749
Canapé-Lit Lucy,2295.0,,0.0,https://www.kitea.com/canape-lit-lucy.html,https://www.kitea.com/media/catalog/product/cache/c06d1bb5eedf825ac39d687cd7d5d37e/1/0/10094403313-1_1.png,kitea,Salon Et Sejour,2026-06-11 17:46:41,False,Milieu (1500-4000),kitea_6751
Grand Meuble Tv  Flemens - Taupe / Chêne,4995.0,5995.0,16.7,https://www.kitea.com/grand-meuble-tv-flemens-taupe-chene.html,https://www.kitea.com/media/catalog/product/cache/c06d1bb5eedf825ac39d687cd7d5d37e/1/0/10062739904.jpg,kitea,Salon Et Sejour,2026-06-11 17:46:22,True,Premium (4000-10k),kitea_6753
Table Basse Bailey - Vintage,995.0,,0.0,https://www.kitea.com/table-basse-bailey-vintage.html,https://www.kitea.com/media/catalog/product/cache/c06d1bb5eedf825ac39d687cd7d5d37e/1/0/10067744839_2_.jpg,kitea,Salon Et Sejour,2026-06-11 17:46:17,False,Économique (500-1500),kitea_6755
Fauteuil Fusion,2995.0,,0.0,https://www.kitea.com/fauteuil-fusion.html,https://www.kitea.com/media/catalog/product/cache/c06d1bb5eedf825ac39d687cd7d5d37e/1/0/10105262234-1_1.png,kitea,Salon Et Sejour,2026-06-11 17:43:39,False,Milieu (1500-4000),kitea_6757
Table Basse Black Duro Avec Plateau Relevable  - Chêne / Noir,1899.0,,0.0,https://www.kitea.com/table-basse-black-duro-avec-plateau-relevable-chene-noir.html,https://www.kitea.com/media/catalog/product/cache/c06d1bb5eedf825ac39d687cd7d5d37e/1/0/10104018674-7.jpg,kitea,Salon Et Sejour,2026-06-11 17:43:39,False,Milieu (1500-4000),kitea_6774
Canapé D'Angle Gauche Loft,13995.0,,0.0,https://www.kitea.com/canape-d-angle-gauche-loft.html,https://www.kitea.com/media/catalog/product/cache/c06d1bb5eedf825ac39d687cd7d5d37e/1/0/10093755343-80.png,kitea,Salon Et Sejour,2026-06-11 17:45:32,False,Luxe (>10k),kitea_6783
Canape-Lit Hygge,2895.0,,0.0,https://www.kitea.com/canape-lit-hygge.html,https://www.kitea.com/media/catalog/product/cache/c06d1bb5eedf825ac39d687cd7d5d37e/1/0/10094411785-tyyy.png,kitea,Salon Et Sejour,2026-06-11 17:44:03,False,Milieu (1500-4000),kitea_6791
Vitrine Gauche Attention - Beige / Noir,2595.0,4395.0,41.0,https://www.kitea.com/vitrine-gauche-attention-beige-noir.html,https://www.kitea.com/media/catalog/product/cache/c06d1bb5eedf825ac39d687cd7d5d37e/a/t/at_0056_atnv711lb-m983_06.jpg,kitea,Salon Et Sejour,2026-06-11 17:46:41,True,Milieu (1500-4000),kitea_6797
Eclairage Led Lazio Carre Avec 2 Points Lumineux Blanc Chaud - Blanc,349.0,,0.0,https://www.kitea.com/eclairage-led-carre-avec-2-point-lumineux-blanc-chaud-blanc.html,https://www.kitea.com/media/catalog/product/cache/c06d1bb5eedf825ac39d687cd7d5d37e/1/0/10108518315-base66.png,kitea,Salon Et Sejour,2026-06-11 17:43:17,False,Entrée (<500),kitea_6817
Table De Coin Busan - Chêne,795.0,1095.0,27.4,https://www.kitea.com/table-de-coin-busan-chene.html,https://www.kitea.com/media/catalog/product/cache/c06d1bb5eedf825ac39d687cd7d5d37e/1/0/10092597541-4_1_.png,kitea,Salon Et Sejour,2026-06-11 17:46:46,True,Économique (500-1500),kitea_6819
Table Basse Duro - Chêne Beige,1695.0,,0.0,https://www.kitea.com/table-basse-duro-chene-gris.html,https://www.kitea.com/media/catalog/product/cache/c06d1bb5eedf825ac39d687cd7d5d37e/p/e/petits_prix_36_.png,kitea,Salon Et Sejour,2026-06-11 17:46:32,False,Milieu (1500-4000),kitea_6825
Table De Coin Uranus  En Verre Noir,1195.0,1999.0,40.2,https://www.kitea.com/table-de-coin-uranus-en-verre-noir.html,https://www.kitea.com/media/catalog/product/cache/c06d1bb5eedf825ac39d687cd7d5d37e/_/1/_1_0_10048310234_6_1_.jpg,kitea,Salon Et Sejour,2026-06-11 17:46:27,True,Économique (500-1500),kitea_6827
Canapé D'Angle Droit Portimao,12495.0,,0.0,https://www.kitea.com/canape-d-angle-droit-portimao.html,https://www.kitea.com/media/catalog/product/cache/c06d1bb5eedf825ac39d687cd7d5d37e/p/o/portimao-d-grg_10092611440_2__2.jpg,kitea,Salon Et Sejour,2026-06-11 17:45:32,False,Luxe (>10k),kitea_6831
Relax À Bascule Calm Down Avec Pare-Soleil - Taupe,999.0,2599.0,61.6,https://www.kitea.com/relax-a-bascule-calm-down-avec-pare-soleil-taupe.html,https://www.kitea.com/media/catalog/product/cache/c06d1bb5eedf825ac39d687cd7d5d37e/1/0/10102353287-2.png,kitea,Salon Et Sejour,2026-06-11 17:43:39,True,Économique (500-1500),kitea_6835
Meuble Tv Saint Tropez Avec Led - Blanc,3495.0,,0.0,https://www.kitea.com/meuble-tv-saint-tropez-avec-led-blanc.html,https://www.kitea.com/media/catalog/product/cache/c06d1bb5eedf825ac39d687cd7d5d37e/_/1/_1_0_10043283243-12.jpg,kitea,Salon Et Sejour,2026-06-11 17:46:32,False,Milieu (1500-4000),kitea_6841
Table Ronde Soli 45X48Cm - Noir / Bois,1295.0,1699.0,23.8,https://www.kitea.com/table-ronde-soli-noir-bois.html,https://www.kitea.com/media/catalog/product/cache/c06d1bb5eedf825ac39d687cd7d5d37e/t/b/tb-soli-304-yyy.jpg,kitea,Salon Et Sejour,2026-06-11 18:55:19,True,Économique (500-1500),kitea_6843
Canapé D'Angle Gauche Hudson Avec Fonction Lit + Coffre,14995.0,,0.0,https://www.kitea.com/canape-d-angle-gauche-hudson-avec-fonction-lit-coffre.html,https://www.kitea.com/media/catalog/product/cache/c06d1bb5eedf825ac39d687cd7d5d37e/y/h/yh2410cb011-90x120_tpgauche1184-h-54063_134_1.jpg,kitea,Salon Et Sejour,2026-06-11 17:43:28,False,Luxe (>10k),kitea_6853
Chaise Kimmy - Bleu,999.0,,0.0,https://www.kitea.com/chaise-kimmy-bleu.html,https://www.kitea.com/media/catalog/product/cache/c06d1bb5eedf825ac39d687cd7d5d37e/1/0/10105765333-4.png,kitea,Salon Et Sejour,2026-06-11 18:55:19,False,Économique (500-1500),kitea_6871
Table Basse Lyon - Blanc / Chêne,1095.0,,0.0,https://www.kitea.com/table-basse-lyon-blanc-chene.html,https://www.kitea.com/media/catalog/product/cache/c06d1bb5eedf825ac39d687cd7d5d37e/_/1/_1_0_10039557316.jpg,kitea,Salon Et Sejour,2026-06-11 17:46:37,False,Économique (500-1500),kitea_6878
Table Ronde Soli 85X40Cm - Blanc / Noir,3695.0,5599.0,34.0,https://www.kitea.com/table-ronde-soli-85x40cm-blanc-noir.html,https://www.kitea.com/media/catalog/product/cache/c06d1bb5eedf825ac39d687cd7d5d37e/1/0/10105736319.jpg,kitea,Salon Et Sejour,2026-06-11 18:55:19,True,Milieu (1500-4000),kitea_6882
Table Basse Cardigan,1695.0,,0.0,https://www.kitea.com/table-basse-cardigan.html,https://www.kitea.com/media/catalog/product/cache/c06d1bb5eedf825ac39d687cd7d5d37e/1/0/10094598589-1_2.jpg,kitea,Salon Et Sejour,2026-06-11 17:44:49,False,Milieu (1500-4000),kitea_6883
Table Basse Shield - Beige / Gris,995.0,2195.0,54.7,https://www.kitea.com/table-basse-shield-beige-gris.html,https://www.kitea.com/media/catalog/product/cache/c06d1bb5eedf825ac39d687cd7d5d37e/_/1/_10066040607-3_0025_cftt5116-m329_06.jpg,kitea,Salon Et Sejour,2026-06-11 17:44:49,True,Économique (500-1500),kitea_6909
Set De 2 Tables Basses Louna - Gris,2490.0,2990.0,16.7,https://www.kitea.com/set-2-tables-basse-ronde-louna-gris-gris.html,https://www.kitea.com/media/catalog/product/cache/c06d1bb5eedf825ac39d687cd7d5d37e/1/0/10103702313-111.jpg,kitea,Salon Et Sejour,2026-06-11 17:46:41,True,Milieu (1500-4000),kitea_6911
Chaise Dara,1690.0,,0.0,https://www.kitea.com/chaise-dara.html,https://www.kitea.com/media/catalog/product/cache/c06d1bb5eedf825ac39d687cd7d5d37e/1/0/10103714343-7_1.jpg,kitea,Salon Et Sejour,2026-06-11 18:54:32,False,Milieu (1500-4000),kitea_6915
Canapé D'Angle New Natello Méridienne Droite,9995.0,,0.0,https://www.kitea.com/canape-d-angle-new-natello-meridienne-droite.html,https://www.kitea.com/media/catalog/product/cache/c06d1bb5eedf825ac39d687cd7d5d37e/1/0/10085622314-3_1.png,kitea,Salon Et Sejour,2026-06-11 17:46:04,False,Premium (4000-10k),kitea_6918
Unité Murale Pratico (Led En Option) - Marron / Beige,5995.0,7595.0,21.1,https://www.kitea.com/unite-murale-pratico-led-en-option-marron-beige.html,https://www.kitea.com/media/catalog/product/cache/c06d1bb5eedf825ac39d687cd7d5d37e/1/0/10104006332.jpg,kitea,Salon Et Sejour,2026-06-11 17:43:17,True,Premium (4000-10k),kitea_6924
Meuble Tv Pesaro 210Cm - Chêne / Gris,4595.0,5449.0,15.7,https://www.kitea.com/meuble-tv-pesaro-210cm-chene-gris.html,https://www.kitea.com/media/catalog/product/cache/c06d1bb5eedf825ac39d687cd7d5d37e/b/a/banc_tv_210_pesaro_shoot_de_face_ferme_2099901528513_d.jpg,kitea,Salon Et Sejour,2026-06-11 17:43:28,True,Premium (4000-10k),kitea_6928
Vitrine Droite Attention  - Beige / Noir,2295.0,3699.0,38.0,https://www.kitea.com/vitrine-droite-attention-beige-noir.html,https://www.kitea.com/media/catalog/product/cache/c06d1bb5eedf825ac39d687cd7d5d37e/a/t/at_0087_atnv511rb-m983_06.jpg,kitea,Salon Et Sejour,2026-06-11 17:46:41,True,Milieu (1500-4000),kitea_6933
Canapé D'Angle Droit Infinity Avec Fonction Lit Et Rangement,15995.0,,0.0,https://www.kitea.com/canape-d-angle-droit-infinity-avec-fonction-lit-et-rangement.html,https://www.kitea.com/media/catalog/product/cache/c06d1bb5eedf825ac39d687cd7d5d37e/y/h/yh2410cb011-90x120_1184-h-54063_-6_1_2_1.jpg,kitea,Salon Et Sejour,2026-06-11 17:43:28,False,Luxe (>10k),kitea_6950
Pouf New Natello,1995.0,,0.0,https://www.kitea.com/pouf-new-natello.html,https://www.kitea.com/media/catalog/product/cache/c06d1bb5eedf825ac39d687cd7d5d37e/1/0/10080435361-1_1.jpg,kitea,Salon Et Sejour,2026-06-11 17:45:49,False,Milieu (1500-4000),kitea_6959
Relax À Bascule Calm Down Avec Pare-Soleil - Gris Foncé,999.0,2599.0,61.6,https://www.kitea.com/relax-a-bascule-avec-pare-soleil-gris-fonce.html,https://www.kitea.com/media/catalog/product/cache/c06d1bb5eedf825ac39d687cd7d5d37e/1/0/10102352420-2.png,kitea,Salon Et Sejour,2026-06-11 17:43:39,True,Économique (500-1500),kitea_6965
Chaise Relax + Repose Pieds Alicia - Vert,1499.0,3299.0,54.6,https://www.kitea.com/chaise-relax-repose-pieds-alicia-vert.html,https://www.kitea.com/media/catalog/product/cache/c06d1bb5eedf825ac39d687cd7d5d37e/1/0/10092531294-3.png,kitea,Salon Et Sejour,2026-06-11 17:46:50,True,Économique (500-1500),kitea_6972
Bain De Soleil Heaven - Turquoise,699.0,1799.0,61.1,https://www.kitea.com/bain-de-soleil-heaven-turquoise.html,https://www.kitea.com/media/catalog/product/cache/c06d1bb5eedf825ac39d687cd7d5d37e/1/0/10102404115-9.jpg,kitea,Salon Et Sejour,2026-06-11 17:43:28,True,Économique (500-1500),kitea_6978
Meuble Tv Roald,1899.0,,0.0,https://www.kitea.com/meuble-tv-roald.html,https://www.kitea.com/media/catalog/product/cache/c06d1bb5eedf825ac39d687cd7d5d37e/1/0/10103731451_1__1.png,kitea,Salon Et Sejour,2026-06-11 17:46:41,False,Milieu (1500-4000),kitea_6995
Table Basse Cut Out - Chêne Beige,1495.0,1795.0,16.7,https://www.kitea.com/table-basse-cut-out-chene-beige.html,https://www.kitea.com/media/catalog/product/cache/c06d1bb5eedf825ac39d687cd7d5d37e/1/0/10114710332-y.png,kitea,Salon Et Sejour,2026-06-11 18:55:04,True,Économique (500-1500),kitea_6999
Canapé New Natello 2 Places,8990.0,,0.0,https://www.kitea.com/canape-new-natello-2-places.html,https://www.kitea.com/media/catalog/product/cache/c06d1bb5eedf825ac39d687cd7d5d37e/1/0/10080433361-base1_1.jpg,kitea,Salon Et Sejour,2026-06-11 17:44:27,False,Premium (4000-10k),kitea_7006
Unité Murale Zumba Chêne -  Gris Clair / Blanc,4599.0,4995.0,7.9,https://www.kitea.com/unite-murale-zumba-chene-gris-clair-blanc.html,https://www.kitea.com/media/catalog/product/cache/c06d1bb5eedf825ac39d687cd7d5d37e/_/1/_1_0_10044614757.jpg,kitea,Salon Et Sejour,2026-06-11 17:46:32,True,Premium (4000-10k),kitea_7008
Fauteuil Donna,1995.0,,0.0,https://www.kitea.com/fauteuil-donna.html,https://www.kitea.com/media/catalog/product/cache/c06d1bb5eedf825ac39d687cd7d5d37e/1/0/10094417337-3_1.png,kitea,Salon Et Sejour,2026-06-11 17:43:50,False,Milieu (1500-4000),kitea_7012
Tables Gigogne En Verre Trempé - Noir,1395.0,1795.0,22.3,https://www.kitea.com/tables-gigogne-en-verre-trempe-noir.html,https://www.kitea.com/media/catalog/product/cache/c06d1bb5eedf825ac39d687cd7d5d37e/_/1/_1_0_10048060234.jpg,kitea,Salon Et Sejour,2026-06-11 17:47:00,True,Économique (500-1500),kitea_7045
Petit Meuble Tv Lionte - Blanc,2999.0,3699.0,18.9,https://www.kitea.com/petit-meuble-tv-lionte-blanc.html,https://www.kitea.com/media/catalog/product/cache/c06d1bb5eedf825ac39d687cd7d5d37e/1/0/10101426315-b1.png,kitea,Salon Et Sejour,2026-06-11 17:43:50,True,Milieu (1500-4000),kitea_7050
Meuble TV Seravel – Chêne/Crème – 2 portes / 2 niches – 159 x 42 x 52 cm,1995.0,,0.0,https://www.kitea.com/meuble-tv-seravel-chene-creme-2-portes-2-niches-159-x-42-x-52-cm.html,https://www.kitea.com/media/catalog/product/cache/c06d1bb5eedf825ac39d687cd7d5d37e/d/e/design_sans_titre_-_2026-04-28t113227.269.jpg,kitea,Salon Et Sejour,2026-06-11 18:54:49,False,Milieu (1500-4000),kitea_7057
Canape D'Angle Gui Modulable,16995.0,,0.0,https://www.kitea.com/canape-d-angle-gui-modulable.html,https://www.kitea.com/media/catalog/product/cache/c06d1bb5eedf825ac39d687cd7d5d37e/1/0/10096816343-1_2.png,kitea,Salon Et Sejour,2026-06-11 17:44:27,False,Luxe (>10k),kitea_7061
Vitrine 3 Portes Pesaro - Chêne / Gris,5995.0,6999.0,14.3,https://www.kitea.com/vitrine-3-portes-pesaro-chene-gris.html,https://www.kitea.com/media/catalog/product/cache/c06d1bb5eedf825ac39d687cd7d5d37e/v/i/virine_3p_pesaro_shoot_de_face_ferme_2099901528537_g.jpg,kitea,Salon Et Sejour,2026-06-11 17:43:28,True,Premium (4000-10k),kitea_7068
Fauteuil Pezzaro - Beige,3995.0,,0.0,https://www.kitea.com/fauteuil-pezzaro-beige.html,https://www.kitea.com/media/catalog/product/cache/c06d1bb5eedf825ac39d687cd7d5d37e/1/0/10108506287-bvn_1_.png,kitea,Salon Et Sejour,2026-06-11 17:46:37,False,Milieu (1500-4000),kitea_7081
Fauteuil Donna - Beige,1995.0,3995.0,50.1,https://www.kitea.com/fauteuil-donna-beige.html,https://www.kitea.com/media/catalog/product/cache/c06d1bb5eedf825ac39d687cd7d5d37e/1/0/10094418343-1.png,kitea,Salon Et Sejour,2026-06-11 17:43:50,True,Milieu (1500-4000),kitea_7085
Unité Murale Juleda  - Sonoma / Blanc,2995.0,3995.0,25.0,https://www.kitea.com/unite-murale-juleda-sonoma-blanc.html,https://www.kitea.com/media/catalog/product/cache/c06d1bb5eedf825ac39d687cd7d5d37e/1/0/10064217939_1.jpg,kitea,Salon Et Sejour,2026-06-11 17:46:22,True,Milieu (1500-4000),kitea_7088
Console Mojo - Marron,1895.0,2599.0,27.1,https://www.kitea.com/console-mojo-marron.html,https://www.kitea.com/media/catalog/product/cache/c06d1bb5eedf825ac39d687cd7d5d37e/1/0/10086030242_2_.png,kitea,Salon Et Sejour,2026-06-11 17:46:04,True,Milieu (1500-4000),kitea_7092
Canapé-Lit Scandy,1995.0,,0.0,https://www.kitea.com/canape-lit-scandy.html,https://www.kitea.com/media/catalog/product/cache/c06d1bb5eedf825ac39d687cd7d5d37e/c/a/canape_fond_blanc_n_2_0001_scandy-bg_2__1.jpg,kitea,Salon Et Sejour,2026-06-11 17:44:27,False,Milieu (1500-4000),kitea_7099
Table De Coin  Heaven Verre Transparent Argent,1395.0,1995.0,30.1,https://www.kitea.com/table-de-coin-heaven-verre-transparent-argent.html,https://www.kitea.com/media/catalog/product/cache/c06d1bb5eedf825ac39d687cd7d5d37e/_/1/_1_0_10033179285.jpg,kitea,Salon Et Sejour,2026-06-11 17:46:37,True,Économique (500-1500),kitea_7112
Fauteuil À Bascule Emilia - Gris Clair,1595.0,3595.0,55.6,https://www.kitea.com/fauteuil-a-bascule-emilia-gris-clair.html,https://www.kitea.com/media/catalog/product/cache/c06d1bb5eedf825ac39d687cd7d5d37e/d/e/design_sans_titre_-_2026-04-04t011944.546_1.jpg,kitea,Salon Et Sejour,2026-06-11 17:46:17,True,Milieu (1500-4000),kitea_7115
Canapé D'Angle Droit Oslo,12995.0,,0.0,https://www.kitea.com/canape-d-angle-droit-oslo.html,https://www.kitea.com/media/catalog/product/cache/c06d1bb5eedf825ac39d687cd7d5d37e/1/0/10105030890-1_1.png,kitea,Salon Et Sejour,2026-06-11 17:43:39,False,Luxe (>10k),kitea_7117
Canapé D'Angle Droit Soffice,10995.0,,0.0,https://www.kitea.com/canape-d-angle-droit-soffice.html,https://www.kitea.com/media/catalog/product/cache/c06d1bb5eedf825ac39d687cd7d5d37e/1/0/10101513294-8_1.png,kitea,Salon Et Sejour,2026-06-11 17:43:50,False,Luxe (>10k),kitea_7119
